source_file,run_id,hardware,provider,agent_count,state_width,action_count,observation_horizon,mode,threads,observations,wall_ms_mean,wall_ms_std,wall_ms_median,wall_ms_min,wall_ms_max,device_ms_median,compile_first_call_ms,ns_per_agent_step_median,shape_valid,action_match,max_state_abs_error,max_state_rel_error,max_budget_abs_error,execution_error_rows,wall_ms_cv,cpu8_wall_ms_median,cpu8_wall_ms_cv,cpu_compile_first_call_ms,best_cpu_wall_ms_median,best_cpu_wall_ms_cv,best_cpu_threads,speedup_vs_cpu8,speedup_vs_best_cpu,steady_state_saved_ms,extra_compile_ms_vs_cpu,break_even_rollouts,break_even_agent_steps,steady_state_saved_ms_best_cpu,break_even_rollouts_best_cpu,stable_under_10pct_cv,speedup_bootstrap_ci_low,speedup_bootstrap_ci_high,speedup_vs_best_cpu_bootstrap_ci_low,speedup_vs_best_cpu_bootstrap_ci_high
pilot-003-local-compiler-matched-20260811T154807Z.csv,20260811T154807Z,NVIDIA GeForce GTX 1660 Ti,local,256,8,1,1,compiled-gpu-host-visible,,9,6.414298444444444,0.11801586528101977,6.363446,6.287595,6.633939,6.337887763977051,570.182275,388.3939208984375,True,True,6.437301635742188e-06,4.720264314528322e-06,0.0,0,0.018398873439266883,5.37775,1.6003304826423992,665.888433,4.289429,0.016188602877076547,1.0,0.8451002805712502,0.6740732929925076,-0.9856959999999999,0.0,,,-2.0740169999999996,,True,0.7533955323306489,8.738421955535863,0.6573931662757087,0.6832206198683255
pilot-003-local-compiler-matched-20260811T154807Z.csv,20260811T154807Z,NVIDIA GeForce GTX 1660 Ti,local,256,8,1,1,compiled-gpu-resident,,9,4.816938555555556,0.14216122248182797,4.824856,4.6457,5.067294,4.7909440994262695,570.182275,294.48583984375,True,True,6.437301635742188e-06,4.720264314528322e-06,0.0,0,0.02951277473071939,5.37775,1.6003304826423992,665.888433,4.289429,0.016188602877076547,1.0,1.1145928500249542,0.8890273616456119,0.5528940000000002,0.0,0.0,0.0,-0.5354269999999994,,True,0.9951233342437746,11.496379111828873,0.8699212408139964,0.9226630179700175
pilot-003-local-compiler-matched-20260811T154807Z.csv,20260811T154807Z,NVIDIA GeForce GTX 1660 Ti,local,256,8,1,64,compiled-gpu-host-visible,,9,0.18454222222222222,0.0024567397490260186,0.183985,0.181857,0.189715,0.1595200002193451,9553.523291,11.22955322265625,True,True,6.437301635742188e-06,4.720264314528322e-06,0.0,0,0.013312616047657969,0.573973,0.6992800383701538,13606.781312,0.523638,0.007612805335515789,1.0,3.1196727994129954,2.8460907139168956,0.38998799999999995,0.0,0.0,0.0,0.33965300000000004,0.0,True,3.074586580294819,4.357879418105203,2.7994580380335443,2.86787772830333
pilot-003-local-compiler-matched-20260811T154807Z.csv,20260811T154807Z,NVIDIA GeForce GTX 1660 Ti,local,256,8,1,64,compiled-gpu-resident,,9,0.16336711111111113,0.015279414913900044,0.158001,0.155418,0.203505,0.1341439932584762,9553.523291,9.64361572265625,True,True,6.437301635742188e-06,4.720264314528322e-06,0.0,0,0.09352809638353726,0.573973,0.6992800383701538,13606.781312,0.523638,0.007612805335515789,1.0,3.6327175144461106,3.3141435813697386,0.41597199999999995,0.0,0.0,0.0,0.36563700000000005,0.0,True,3.5231692691913015,4.9610795840906,3.205222358221134,3.351632389265009
pilot-003-local-compiler-matched-20260811T154807Z.csv,20260811T154807Z,NVIDIA GeForce GTX 1660 Ti,local,256,8,8,1,compiled-gpu-host-visible,,9,6.463208666666667,0.07643247162692046,6.465656,6.357585,6.627322,6.439295768737793,693.70165,394.63232421875,True,True,8.58306884765625e-06,5.210038580116816e-06,0.0,0,0.01182577811870953,4.802966,0.19941998301998867,785.217778,4.649187,0.03142552296956622,1.0,0.742842798936411,0.7190588240388911,-1.6626900000000004,0.0,,,-1.8164689999999997,,True,0.7246285572914711,1.0454035582534076,0.7078341827133054,0.753226427803535
pilot-003-local-compiler-matched-20260811T154807Z.csv,20260811T154807Z,NVIDIA GeForce GTX 1660 Ti,local,256,8,8,1,compiled-gpu-resident,,9,5.190312222222222,0.24157216160020292,5.062823,4.927787,5.659936,5.027775764465332,693.70165,309.0101928710937,True,True,8.58306884765625e-06,5.210038580116816e-06,0.0,0,0.046542895929442614,4.802966,0.19941998301998867,785.217778,4.649187,0.03142552296956622,1.0,0.9486734969798469,0.9182993361608732,-0.2598570000000002,0.0,,,-0.41363599999999945,,True,0.8903719231090554,1.2845173809686559,0.8570748475391444,0.9574277701966875
pilot-003-local-compiler-matched-20260811T154807Z.csv,20260811T154807Z,NVIDIA GeForce GTX 1660 Ti,local,256,8,8,64,compiled-gpu-host-visible,,9,0.2065041111111111,0.021081568391870455,0.196576,0.192238,0.247989,0.1705600023269653,14613.464779,11.998046875,True,True,8.58306884765625e-06,5.091628736408893e-06,0.0,0,0.10208788715362357,0.616881,0.49611178234283043,13207.444301,0.603298,0.009927490613833502,1.0,3.1381297818655383,3.0690318248412827,0.42030500000000004,1406.0204780000004,3345.238524404897,54808387.98384983,0.40672200000000003,3456.957032075964,False,2.605449419289682,6.278702914179666,2.546355832351456,3.1319731271285574
pilot-003-local-compiler-matched-20260811T154807Z.csv,20260811T154807Z,NVIDIA GeForce GTX 1660 Ti,local,256,8,8,64,compiled-gpu-resident,,9,0.16015866666666667,0.0027674807587406997,0.159478,0.156806,0.165398,0.1358080059289932,14613.464779,9.7337646484375,True,True,8.58306884765625e-06,5.091628736408893e-06,0.0,0,0.017279619119835537,0.616881,0.49611178234283043,13207.444301,0.603298,0.009927490613833502,1.0,3.8681260111112503,3.782954388693111,0.457403,1406.0204780000004,3073.9205427161614,50363114.17186159,0.44382,3167.997111441576,True,3.7833185664965936,7.840218712029161,3.6975100058048946,3.82196217806933
pilot-003-local-compiler-matched-20260811T154807Z.csv,20260811T154807Z,NVIDIA GeForce GTX 1660 Ti,local,256,32,1,1,compiled-gpu-host-visible,,9,6.434056666666667,0.01849637950383781,6.435037,6.406799,6.461625,6.406464099884033,601.256822,392.7634887695313,True,True,8.58306884765625e-06,4.98989084007917e-06,0.0,0,0.002874761672470682,4.895193,0.10028625832240731,690.516917,4.5247,0.003820211568314497,1.0,0.7607093789825916,0.7031350402491858,-1.5398440000000004,0.0,,,-1.9103370000000002,,True,0.7567498174989908,0.8798437646076613,0.7012233866143465,0.7059491599076608
pilot-003-local-compiler-matched-20260811T154807Z.csv,20260811T154807Z,NVIDIA GeForce GTX 1660 Ti,local,256,32,1,1,compiled-gpu-resident,,9,4.839616555555555,0.08905818240918562,4.801875,4.771761,5.048013,4.774784088134766,601.256822,293.08319091796875,True,True,8.58306884765625e-06,4.98989084007917e-06,0.0,0,0.018401908784891813,4.895193,0.10028625832240731,690.516917,4.5247,0.003820211568314497,1.0,1.0194336587270598,0.9422777560848627,0.09331800000000001,0.0,0.0,0.0,-0.2771749999999997,,True,1.009397865355931,1.1792486624142837,0.9216129755365337,0.945098955810509
pilot-003-local-compiler-matched-20260811T154807Z.csv,20260811T154807Z,NVIDIA GeForce GTX 1660 Ti,local,256,32,1,64,compiled-gpu-host-visible,,9,0.18164266666666667,0.0037515811666549307,0.179961,0.176809,0.187736,0.1560959964990615,10024.460586,10.98394775390625,True,True,8.58306884765625e-06,4.98989084007917e-06,0.0,0,0.020653634058012786,0.609756,0.009638821105449072,13300.00005,0.583687,0.00675310944318378,1.0,3.388267457949222,3.2434082940192592,0.4297949999999999,0.0,0.0,0.0,0.4037259999999999,0.0,True,3.272171501338168,3.4415473499120823,3.1449394895016307,3.277518211504647
pilot-003-local-compiler-matched-20260811T154807Z.csv,20260811T154807Z,NVIDIA GeForce GTX 1660 Ti,local,256,32,1,64,compiled-gpu-resident,,9,0.15749455555555555,0.005289330229601647,0.155288,0.153291,0.169601,0.1321599930524826,10024.460586,9.47802734375,True,True,8.58306884765625e-06,4.98989084007917e-06,0.0,0,0.03358421001249061,0.609756,0.009638821105449072,13300.00005,0.583687,0.00675310944318378,1.0,3.9266137756941935,3.758738601823708,0.454468,0.0,0.0,0.0,0.428399,0.0,True,3.7843142149307005,4.002967262926706,3.6341834792539016,3.8106005144119575
pilot-003-local-compiler-matched-20260811T154807Z.csv,20260811T154807Z,NVIDIA GeForce GTX 1660 Ti,local,256,32,8,1,compiled-gpu-host-visible,,9,6.641501666666667,0.08946634967684775,6.632573,6.509309,6.756277,6.606336116790772,809.223131,404.8201293945313,True,True,8.106231689453125e-06,5.059569048171397e-06,0.0,0,0.013470801358956884,4.8666,0.06648542407278261,661.24579,4.809196,0.0036302007846543546,1.0,0.733742395296667,0.7250875339027554,-1.7659729999999998,147.9773409999999,,,-1.8233769999999998,,True,0.7095690912434273,0.75394698837745,0.7151192907251247,0.7357804852379012
pilot-003-local-compiler-matched-20260811T154807Z.csv,20260811T154807Z,NVIDIA GeForce GTX 1660 Ti,local,256,32,8,1,compiled-gpu-resident,,9,4.911483555555555,0.02331150626359838,4.912975,4.875221,4.943184,4.880320072174072,809.223131,299.8641967773437,True,True,8.106231689453125e-06,5.059569048171397e-06,0.0,0,0.0047463268480721875,4.8666,0.06648542407278261,661.24579,4.809196,0.0036302007846543546,1.0,0.9905607091426274,0.9788765462881451,-0.04637500000000028,147.9773409999999,,,-0.10377900000000029,,True,0.9656735481047632,1.027028290335397,0.9739153609091289,0.9843615618954763
pilot-003-local-compiler-matched-20260811T154807Z.csv,20260811T154807Z,NVIDIA GeForce GTX 1660 Ti,local,256,32,8,64,compiled-gpu-host-visible,,9,0.19279666666666667,0.007674184679821042,0.190006,0.18776,0.211973,0.1652480065822601,18592.664406,11.5970458984375,True,True,7.867813110351562e-06,4.947134129906772e-06,0.0,0,0.03980455063099833,0.640023,0.016574451798495638,17248.722439,0.640023,0.016574451798495638,8.0,3.368435733608412,3.368435733608412,0.450017,1343.9419669999988,2986.424883948826,48929585.298617564,0.450017,2986.424883948826,True,3.2728768018961416,3.424965181058496,3.2728768018961416,3.424965181058496
pilot-003-local-compiler-matched-20260811T154807Z.csv,20260811T154807Z,NVIDIA GeForce GTX 1660 Ti,local,256,32,8,64,compiled-gpu-resident,,9,0.17128844444444444,0.0390603902985848,0.157287,0.154575,0.274878,0.1332480013370514,18592.664406,9.60003662109375,True,True,7.867813110351562e-06,4.947134129906772e-06,0.0,0,0.2280386772457007,0.640023,0.016574451798495638,17248.722439,0.640023,0.016574451798495638,8.0,4.069141124186996,4.069141124186996,0.482736,1343.9419669999988,2784.010239551222,45613223.764807224,0.482736,2784.010239551222,False,3.851417717105777,4.151510113250501,3.851417717105777,4.151510113250501
pilot-003-local-compiler-matched-20260811T154807Z.csv,20260811T154807Z,NVIDIA GeForce GTX 1660 Ti,local,4096,8,1,1,compiled-gpu-host-visible,,9,6.840175111111112,0.10859865673368652,6.797961,6.736489,7.028358,6.771743774414063,685.952646,25.93216323852539,True,True,1.5735626220703125e-05,1.2078089639544489e-05,0.0,0,0.015876590141278686,4.993865,0.055274863934040526,704.99039,4.993865,0.055274863934040526,8.0,0.7346121873897189,0.7346121873897189,-1.8040959999999995,0.0,,,-1.8040959999999995,,True,0.714326431366546,0.7569557914918599,0.714326431366546,0.7653317947622519
pilot-003-local-compiler-matched-20260811T154807Z.csv,20260811T154807Z,NVIDIA GeForce GTX 1660 Ti,local,4096,8,1,1,compiled-gpu-resident,,9,5.005638666666666,0.08700376653915591,5.029798,4.793668,5.079182,5.001440048217773,685.952646,19.187156677246094,True,True,1.5735626220703125e-05,1.2078089639544489e-05,0.0,0,0.01738115200334528,4.993865,0.055274863934040526,704.99039,4.993865,0.055274863934040526,8.0,0.9928559755282419,0.9928559755282419,-0.03593299999999999,0.0,,,-0.03593299999999999,,True,0.9840559201263265,1.0323370907292089,0.9840559201263265,1.0364370497582607
pilot-003-local-compiler-matched-20260811T154807Z.csv,20260811T154807Z,NVIDIA GeForce GTX 1660 Ti,local,4096,8,1,64,compiled-gpu-host-visible,,9,0.18857544444444443,0.0028900341741539643,0.188742,0.183748,0.19345,0.1648640036582946,9513.18454,0.7199935913085938,True,True,1.5735626220703125e-05,1.2078089639544489e-05,0.0,0,0.015325612423548535,0.752331,0.04115162743327125,13784.6366,0.752331,0.04115162743327125,8.0,3.9860285469052994,3.9860285469052994,0.563589,0.0,0.0,0.0,0.563589,0.0,True,3.9355471508607835,4.081117056963893,3.939328693711242,4.081117056963893
pilot-003-local-compiler-matched-20260811T154807Z.csv,20260811T154807Z,NVIDIA GeForce GTX 1660 Ti,local,4096,8,1,64,compiled-gpu-resident,,9,0.15915566666666667,0.012118556370294284,0.15496,0.152771,0.190795,0.131423994898796,9513.18454,0.59112548828125,True,True,1.5735626220703125e-05,1.2078089639544489e-05,0.0,0,0.07614278915795825,0.752331,0.04115162743327125,13784.6366,0.752331,0.04115162743327125,8.0,4.855001290655653,4.855001290655653,0.597371,0.0,0.0,0.0,0.597371,0.0,True,4.718142669214922,4.938663689007764,4.720469607088783,4.938663689007764
pilot-003-local-compiler-matched-20260811T154807Z.csv,20260811T154807Z,NVIDIA GeForce GTX 1660 Ti,local,4096,8,8,1,compiled-gpu-host-visible,,9,6.845259333333334,0.1626626374740064,6.801602,6.716879,7.212767,6.775807857513428,706.343402,25.94605255126953,True,True,1.049041748046875e-05,7.106561952241464e-06,0.0,0,0.02376281592165727,6.646832,0.23606247985343162,676.984385,6.646832,0.23606247985343162,8.0,0.9772450666769388,0.9772450666769388,-0.15477000000000007,29.359016999999994,,,-0.15477000000000007,,False,0.8364033185946584,1.303106519367219,0.830454032993093,1.303106519367219
pilot-003-local-compiler-matched-20260811T154807Z.csv,20260811T154807Z,NVIDIA GeForce GTX 1660 Ti,local,4096,8,8,1,compiled-gpu-resident,,9,4.9919195555555556,0.03194293338170073,4.996679,4.935013,5.023639,4.970335960388184,706.343402,19.06081771850586,True,True,1.049041748046875e-05,7.106561952241464e-06,0.0,0,0.006398927912640566,6.646832,0.23606247985343162,676.984385,6.646832,0.23606247985343162,8.0,1.3302499520181303,1.3302499520181303,1.6501529999999995,29.359016999999994,17.791693861114698,4663985.795528051,1.6501529999999995,17.791693861114698,False,1.1285214845480167,1.7927887769549897,1.1286895578794522,1.7927887769549897
pilot-003-local-compiler-matched-20260811T154807Z.csv,20260811T154807Z,NVIDIA GeForce GTX 1660 Ti,local,4096,8,8,64,compiled-gpu-host-visible,,9,0.200918,0.03266153677492839,0.188545,0.186943,0.287404,0.1644800007343292,13911.788877,0.7192420959472656,True,True,9.775161743164062e-06,6.662402029178338e-06,0.0,0,0.1625615264681531,0.996687,0.09637701860172451,13275.051868,0.996687,0.09637701860172451,8.0,5.286202232888701,5.286202232888701,0.808142,636.7370090000004,787.9023847294168,206543882.74250823,0.808142,787.9023847294168,False,5.0233751110531095,5.347792864280256,5.0233751110531095,5.347792864280256
pilot-003-local-compiler-matched-20260811T154807Z.csv,20260811T154807Z,NVIDIA GeForce GTX 1660 Ti,local,4096,8,8,64,compiled-gpu-resident,,9,0.16070266666666666,0.01369167660478438,0.153217,0.149478,0.181841,0.1300159990787506,13911.788877,0.5844764709472656,True,True,9.775161743164062e-06,6.662402029178338e-06,0.0,0,0.08519881398846968,0.996687,0.09637701860172451,13275.051868,0.996687,0.09637701860172451,8.0,6.505067975485749,6.505067975485749,0.8434699999999999,636.7370090000004,754.9017854814048,197892973.65323737,0.8434699999999999,754.9017854814048,True,5.586749501179032,6.610802564932278,5.586749501179032,6.610802564932278
pilot-003-local-compiler-matched-20260811T154807Z.csv,20260811T154807Z,NVIDIA GeForce GTX 1660 Ti,local,4096,32,1,1,compiled-gpu-host-visible,,9,7.002334555555556,0.06439414421768312,7.017625,6.898915,7.075889,6.990367889404297,604.72217,26.77011489868164,True,True,1.2159347534179688e-05,6.9537036324618384e-06,0.0,0,0.009196096488505208,5.064418,0.06388974624698338,673.190803,5.064418,0.06388974624698338,8.0,0.7216712206765109,0.7216712206765109,-1.953207,0.0,,,-1.953207,,True,0.7148653809162008,0.7328801025571532,0.7148653809162008,0.7328491037500877
pilot-003-local-compiler-matched-20260811T154807Z.csv,20260811T154807Z,NVIDIA GeForce GTX 1660 Ti,local,4096,32,1,1,compiled-gpu-resident,,9,4.960888222222222,0.09470697382555537,4.912765,4.847422,5.068229,4.884191989898682,604.72217,18.740711212158203,True,True,1.2159347534179688e-05,6.9537036324618384e-06,0.0,0,0.01909072923701787,5.064418,0.06388974624698338,673.190803,5.064418,0.06388974624698338,8.0,1.0308691744872795,1.0308691744872795,0.1516529999999996,0.0,0.0,0.0,0.1516529999999996,0.0,True,0.9951713761785128,1.0458525901401756,0.9951713761785128,1.047137222325708
pilot-003-local-compiler-matched-20260811T154807Z.csv,20260811T154807Z,NVIDIA GeForce GTX 1660 Ti,local,4096,32,1,64,compiled-gpu-host-visible,,9,0.2594602222222222,0.07930419157077666,0.233595,0.202476,0.455331,0.1955199986696243,9363.569816,0.8910942077636719,True,True,1.2159347534179688e-05,6.9537036324618384e-06,0.0,0,0.30565067312265803,0.910729,0.7457940096035138,12654.123936,0.910729,0.7457940096035138,8.0,3.898752113701064,3.898752113701064,0.677134,0.0,0.0,0.0,0.677134,0.0,False,3.651201890500068,7.333090527171704,2.9667596572079535,7.341516257732439
pilot-003-local-compiler-matched-20260811T154807Z.csv,20260811T154807Z,NVIDIA GeForce GTX 1660 Ti,local,4096,32,1,64,compiled-gpu-resident,,9,0.16855555555555554,0.020731949040738502,0.158252,0.15544,0.208134,0.1355199962854385,9363.569816,0.6036834716796875,True,True,1.2159347534179688e-05,6.9537036324618384e-06,0.0,0,0.12299772008348486,0.910729,0.7457940096035138,12654.123936,0.910729,0.7457940096035138,8.0,5.754928847660693,5.754928847660693,0.7524770000000001,0.0,0.0,0.0,0.7524770000000001,0.0,False,4.550782122627694,10.631342403850878,5.2934267400167005,10.809406388703344
pilot-003-local-compiler-matched-20260811T154807Z.csv,20260811T154807Z,NVIDIA GeForce GTX 1660 Ti,local,4096,32,8,1,compiled-gpu-host-visible,,9,6.604382222222222,0.08981705960280856,6.570664,6.526182,6.826151,6.546112060546875,797.94964,25.065093994140625,False,True,3.427267074584961e-05,0.0001128676449297,0.1071510314941406,0,0.013599615615915578,11.508279,0.2791880407510644,734.45182,10.577344,0.02666866243476252,1.0,1.7514636268115369,1.6097831208535394,4.937615,63.49782000000005,12.860018450203194,3371176.676610066,4.00668,15.847988858606138,True,1.4370569317364523,2.2155149308651008,1.5896715808573374,1.6333637740235438
pilot-003-local-compiler-matched-20260811T154807Z.csv,20260811T154807Z,NVIDIA GeForce GTX 1660 Ti,local,4096,32,8,1,compiled-gpu-resident,,9,4.969953888888889,0.01940704784636531,4.965354,4.946602,4.996824,4.937983989715576,797.94964,18.94132232666016,False,True,3.427267074584961e-05,0.0001128676449297,0.1071510314941406,0,0.0039048748298757476,11.508279,0.2791880407510644,734.45182,10.577344,0.02666866243476252,1.0,2.3177157157374886,2.1302295868532237,6.542925,63.49782000000005,9.704806336615512,2544056.7523057368,5.6119900000000005,11.314670909962427,True,1.8995460659045054,2.947524299356683,2.1084162631313594,2.162569344365594
pilot-003-local-compiler-matched-20260811T154807Z.csv,20260811T154807Z,NVIDIA GeForce GTX 1660 Ti,local,4096,32,8,64,compiled-gpu-host-visible,,9,0.29425711111111114,0.0022713336635358213,0.294047,0.291351,0.297344,0.2697919905185699,17400.367359,1.1217002868652344,True,True,1.2159347534179688e-05,6.984919309616089e-06,0.0,0,0.007718874337341565,1.101524,1.3011030223691513,13173.589934,1.101524,1.3011030223691513,8.0,3.7460814087543826,3.7460814087543826,0.807477,4226.777425,5234.548383421447,1372205451.423632,0.807477,5234.548383421447,False,3.69349948681936,34.25344471032618,3.69349948681936,34.25344471032618
pilot-003-local-compiler-matched-20260811T154807Z.csv,20260811T154807Z,NVIDIA GeForce GTX 1660 Ti,local,4096,32,8,64,compiled-gpu-resident,,9,0.25475355555555557,0.02395184941247289,0.254556,0.216185,0.297183,0.2239679992198944,17400.367359,0.9710540771484376,True,True,1.2159347534179688e-05,6.984919309616089e-06,0.0,0,0.09401968643868279,1.101524,1.3011030223691513,13173.589934,1.101524,1.3011030223691513,8.0,4.327236443061644,4.327236443061644,0.8469679999999999,4226.777425,4990.480661607051,1308224562.5563188,0.8469679999999999,4990.480661607051,False,4.034269635988833,37.320393254490675,4.034269635988833,37.320393254490675
pilot-003-local-compiler-matched-20260811T154807Z.csv,20260811T154807Z,NVIDIA GeForce GTX 1660 Ti,local,65536,8,1,1,compiled-gpu-host-visible,,9,11.142834555555556,0.10461764749925156,11.10748,11.052377,11.386773,11.082207679748535,584.077987,2.6482295989990234,True,True,1.33514404296875e-05,1.4445005035668146e-05,0.0,0,0.009388782268789198,18.912975,0.2878132032872794,667.799076,18.912975,0.2878132032872794,8.0,1.7027242002686476,1.7027242002686476,7.805494999999999,0.0,0.0,0.0,7.805494999999999,0.0,False,1.6218041256207751,2.074147433425337,1.6218041256207751,2.074147433425337
pilot-003-local-compiler-matched-20260811T154807Z.csv,20260811T154807Z,NVIDIA GeForce GTX 1660 Ti,local,65536,8,1,1,compiled-gpu-resident,,9,4.67689,0.01916275083332235,4.677375,4.651603,4.69902,4.652895927429199,584.077987,1.115173101425171,True,True,1.33514404296875e-05,1.4445005035668146e-05,0.0,0,0.004097327675725183,18.912975,0.2878132032872794,667.799076,18.912975,0.2878132032872794,8.0,4.043501964242765,4.043501964242765,14.2356,0.0,0.0,0.0,14.2356,0.0,False,3.8469109339145904,4.921425400480372,3.8469109339145904,4.921425400480372
pilot-003-local-compiler-matched-20260811T154807Z.csv,20260811T154807Z,NVIDIA GeForce GTX 1660 Ti,local,65536,8,1,64,compiled-gpu-host-visible,,9,0.2984205555555556,0.010121747133167143,0.294485,0.291712,0.324196,0.2713280022144317,9444.669996,0.0702106952667236,True,True,1.33514404296875e-05,1.4445005035668146e-05,0.0,0,0.03391772766565614,5.036055,0.08595332188559103,13316.600943,5.036055,0.08595332188559103,8.0,17.101227566769108,17.101227566769108,4.74157,0.0,0.0,0.0,4.74157,0.0,True,16.707689190558202,18.12023097963732,16.707689190558202,18.12023097963732
pilot-003-local-compiler-matched-20260811T154807Z.csv,20260811T154807Z,NVIDIA GeForce GTX 1660 Ti,local,65536,8,1,64,compiled-gpu-resident,,9,0.18831044444444445,0.001097965972959898,0.188291,0.186408,0.189692,0.1712639927864074,9444.669996,0.0448920726776123,True,True,1.33514404296875e-05,1.4445005035668146e-05,0.0,0,0.005830616438717084,5.036055,0.08595332188559103,13316.600943,5.036055,0.08595332188559103,8.0,26.7461270055393,26.7461270055393,4.847764,0.0,0.0,0.0,4.847764,0.0,True,26.278418083897215,28.076089629954797,26.278418083897215,28.394543280170176
pilot-003-local-compiler-matched-20260811T154807Z.csv,20260811T154807Z,NVIDIA GeForce GTX 1660 Ti,local,65536,8,8,1,compiled-gpu-host-visible,,9,11.420104333333335,0.258915398273258,11.331992,11.285459,12.105276,11.306559562683104,687.923932,2.701757431030273,False,False,5.459785461425781e-05,0.0017519114771857,0.107147216796875,0,0.022671894294129007,17.384265,0.11637155439604725,719.19284,17.384265,0.11637155439604725,8.0,1.5340872990379801,1.5340872990379801,6.052273,0.0,0.0,0.0,6.052273,0.0,False,1.4061852848767562,1.581758865988543,1.406903173096032,1.581758865988543
pilot-003-local-compiler-matched-20260811T154807Z.csv,20260811T154807Z,NVIDIA GeForce GTX 1660 Ti,local,65536,8,8,1,compiled-gpu-resident,,9,4.735297666666666,0.039468579607708144,4.720666,4.705308,4.834637,4.696320056915283,687.923932,1.1254944801330566,False,False,5.459785461425781e-05,0.0017519114771857,0.107147216796875,0,0.008334973297569145,17.384265,0.11637155439604725,719.19284,17.384265,0.11637155439604725,8.0,3.682587372205532,3.682587372205532,12.663599,0.0,0.0,0.0,12.663599,0.0,False,3.3751358489230725,3.7897898631266855,3.3751358489230725,3.7897898631266855
pilot-003-local-compiler-matched-20260811T154807Z.csv,20260811T154807Z,NVIDIA GeForce GTX 1660 Ti,local,65536,8,8,64,compiled-gpu-host-visible,,9,0.5345452222222222,0.008429484485687427,0.534102,0.520948,0.548091,0.5110719799995422,14470.844033,0.1273398399353027,False,False,5.4717063903808594e-05,0.0017520167166367,0.107147216796875,0,0.015769450619433474,13.534688,0.43029193056848386,14099.228049,13.534688,0.43029193056848386,8.0,25.341017258875645,25.341017258875645,13.000585999999998,371.615984,28.584556419226033,119892319.32738543,13.000585999999998,28.584556419226033,False,23.081399167324072,56.19574832757967,23.081399167324072,56.19574832757967
pilot-003-local-compiler-matched-20260811T154807Z.csv,20260811T154807Z,NVIDIA GeForce GTX 1660 Ti,local,65536,8,8,64,compiled-gpu-resident,,9,0.4168194444444444,0.0024972987962552213,0.416137,0.414262,0.422343,0.3987520039081573,14470.844033,0.0992147922515869,False,False,5.4717063903808594e-05,0.0017520167166367,0.107147216796875,0,0.005991320293571556,13.534688,0.43029193056848386,14099.228049,13.534688,0.43029193056848386,8.0,32.524596467028886,32.524596467028886,13.118551,371.615984,28.327517574158914,118814220.27136503,13.118551,28.327517574158914,False,29.3959556676177,60.205981349000496,29.3959556676177,72.3180881123317
pilot-003-local-compiler-matched-20260811T154807Z.csv,20260811T154807Z,NVIDIA GeForce GTX 1660 Ti,local,65536,32,1,1,compiled-gpu-host-visible,,9,14.289006666666666,0.03968357788808894,14.288229,14.224699,14.36766,14.261919975280762,605.180977,3.4065792560577397,True,True,1.52587890625e-05,1.229636836796999e-05,0.0,0,0.002777210397743226,67.830208,0.4134122704927765,685.560531,67.830208,0.4134122704927765,8.0,4.74727889649585,4.74727889649585,53.541979,0.0,0.0,0.0,53.541979,0.0,False,4.488017169687706,8.86793103305948,4.491170310199579,8.861426905947459
pilot-003-local-compiler-matched-20260811T154807Z.csv,20260811T154807Z,NVIDIA GeForce GTX 1660 Ti,local,65536,32,1,1,compiled-gpu-resident,,9,4.938074111111111,0.01771528431499489,4.950681,4.91044,4.95439,4.932096004486084,605.180977,1.1803343296051023,True,True,1.52587890625e-05,1.229636836796999e-05,0.0,0,0.003587488546422158,67.830208,0.4134122704927765,685.560531,67.830208,0.4134122704927765,8.0,13.701187371999932,13.701187371999932,62.879526999999996,0.0,0.0,0.0,62.879526999999996,0.0,False,13.007652431648696,25.602242458957193,13.007652431648696,25.595428966035268
pilot-003-local-compiler-matched-20260811T154807Z.csv,20260811T154807Z,NVIDIA GeForce GTX 1660 Ti,local,65536,32,1,64,compiled-gpu-host-visible,,9,0.46497422222222223,0.01747340057614558,0.456899,0.451897,0.502837,0.4334079921245575,9680.359643,0.1089332103729248,True,True,1.52587890625e-05,1.229636836796999e-05,0.0,0,0.037579288788604344,9.790461,0.26448267189586183,12676.32872,9.790461,0.26448267189586183,8.0,21.428063970374197,21.428063970374197,9.333562,0.0,0.0,0.0,9.333562,0.0,False,20.156428342021396,21.673930095208213,20.156428342021396,21.673930095208213
pilot-003-local-compiler-matched-20260811T154807Z.csv,20260811T154807Z,NVIDIA GeForce GTX 1660 Ti,local,65536,32,1,64,compiled-gpu-resident,,9,0.3409677777777778,0.0020735698552121215,0.340378,0.33949,0.346209,0.3232960104942322,9680.359643,0.0811524391174316,True,True,1.52587890625e-05,1.229636836796999e-05,0.0,0,0.006081424669293968,9.790461,0.26448267189586183,12676.32872,9.790461,0.26448267189586183,8.0,28.763495290529942,28.763495290529942,9.450083000000001,0.0,0.0,0.0,9.450083000000001,0.0,False,27.32428597920119,29.12975433492105,27.30965570601889,29.12975433492105
pilot-003-local-compiler-matched-20260811T154807Z.csv,20260811T154807Z,NVIDIA GeForce GTX 1660 Ti,local,65536,32,8,1,compiled-gpu-host-visible,,9,14.759662666666665,0.26107553101928155,14.688247,14.428659,15.164306,14.660096168518066,849.229668,3.501950979232788,False,True,2.8431415557861328e-05,0.0060768565163016,0.107147216796875,0,0.017688448368735184,71.03028,0.07813132462834659,679.861893,71.03028,0.07813132462834659,8.0,4.835858220521483,4.835858220521483,56.342033,169.36777499999994,3.006064317913412,12608347.592881495,56.342033,3.006064317913412,True,4.227184149065345,4.994946163292047,4.227184149065345,4.994946163292047
pilot-003-local-compiler-matched-20260811T154807Z.csv,20260811T154807Z,NVIDIA GeForce GTX 1660 Ti,local,65536,32,8,1,compiled-gpu-resident,,9,5.010833444444445,0.11877819106543831,5.012839,4.881585,5.229364,4.994656085968018,849.229668,1.1951539516448977,False,True,2.8431415557861328e-05,0.0060768565163016,0.107147216796875,0,0.02370427841642367,71.03028,0.07813132462834659,679.861893,71.03028,0.07813132462834659,8.0,14.169671118501913,14.169671118501913,66.017441,169.36777499999994,2.565500456159758,10760488.825272698,66.017441,2.565500456159758,True,12.561554157908633,14.701411378945025,12.335949231279747,14.701411378945025
pilot-003-local-compiler-matched-20260811T154807Z.csv,20260811T154807Z,NVIDIA GeForce GTX 1660 Ti,local,65536,32,8,64,compiled-gpu-host-visible,,9,1.3898725555555556,0.004195687044785216,1.38779,1.384444,1.395968,1.363327980041504,17370.388205,0.3308749198913574,False,False,2.8431415557861328e-05,0.0060768565163016,0.107147216796875,0,0.003018756668022795,14.757247,0.06635414654681185,13155.659525,14.757247,0.06635414654681185,8.0,10.633631168980896,10.633631168980896,13.369456999999999,4214.72868,315.25055056461906,1322256645.235384,13.369456999999999,315.25055056461906,True,10.3787820923915,11.813057387488675,10.3787820923915,11.813057387488675
pilot-003-local-compiler-matched-20260811T154807Z.csv,20260811T154807Z,NVIDIA GeForce GTX 1660 Ti,local,65536,32,8,64,compiled-gpu-resident,,9,1.2730671111111111,0.0018995119402391127,1.272375,1.270616,1.277178,1.2540160417556765,17370.388205,0.3033578395843506,False,False,2.8431415557861328e-05,0.0060768565163016,0.107147216796875,0,0.0014920752595526964,14.757247,0.06635414654681185,13155.659525,14.757247,0.06635414654681185,8.0,11.598189999017585,11.598189999017585,13.484872,4214.72868,312.5523683131735,1310939648.6254168,13.484872,312.5523683131735,True,11.322555464805406,12.919396452900587,11.322555464805406,12.923343661518281
pilot-003-local-compiler-matched-20260811T154807Z.csv,20260811T154807Z,NVIDIA GeForce GTX 1660 Ti,local,1048576,8,1,1,compiled-gpu-host-visible,,9,74.27988455555555,2.4499689717297493,73.158276,72.519764,78.891909,73.12671661376953,650.727981,1.0901432633399963,True,True,1.5735626220703125e-05,1.6057128959801048e-05,0.0,0,0.03298293994920474,838.378518,0.5286010405435411,690.149172,838.378518,0.5286010405435411,8.0,11.459790523221187,11.459790523221187,765.220242,0.0,0.0,0.0,765.220242,0.0,False,6.127704981071961,19.970584023849288,6.111541228773625,19.970584023849288
pilot-003-local-compiler-matched-20260811T154807Z.csv,20260811T154807Z,NVIDIA GeForce GTX 1660 Ti,local,1048576,8,1,1,compiled-gpu-resident,,9,21.99380433333333,0.012699900688588646,21.989409,21.981348,22.022061,21.96953582763672,650.727981,0.3276677280664444,True,True,1.5735626220703125e-05,1.6057128959801048e-05,0.0,0,0.000577430829887895,838.378518,0.5286010405435411,690.149172,838.378518,0.5286010405435411,8.0,38.12646888327013,38.12646888327013,816.389109,0.0,0.0,0.0,816.389109,0.0,False,20.335072426697675,66.48794542791767,20.33563105908106,66.49778671563735
pilot-003-local-compiler-matched-20260811T154807Z.csv,20260811T154807Z,NVIDIA GeForce GTX 1660 Ti,local,1048576,8,1,64,compiled-gpu-host-visible,,9,2.9683077777777775,1.103681557941055,2.236325,2.218745,4.446612,2.2117440700531006,9480.770427,0.0333238393068313,True,True,1.5735626220703125e-05,1.6057128959801048e-05,0.0,0,0.37182180574526735,181.520921,0.16821527822703308,12838.400316,181.520921,0.16821527822703308,8.0,81.16929381910053,81.16929381910053,179.284596,0.0,0.0,0.0,179.284596,0.0,False,40.78118755651357,95.28608522341963,40.78118755651357,95.28608522341963
pilot-003-local-compiler-matched-20260811T154807Z.csv,20260811T154807Z,NVIDIA GeForce GTX 1660 Ti,local,1048576,8,1,64,compiled-gpu-resident,,9,1.4554206666666667,0.00875232918999279,1.453004,1.449332,1.477658,1.434048056602478,9480.770427,0.0216514468193054,True,True,1.5735626220703125e-05,1.6057128959801048e-05,0.0,0,0.0060136078801451606,181.520921,0.16821527822703308,12838.400316,181.520921,0.16821527822703308,8.0,124.92802566269603,124.92802566269603,180.067917,0.0,0.0,0.0,180.067917,0.0,False,118.77360557851182,162.22595093848318,118.82512631044068,162.22595093848318
pilot-003-local-compiler-matched-20260811T154807Z.csv,20260811T154807Z,NVIDIA GeForce GTX 1660 Ti,local,1048576,8,8,1,compiled-gpu-host-visible,,9,75.28888522222222,2.342904724071902,74.559923,72.817604,79.914125,74.52336120605469,750.245672,1.111029431223869,False,False,5.936622619628906e-05,0.005228400696069,0.107147216796875,0,0.03111886591435905,649.484175,0.16626291885637126,700.860487,649.484175,0.16626291885637126,8.0,8.710901901011889,8.710901901011889,574.924252,49.38518499999998,0.0858985941681931,5764557.073824463,574.924252,0.0858985941681931,False,7.017334114999477,9.661335648106412,7.017334114999477,9.873609338981765
pilot-003-local-compiler-matched-20260811T154807Z.csv,20260811T154807Z,NVIDIA GeForce GTX 1660 Ti,local,1048576,8,8,1,compiled-gpu-resident,,9,22.269178222222223,0.08529348644647147,22.298473,22.053986,22.327914,22.265056610107425,750.245672,0.3322731405496597,False,False,5.936622619628906e-05,0.005228400696069,0.107147216796875,0,0.0038301137830653235,649.484175,0.16626291885637126,700.860487,649.484175,0.16626291885637126,8.0,29.126845367393543,29.126845367393543,627.185702,49.38518499999998,0.07874092926946218,5284214.3135779565,627.185702,0.07874092926946218,False,23.68260738256825,33.282939995869796,23.70729925827046,33.282939995869796
pilot-003-local-compiler-matched-20260811T154807Z.csv,20260811T154807Z,NVIDIA GeForce GTX 1660 Ti,local,1048576,8,8,64,compiled-gpu-host-visible,,9,5.971641333333333,1.0112381228250595,5.329064,5.282791,7.569551,5.304895877838135,14292.197881,0.0794092416763305,False,False,5.936622619628906e-05,0.0052283275872468,0.107147216796875,0,0.16934006354005066,381.551957,0.18400726737653825,14158.210079,381.551957,0.18400726737653825,8.0,71.5983063817586,71.5983063817586,376.222893,133.98780199999965,0.3561394175978537,23900111.740613572,376.222893,0.3561394175978537,False,46.94328125726169,83.58487014870828,45.96093149088649,83.58487014870828
pilot-003-local-compiler-matched-20260811T154807Z.csv,20260811T154807Z,NVIDIA GeForce GTX 1660 Ti,local,1048576,8,8,64,compiled-gpu-resident,,9,4.5621410000000004,0.018698876784448648,4.565393,4.53339,4.586373,4.547872066497803,14292.197881,0.0680296570062637,False,False,5.936622619628906e-05,0.0052283275872468,0.107147216796875,0,0.004098706459192876,381.551957,0.18400726737653825,14158.210079,381.551957,0.18400726737653825,8.0,83.57483287857146,83.57483287857146,376.98656400000004,133.98780199999965,0.3554179771775623,23851696.69356413,376.98656400000004,0.3554179771775623,False,66.97158422893767,97.57038398967099,67.12219927196466,97.57038398967099
pilot-003-local-compiler-matched-20260811T154807Z.csv,20260811T154807Z,NVIDIA GeForce GTX 1660 Ti,local,1048576,32,1,1,compiled-gpu-host-visible,,9,126.94695566666665,1.3812430037257164,126.493429,125.370621,129.271308,126.45721435546876,806.607829,1.884898975491524,True,True,1.71661376953125e-05,1.119875469157705e-05,0.0,0,0.010880473631463373,2146.465294,0.24334532524165886,708.705618,2146.465294,0.24334532524165886,8.0,16.968986539213827,16.968986539213827,2019.971865,97.90221100000008,0.04846711614965988,3252573.1061597285,2019.971865,0.04846711614965988,False,11.875616794811581,20.760920023360733,11.875616794811581,20.904187191155696
pilot-003-local-compiler-matched-20260811T154807Z.csv,20260811T154807Z,NVIDIA GeForce GTX 1660 Ti,local,1048576,32,1,1,compiled-gpu-resident,,9,74.55353933333333,0.03655765381557696,74.556042,74.51163,74.635286,74.52413177490234,806.607829,1.110971599817276,True,True,1.71661376953125e-05,1.119875469157705e-05,0.0,0,0.0004903543700604944,2146.465294,0.24334532524165886,708.705618,2146.465294,0.24334532524165886,8.0,28.789957680425147,28.789957680425147,2071.909252,97.90221100000008,0.047252171351373495,3171039.54092402,2071.909252,0.047252171351373495,False,20.54062422967067,33.42799349646754,20.094999925347533,35.58341997755418
pilot-003-local-compiler-matched-20260811T154807Z.csv,20260811T154807Z,NVIDIA GeForce GTX 1660 Ti,local,1048576,32,1,64,compiled-gpu-host-visible,,9,5.293166,1.0254627530578575,4.608662,4.599404,6.676149,4.584928035736084,10087.325239,0.0686744153499603,True,True,1.71661376953125e-05,1.119875469157705e-05,0.0,0,0.19373334466704,413.492889,0.25862769198838753,13246.454756,413.492889,0.25862769198838753,8.0,89.72081029157704,89.72081029157704,408.884227,0.0,0.0,0.0,408.884227,0.0,False,62.04022725179124,110.61351461084489,62.02967644478714,90.54916790370513
pilot-003-local-compiler-matched-20260811T154807Z.csv,20260811T154807Z,NVIDIA GeForce GTX 1660 Ti,local,1048576,32,1,64,compiled-gpu-resident,,9,3.8700669999999997,0.006630676549191615,3.867798,3.864709,3.883263,3.8478400707244873,10087.325239,0.0576346814632415,True,True,1.71661376953125e-05,1.119875469157705e-05,0.0,0,0.0017133234512972555,413.492889,0.25862769198838753,13246.454756,413.492889,0.25862769198838753,8.0,106.90653674261168,106.90653674261168,409.625091,0.0,0.0,0.0,409.625091,0.0,False,106.19845121116002,132.5595181801894,106.19845121116002,132.5595181801894
pilot-003-local-compiler-matched-20260811T154807Z.csv,20260811T154807Z,NVIDIA GeForce GTX 1660 Ti,local,1048576,32,8,1,compiled-gpu-host-visible,,9,127.30614688888889,1.6229964855531391,127.508523,125.291682,130.38382,127.47388458251952,1244.097745,1.9000250548124316,False,False,4.2319297790527344e-05,0.0158994998782873,0.107147216796875,0,0.01274876763782403,1590.364776,0.06603602231823477,712.862403,1590.364776,0.06603602231823477,8.0,12.472615465869682,12.472615465869682,1462.856253,531.2353420000001,0.3631493804743644,24370542.385938376,1462.856253,0.3631493804743644,True,11.600763092997095,13.48178396361253,11.600763092997095,13.47342768029272
pilot-003-local-compiler-matched-20260811T154807Z.csv,20260811T154807Z,NVIDIA GeForce GTX 1660 Ti,local,1048576,32,8,1,compiled-gpu-resident,,9,74.9111641111111,0.020132006491181246,74.91009,74.874311,74.936937,74.87388610839844,1244.097745,1.1162473261356354,False,False,4.2319297790527344e-05,0.0158994998782873,0.107147216796875,0,0.0002687450759852121,1590.364776,0.06603602231823477,712.862403,1590.364776,0.06603602231823477,8.0,21.230314581119845,21.230314581119845,1515.4546859999998,531.2353420000001,0.35054518416659547,23524689.09009101,1515.4546859999998,0.35054518416659547,True,19.56443467888592,23.022287352238063,19.56443467888592,23.022287352238063
pilot-003-local-compiler-matched-20260811T154807Z.csv,20260811T154807Z,NVIDIA GeForce GTX 1660 Ti,local,1048576,32,8,64,compiled-gpu-host-visible,,9,15.737675555555557,0.7194365317262379,15.492284,15.45125,17.653341,15.468544006347656,18600.687672,0.2308530211448669,False,False,4.220008850097656e-05,0.0158994998782873,0.107147216796875,0,0.04571428157776894,567.13821,0.08182598993008151,14034.736322,567.13821,0.08182598993008151,8.0,36.60778552729862,36.60778552729862,551.6459259999999,4565.951349999999,8.276960156504446,555457393.4762756,551.6459259999999,8.276960156504446,True,34.74355349570099,41.60066849241172,34.7027778823734,41.60066849241172
pilot-003-local-compiler-matched-20260811T154807Z.csv,20260811T154807Z,NVIDIA GeForce GTX 1660 Ti,local,1048576,32,8,64,compiled-gpu-resident,,9,18.392242777777778,0.0975065090029613,18.332268,18.297158,18.536545,18.299007415771484,18600.687672,0.2731720805168152,False,False,4.220008850097656e-05,0.0158994998782873,0.107147216796875,0,0.005301501844069417,567.13821,0.08182598993008151,14034.736322,567.13821,0.08182598993008151,8.0,30.93660915277913,30.93660915277913,548.805942,4565.951349999999,8.319792116973835,558331797.6862692,548.805942,8.319792116973835,True,29.31666690037794,35.04673552806432,29.31666690037794,35.15778897595863
pilot-004-modal-l4-compiler-matched-20260811T162615Z.csv,20260811T162615Z,NVIDIA L4,modal,256,8,1,1,compiled-gpu-host-visible,,9,12.162250444444444,0.41884644692569367,11.950858,11.880384,13.198387,11.9017915725708,1986.896478,729.4224853515625,True,True,6.437301635742188e-06,4.720264314528322e-06,0.0,0,0.03443823565703806,11.979403,0.02155569900753306,1735.167814,8.8348,0.024800178069627074,1.0,1.002388531434312,0.7392607292296502,0.028544999999999376,251.72866399999998,8818.660500963582,144484933.64778733,-3.1160580000000007,,True,0.9579099251124196,1.0174324829466577,0.7186908839231066,0.7481878342475697
pilot-004-modal-l4-compiler-matched-20260811T162615Z.csv,20260811T162615Z,NVIDIA L4,modal,256,8,1,1,compiled-gpu-resident,,9,7.866645222222222,0.11652260817409842,7.824591,7.712344,8.035276,7.766880035400391,1986.896478,477.57513427734375,True,True,6.437301635742188e-06,4.720264314528322e-06,0.0,0,0.014812236332323417,11.979403,0.02155569900753306,1735.167814,8.8348,0.024800178069627074,1.0,1.5309941439750652,1.1291069399026734,4.154812,251.72866399999998,60.58725737771047,992661.6248764084,1.0102089999999997,249.18473701976527,True,1.474290734998219,1.5553964418076294,1.103188755935783,1.1443730013859874
pilot-004-modal-l4-compiler-matched-20260811T162615Z.csv,20260811T162615Z,NVIDIA L4,modal,256,8,1,64,compiled-gpu-host-visible,,9,0.46958333333333335,0.1157027611090159,0.430202,0.379932,0.745582,0.3767359852790832,24612.635224,26.2574462890625,True,True,6.437301635742188e-06,4.720264314528322e-06,0.0,0,0.24639452232620954,2.301625,0.016292314441823497,30313.896045,1.263039,0.025952201558831173,1.0,5.350102974881568,2.935920799996281,1.871423,0.0,0.0,0.0,0.832837,0.0,False,4.378615507484743,6.027930658897944,2.3997560415753716,3.273876356573888
pilot-004-modal-l4-compiler-matched-20260811T162615Z.csv,20260811T162615Z,NVIDIA L4,modal,256,8,1,64,compiled-gpu-resident,,9,0.4068253333333333,0.10589645403883928,0.365765,0.335964,0.681298,0.316864013671875,24612.635224,22.32452392578125,True,True,6.437301635742188e-06,4.720264314528322e-06,0.0,0,0.26029955698966456,2.301625,0.016292314441823497,30313.896045,1.263039,0.025952201558831173,1.0,6.292633248123796,3.453143411753448,1.93586,0.0,0.0,0.0,0.897274,0.0,False,5.449044585987261,6.413472183393906,2.986418342438135,3.5249164425215027
pilot-004-modal-l4-compiler-matched-20260811T162615Z.csv,20260811T162615Z,NVIDIA L4,modal,256,8,8,1,compiled-gpu-host-visible,,9,12.369074555555555,0.14710697516527801,12.363725,12.178764,12.6435,12.297311782836914,2261.131491,754.6218872070312,True,True,8.58306884765625e-06,5.210038580116816e-06,0.0,0,0.011893127048798092,12.214041,0.017764989914492216,1771.577386,9.272281,0.021909598514909992,1.0,0.987893292676762,0.7499585278708479,-0.1496840000000006,489.55410500000016,,,-3.091444000000001,,True,0.9724395804361597,1.0121435064827258,0.7374950839326109,0.7594524437131693
pilot-004-modal-l4-compiler-matched-20260811T162615Z.csv,20260811T162615Z,NVIDIA L4,modal,256,8,8,1,compiled-gpu-resident,,9,7.961371777777777,0.14895490822794136,7.978308,7.786282,8.290671,7.921504020690918,2261.131491,486.957275390625,True,True,8.58306884765625e-06,5.210038580116816e-06,0.0,0,0.018709703853262143,12.214041,0.017764989914492216,1771.577386,9.272281,0.021909598514909992,1.0,1.5309061770992045,1.1621863934057195,4.235733,489.55410500000016,115.57718699455329,1893616.631718761,1.2939729999999994,378.33409584280383,True,1.5053295627040195,1.572319235100572,1.1533135341492855,1.1890105283933936
pilot-004-modal-l4-compiler-matched-20260811T162615Z.csv,20260811T162615Z,NVIDIA L4,modal,256,8,8,64,compiled-gpu-host-visible,,9,0.5416611111111111,0.21767667176769565,0.451249,0.403385,1.005313,0.402208000421524,31125.737616,27.54205322265625,True,True,8.58306884765625e-06,5.091628736408893e-06,0.0,0,0.40186874653263327,2.52329,0.1466224389833124,33036.805904,1.471881,0.08286022468341309,1.0,5.591790785131933,3.2617933779354633,2.0720409999999996,0.0,0.0,0.0,1.020632,0.0,False,3.158786781305189,7.440390506203583,1.8162208748470283,3.6772696192201084
pilot-004-modal-l4-compiler-matched-20260811T162615Z.csv,20260811T162615Z,NVIDIA L4,modal,256,8,8,64,compiled-gpu-resident,,9,0.36392844444444444,0.025376693367690318,0.360124,0.328543,0.407221,0.3029760122299194,31125.737616,21.980224609375,True,True,8.58306884765625e-06,5.091628736408893e-06,0.0,0,0.06972989815739507,2.52329,0.1466224389833124,33036.805904,1.471881,0.08286022468341309,1.0,7.00672546123002,4.0871505370372425,2.163166,0.0,0.0,0.0,1.1117569999999999,0.0,True,6.527405072045808,9.29142747062223,3.773704911016053,4.5833035919871055
pilot-004-modal-l4-compiler-matched-20260811T162615Z.csv,20260811T162615Z,NVIDIA L4,modal,256,32,1,1,compiled-gpu-host-visible,,9,11.933475,0.287843526694192,11.833794,11.653646,12.582646,11.764991760253906,3000.40416,722.2774658203125,True,True,8.58306884765625e-06,4.98989084007917e-06,0.0,0,0.024120679575244598,15.591321,0.02904418319617316,1983.868271,9.091985,0.023520114906126356,1.0,1.3175251318385297,0.7683068507023191,3.7575270000000014,1016.535889,270.53322278189876,4432416.322058629,-2.741809,,True,1.2808956230564785,1.3441250280439925,0.7454865849131156,0.7923682356519643
pilot-004-modal-l4-compiler-matched-20260811T162615Z.csv,20260811T162615Z,NVIDIA L4,modal,256,32,1,1,compiled-gpu-resident,,9,7.87621611111111,0.10299027543710677,7.907871,7.668668,7.974328,7.85807991027832,3000.40416,482.65814208984375,True,True,8.58306884765625e-06,4.98989084007917e-06,0.0,0,0.0130761109121697,15.591321,0.02904418319617316,1983.868271,9.091985,0.023520114906126356,1.0,1.971620553749549,1.1497386591157088,7.683450000000001,1016.535889,132.30201133605345,2167636.1537299,1.1841139999999992,858.478059544943,True,1.9405853168532206,2.049185019075897,1.1313518757629353,1.1852284503541741
pilot-004-modal-l4-compiler-matched-20260811T162615Z.csv,20260811T162615Z,NVIDIA L4,modal,256,32,1,64,compiled-gpu-host-visible,,9,0.4209866666666666,0.03291759865937975,0.43859,0.358441,0.466177,0.3891519904136657,23291.303409,26.7694091796875,True,True,8.58306884765625e-06,4.98989084007917e-06,0.0,0,0.0781915468250295,3.193076,0.07278850525992787,29154.095203,1.259666,0.1016707047153511,1.0,7.280321028751226,2.8720809867986046,2.754486,0.0,0.0,0.0,0.8210759999999999,0.0,False,7.0899785323744915,8.052119399522383,2.7893492172751495,3.374951441753958
pilot-004-modal-l4-compiler-matched-20260811T162615Z.csv,20260811T162615Z,NVIDIA L4,modal,256,32,1,64,compiled-gpu-resident,,9,0.37755944444444445,0.02844139301313808,0.381103,0.338348,0.436179,0.3145920038223266,23291.303409,23.26068115234375,True,True,8.58306884765625e-06,4.98989084007917e-06,0.0,0,0.07532957639289846,3.193076,0.07278850525992787,29154.095203,1.259666,0.1016707047153511,1.0,8.378511845878934,3.305316410524189,2.811973,0.0,0.0,0.0,0.878563,0.0,False,8.127795568917064,9.137315540696335,3.1810215432945563,3.8837461603816745
pilot-004-modal-l4-compiler-matched-20260811T162615Z.csv,20260811T162615Z,NVIDIA L4,modal,256,32,8,1,compiled-gpu-host-visible,,9,12.446483222222222,0.6610225334044556,12.11875,11.983119,14.041652,12.064191818237305,2271.876802,739.6697998046875,True,True,8.106231689453125e-06,5.059569048171397e-06,0.0,0,0.05310918125244018,15.190798,0.006319412886334221,1739.509635,9.56742,0.02115456082830797,1.0,1.253495451263538,0.7894725116039195,3.072047999999999,532.3671670000003,173.29389612401908,2839247.1940959287,-2.55133,,True,1.187841512844942,1.2678469314079421,0.7471822808819993,0.799314763774353
pilot-004-modal-l4-compiler-matched-20260811T162615Z.csv,20260811T162615Z,NVIDIA L4,modal,256,32,8,1,compiled-gpu-resident,,9,8.183092444444444,0.08030487883857228,8.167737,8.063487,8.291403,8.098560333251953,2271.876802,498.5191040039063,True,True,8.106231689453125e-06,5.059569048171397e-06,0.0,0,0.009813512359021654,15.190798,0.006319412886334221,1739.509635,9.56742,0.02115456082830797,1.0,1.8598539595484034,1.1713672954944558,7.023060999999998,532.3671670000003,75.80272576302562,1241951.8589014118,1.3996829999999996,380.3483838840655,True,1.8389476505903077,1.8811477401880103,1.1498774120621664,1.1870012464896946
pilot-004-modal-l4-compiler-matched-20260811T162615Z.csv,20260811T162615Z,NVIDIA L4,modal,256,32,8,64,compiled-gpu-host-visible,,9,0.4295421111111111,0.029137184684885235,0.429308,0.393968,0.477429,0.3786880075931549,42926.988241,26.202880859375,True,True,7.867813110351562e-06,4.947134129906772e-06,0.0,0,0.06783312725617308,3.393352,0.020356114674621152,68130.156162,1.482699,0.0712070590665678,1.0,7.9042365853885785,3.453695249098549,2.9640440000000003,0.0,0.0,0.0,1.053391,0.0,True,7.508976147764269,8.556923679021887,3.1282730182121634,3.7773608180007723
pilot-004-modal-l4-compiler-matched-20260811T162615Z.csv,20260811T162615Z,NVIDIA L4,modal,256,32,8,64,compiled-gpu-resident,,9,0.4277022222222222,0.12809886091489825,0.375892,0.347124,0.755525,0.3320960104465484,42926.988241,22.942626953125,True,True,7.867813110351562e-06,4.947134129906772e-06,0.0,0,0.29950478220415144,3.393352,0.020356114674621152,68130.156162,1.482699,0.0712070590665678,1.0,9.027465335787939,3.944481393591776,3.0174600000000003,0.0,0.0,0.0,1.1068069999999999,0.0,False,7.3869041891455565,9.551025237259537,3.226751856579873,4.175722764802488
pilot-004-modal-l4-compiler-matched-20260811T162615Z.csv,20260811T162615Z,NVIDIA L4,modal,4096,8,1,1,compiled-gpu-host-visible,,9,13.019726,0.479629704037396,12.866133,12.526503,13.971876,12.810751914978027,2556.364268,49.08040237426758,True,True,1.5735626220703125e-05,1.2078089639544489e-05,0.0,0,0.03683869415050639,15.318452,0.014003648332082836,1676.24614,13.511866,0.02222304057030036,1.0,1.190602646498369,1.0501885842467196,2.452319000000001,880.1181279999998,358.8921865385374,94081433.34795834,0.6457329999999999,1362.9752978398192,True,1.14521042142408,1.2277330478912611,1.0017250124883252,1.0783215904887662
pilot-004-modal-l4-compiler-matched-20260811T162615Z.csv,20260811T162615Z,NVIDIA L4,modal,4096,8,1,1,compiled-gpu-resident,,9,7.851687333333334,0.0839623896098724,7.849647,7.699057,7.96098,7.798208236694336,2556.364268,29.944026947021484,True,True,1.5735626220703125e-05,1.2078089639544489e-05,0.0,0,0.010693547265110879,15.318452,0.014003648332082836,1676.24614,13.511866,0.02222304057030036,1.0,1.9514829138176533,1.7213342205069857,7.468805000000001,880.1181279999998,117.83921631372084,30890843.521344036,5.6622189999999994,155.43696349434734,True,1.9292581211421762,1.9881625077440646,1.6874721105369481,1.7630102073881637
pilot-004-modal-l4-compiler-matched-20260811T162615Z.csv,20260811T162615Z,NVIDIA L4,modal,4096,8,1,64,compiled-gpu-host-visible,,9,0.45304277777777774,0.060690481085953214,0.434555,0.356838,0.541007,0.3876160085201263,23568.513422,1.657695770263672,True,True,1.5735626220703125e-05,1.2078089639544489e-05,0.0,0,0.13396192161730594,3.71653,0.017168583047029527,29142.308022,3.71653,0.017168583047029527,8.0,8.552496231777335,8.552496231777335,3.281975,0.0,0.0,0.0,3.281975,0.0,False,7.163218779506841,9.249803768641979,7.090166254718721,9.181805228503293
pilot-004-modal-l4-compiler-matched-20260811T162615Z.csv,20260811T162615Z,NVIDIA L4,modal,4096,8,1,64,compiled-gpu-resident,,9,0.4093125555555555,0.08489405296325403,0.392503,0.334456,0.615036,0.3417919874191284,23568.513422,1.4972801208496094,True,True,1.5735626220703125e-05,1.2078089639544489e-05,0.0,0,0.20740642282040003,3.71653,0.017168583047029527,29142.308022,3.71653,0.017168583047029527,8.0,9.468793869091447,9.468793869091447,3.324027,0.0,0.0,0.0,3.324027,0.0,False,8.224456604380663,10.488416795090767,8.224456604380663,10.488416795090767
pilot-004-modal-l4-compiler-matched-20260811T162615Z.csv,20260811T162615Z,NVIDIA L4,modal,4096,8,8,1,compiled-gpu-host-visible,,9,12.625920888888889,0.2936874425424264,12.735183,12.201968,13.021832,12.673664093017578,2048.93522,48.580867767333984,True,True,1.049041748046875e-05,7.106561952241464e-06,0.0,0,0.023260675013485818,16.4684,0.014885608452141052,1707.627902,16.4684,0.014885608452141052,8.0,1.29314199882326,1.29314199882326,3.733217,341.3073179999999,91.42445188693824,23966371.51544954,3.733217,91.42445188693824,True,1.27595702460742,1.3409464498173498,1.27595702460742,1.3409464498173498
pilot-004-modal-l4-compiler-matched-20260811T162615Z.csv,20260811T162615Z,NVIDIA L4,modal,4096,8,8,1,compiled-gpu-resident,,9,8.122008666666666,0.39591418948523444,7.982529,7.800476,9.140558,7.919328212738037,2048.93522,30.450931549072266,True,True,1.049041748046875e-05,7.106561952241464e-06,0.0,0,0.0487458467152462,16.4684,0.014885608452141052,1707.627902,16.4684,0.014885608452141052,8.0,2.0630554552322953,2.0630554552322953,8.485871,341.3073179999999,40.22065831545164,10543604.253445754,8.485871,40.22065831545164,True,2.033214968865736,2.0959031905803287,2.0171086655731996,2.0912221471893657
pilot-004-modal-l4-compiler-matched-20260811T162615Z.csv,20260811T162615Z,NVIDIA L4,modal,4096,8,8,64,compiled-gpu-host-visible,,9,0.43882299999999996,0.023201099564460308,0.437568,0.399259,0.471342,0.3869760036468506,31102.317316,1.669189453125,True,True,9.775161743164062e-06,6.662402029178338e-06,0.0,0,0.05287120220330363,4.160109,0.020392827219586008,41018.482935,4.160109,0.020392827219586008,8.0,9.507342858709961,9.507342858709961,3.722541,0.0,0.0,0.0,3.722541,0.0,True,8.951268193037706,9.858425412746211,8.858798621159247,9.85846466611204
pilot-004-modal-l4-compiler-matched-20260811T162615Z.csv,20260811T162615Z,NVIDIA L4,modal,4096,8,8,64,compiled-gpu-resident,,9,0.40063855555555555,0.08285463385368241,0.357928,0.33283,0.584443,0.3117760121822357,31102.317316,1.365386962890625,True,True,9.775161743164062e-06,6.662402029178338e-06,0.0,0,0.20680644112943636,4.160109,0.020392827219586008,41018.482935,4.160109,0.020392827219586008,8.0,11.62275373818198,11.62275373818198,3.802181,0.0,0.0,0.0,3.802181,0.0,False,8.606713941412595,11.83405243942914,8.517803729330938,11.83405243942914
pilot-004-modal-l4-compiler-matched-20260811T162615Z.csv,20260811T162615Z,NVIDIA L4,modal,4096,32,1,1,compiled-gpu-host-visible,,9,12.779656444444445,0.1849491276014234,12.703798,12.542349,13.075142,12.651455879211426,1507.015436,48.46114349365234,True,True,1.2159347534179688e-05,6.9537036324618384e-06,0.0,0,0.014472151767571518,16.215986,0.010693100970199742,1790.520408,16.215986,0.010693100970199742,8.0,1.2764675571825055,1.2764675571825055,3.512188,0.0,0.0,0.0,3.512188,0.0,True,1.246561783684936,1.2942471220600458,1.246561783684936,1.2942471220600458
pilot-004-modal-l4-compiler-matched-20260811T162615Z.csv,20260811T162615Z,NVIDIA L4,modal,4096,32,1,1,compiled-gpu-resident,,9,8.087530222222222,0.049632111253144005,8.096361,8.004317,8.168026,8.04377555847168,1507.015436,30.88516616821289,True,True,1.2159347534179688e-05,6.9537036324618384e-06,0.0,0,0.006136868721277745,16.215986,0.010693100970199742,1790.520408,16.215986,0.010693100970199742,8.0,2.0028733896623434,2.0028733896623434,8.119625000000001,0.0,0.0,0.0,8.119625000000001,0.0,True,1.9859617143714114,2.0304382420181533,1.9859617143714114,2.0304382420181533
pilot-004-modal-l4-compiler-matched-20260811T162615Z.csv,20260811T162615Z,NVIDIA L4,modal,4096,32,1,64,compiled-gpu-host-visible,,9,0.4785682222222223,0.10603308796995606,0.443333,0.396499,0.744354,0.3944000005722046,27096.080468,1.691181182861328,True,True,1.2159347534179688e-05,6.9537036324618384e-06,0.0,0,0.22156316079156585,4.128052,0.04664522684787091,31274.924833,4.128052,0.04664522684787091,8.0,9.31140248977631,9.31140248977631,3.6847190000000003,0.0,0.0,0.0,3.6847190000000003,0.0,False,8.08594520696914,10.069991413293783,8.046792347307344,10.027206685921705
pilot-004-modal-l4-compiler-matched-20260811T162615Z.csv,20260811T162615Z,NVIDIA L4,modal,4096,32,1,64,compiled-gpu-resident,,9,0.37091433333333335,0.02242788891090733,0.367297,0.339842,0.403285,0.3155519962310791,27096.080468,1.4011268615722656,True,True,1.2159347534179688e-05,6.9537036324618384e-06,0.0,0,0.06046649292129628,4.128052,0.04664522684787091,31274.924833,4.128052,0.04664522684787091,8.0,11.239002768876414,11.239002768876414,3.7607550000000005,0.0,0.0,0.0,3.7607550000000005,0.0,True,10.380030911580432,11.822190216636672,10.380030911580432,11.78832069259363
pilot-004-modal-l4-compiler-matched-20260811T162615Z.csv,20260811T162615Z,NVIDIA L4,modal,4096,32,8,1,compiled-gpu-host-visible,,9,13.01497088888889,0.19067083984215089,13.012512,12.818757,13.391436,12.954560279846191,2346.250228,49.6387939453125,False,True,3.427267074584961e-05,0.0001128676449297,0.1071510314941406,0,0.014650116505825607,17.223475,0.02590868229447399,1790.274506,17.223475,0.02590868229447399,8.0,1.3236087697748138,1.3236087697748138,4.210963000000001,555.9757219999999,132.03054075754162,34611014.07634499,4.210963000000001,132.03054075754162,True,1.304341376540668,1.3536718306732312,1.304341376540668,1.3536718306732312
pilot-004-modal-l4-compiler-matched-20260811T162615Z.csv,20260811T162615Z,NVIDIA L4,modal,4096,32,8,1,compiled-gpu-resident,,9,8.051794777777777,0.11449395790256581,8.062329,7.895427,8.295735,8.008064270019531,2346.250228,30.75534439086914,False,True,3.427267074584961e-05,0.0001128676449297,0.1071510314941406,0,0.01421968158187026,17.223475,0.02590868229447399,1790.274506,17.223475,0.02590868229447399,8.0,2.1362902704665117,2.1362902704665117,9.161146,555.9757219999999,60.688446838419544,15909112.208010653,9.161146,60.688446838419544,True,2.1101070182538715,2.1758724666732685,2.1101070182538715,2.174280443120982
pilot-004-modal-l4-compiler-matched-20260811T162615Z.csv,20260811T162615Z,NVIDIA L4,modal,4096,32,8,64,compiled-gpu-host-visible,,9,0.43119722222222223,0.024330345249183056,0.441052,0.384795,0.459337,0.3899840116500854,38596.505797,1.6824798583984375,True,True,1.2159347534179688e-05,6.984919309616089e-06,0.0,0,0.056425097369120214,4.082777,0.028118927088177606,40659.588806,4.082777,0.028118927088177606,8.0,9.256906215140166,9.256906215140166,3.641725,0.0,0.0,0.0,3.641725,0.0,True,9.024142278008036,10.148224354140343,9.024142278008036,10.148224354140343
pilot-004-modal-l4-compiler-matched-20260811T162615Z.csv,20260811T162615Z,NVIDIA L4,modal,4096,32,8,64,compiled-gpu-resident,,9,0.40672244444444444,0.10439148980773183,0.377656,0.297674,0.653398,0.3250879943370819,38596.505797,1.440643310546875,True,True,1.2159347534179688e-05,6.984919309616089e-06,0.0,0,0.256665180969601,4.082777,0.028118927088177606,40659.588806,4.082777,0.028118927088177606,8.0,10.810835787065479,10.810835787065479,3.705121,0.0,0.0,0.0,3.705121,0.0,False,8.594763760094937,11.811462998538133,8.594763760094937,11.811462998538133
pilot-004-modal-l4-compiler-matched-20260811T162615Z.csv,20260811T162615Z,NVIDIA L4,modal,65536,8,1,1,compiled-gpu-host-visible,,9,21.621381555555555,0.7285274176398767,21.70072,20.724218,22.959267,21.64512062072754,2053.105102,5.173854827880859,True,True,1.33514404296875e-05,1.4445005035668146e-05,0.0,0,0.03369476718071624,26.633283,0.04810448186548243,2459.418878,26.633283,0.04810448186548243,8.0,1.2272995089563847,1.2272995089563847,4.932562999999998,0.0,0.0,0.0,4.932562999999998,0.0,True,1.1957757874542798,1.3151118133425932,1.1957757874542798,1.3151118133425932
pilot-004-modal-l4-compiler-matched-20260811T162615Z.csv,20260811T162615Z,NVIDIA L4,modal,65536,8,1,1,compiled-gpu-resident,,9,8.219181888888889,0.48014930359978775,8.089378,7.566512,9.186327,8.035136222839355,2053.105102,1.9286580085754397,True,True,1.33514404296875e-05,1.4445005035668146e-05,0.0,0,0.05841813821505498,26.633283,0.04810448186548243,2459.418878,26.633283,0.04810448186548243,8.0,3.2923771147794056,3.2923771147794056,18.543905,0.0,0.0,0.0,18.543905,0.0,True,3.1408590388717395,3.485182915175926,3.1408590388717395,3.485182915175926
pilot-004-modal-l4-compiler-matched-20260811T162615Z.csv,20260811T162615Z,NVIDIA L4,modal,65536,8,1,64,compiled-gpu-host-visible,,9,0.6071905555555556,0.02590425279327273,0.595336,0.580364,0.656827,0.5423359870910645,24037.6227,0.1419391632080078,True,True,1.33514404296875e-05,1.4445005035668146e-05,0.0,0,0.04266247647671554,13.803794,0.021211210120078598,29664.948536,13.803794,0.021211210120078598,8.0,23.186560194579197,23.186560194579197,13.208458,0.0,0.0,0.0,13.208458,0.0,True,21.889551015110722,23.867523429415105,21.903531376185086,23.867523429415105
pilot-004-modal-l4-compiler-matched-20260811T162615Z.csv,20260811T162615Z,NVIDIA L4,modal,65536,8,1,64,compiled-gpu-resident,,9,0.351477,0.018391814028257243,0.340168,0.333839,0.383975,0.2939519882202148,24037.6227,0.0811023712158203,True,True,1.33514404296875e-05,1.4445005035668146e-05,0.0,0,0.05232721921564496,13.803794,0.021211210120078598,29664.948536,13.803794,0.021211210120078598,8.0,40.579343148091525,40.579343148091525,13.463626,0.0,0.0,0.0,13.463626,0.0,True,37.311509199805755,41.39651073392868,37.293556288168304,41.39651073392868
pilot-004-modal-l4-compiler-matched-20260811T162615Z.csv,20260811T162615Z,NVIDIA L4,modal,65536,8,8,1,compiled-gpu-host-visible,,9,23.836354555555555,1.8251309925325985,24.682944,20.953651,26.046557,24.61612892150879,2045.137917,5.8848724365234375,False,False,5.459785461425781e-05,0.0017519114771857,0.107147216796875,0,0.07656921649989529,44.659268,0.03144703369310265,1783.219111,44.659268,0.03144703369310265,8.0,1.8093169113052316,1.8093169113052316,19.976323999999998,261.9188059999999,13.111461648299253,54993456.03730815,19.976323999999998,13.111461648299253,True,1.722663738416125,2.074759560182788,1.722663738416125,2.063465917661241
pilot-004-modal-l4-compiler-matched-20260811T162615Z.csv,20260811T162615Z,NVIDIA L4,modal,65536,8,8,1,compiled-gpu-resident,,9,8.20523,0.5825981654826515,8.01336,7.809627,9.609177,7.955872058868408,2045.137917,1.910533905029297,False,False,5.459785461425781e-05,0.0017519114771857,0.107147216796875,0,0.07100327053387309,44.659268,0.03144703369310265,1783.219111,44.659268,0.03144703369310265,8.0,5.573101420627551,5.573101420627551,36.645908,261.9188059999999,7.147286567438851,29977892.63895504,36.645908,7.147286567438851,True,5.243989589706849,5.778264465911431,5.230363848457482,5.787494005142687
pilot-004-modal-l4-compiler-matched-20260811T162615Z.csv,20260811T162615Z,NVIDIA L4,modal,65536,8,8,64,compiled-gpu-host-visible,,9,0.6551051111111111,0.1084002031126377,0.609465,0.587496,0.93218,0.5561919808387756,31073.323123,0.1453077793121338,False,False,5.4717063903808594e-05,0.0017520167166367,0.107147216796875,0,0.1654699395167017,30.892005,0.005951068584181599,42199.707534,30.892005,0.005951068584181599,8.0,50.687086214959024,50.687086214959024,30.28254,0.0,0.0,0.0,30.28254,0.0,False,45.896909863092574,51.980371909527506,45.896909863092574,51.980371909527506
pilot-004-modal-l4-compiler-matched-20260811T162615Z.csv,20260811T162615Z,NVIDIA L4,modal,65536,8,8,64,compiled-gpu-resident,,9,0.34599477777777776,0.035859388682665035,0.341357,0.305278,0.407974,0.3012160062789917,31073.323123,0.081385850906372,False,False,5.4717063903808594e-05,0.0017520167166367,0.107147216796875,0,0.10364141595714044,30.892005,0.005951068584181599,42199.707534,30.892005,0.005951068584181599,8.0,90.49764615929949,90.49764615929949,30.550648000000002,0.0,0.0,0.0,30.550648000000002,0.0,False,78.9471554883963,99.6254100266033,78.9471554883963,99.6254100266033
pilot-004-modal-l4-compiler-matched-20260811T162615Z.csv,20260811T162615Z,NVIDIA L4,modal,65536,32,1,1,compiled-gpu-host-visible,,9,22.79254733333333,1.9123056340918012,23.131031,19.811221,25.378898,23.06563186645508,1984.79727,5.514867544174194,True,True,1.52587890625e-05,1.229636836796999e-05,0.0,0,0.08390047878918382,34.471888,0.06554140623291947,1857.245963,34.471888,0.06554140623291947,8.0,1.4902875708393628,1.4902875708393628,11.340857,127.55130699999995,11.247060693914046,47173591.65672646,11.340857,11.247060693914046,True,1.4027645440750158,1.6741493205982567,1.399127159562259,1.7053343868192075
pilot-004-modal-l4-compiler-matched-20260811T162615Z.csv,20260811T162615Z,NVIDIA L4,modal,65536,32,1,1,compiled-gpu-resident,,9,7.842296111111111,0.10645835383900656,7.868111,7.582949,7.960249,7.815616130828857,1984.79727,1.875903844833374,True,True,1.52587890625e-05,1.229636836796999e-05,0.0,0,0.013574895965503571,34.471888,0.06554140623291947,1857.245963,34.471888,0.06554140623291947,8.0,4.381215262468971,4.381215262468971,26.603777,127.55130699999995,4.7944811370205045,20109511.41092965,26.603777,4.7944811370205045,True,4.27804994685288,4.908706769361654,4.27804994685288,4.5752235818987765
pilot-004-modal-l4-compiler-matched-20260811T162615Z.csv,20260811T162615Z,NVIDIA L4,modal,65536,32,1,64,compiled-gpu-host-visible,,9,0.6171289999999999,0.14257001674352854,0.572449,0.515365,0.974468,0.5044159889221191,25269.421735,0.1364824771881103,True,True,1.52587890625e-05,1.229636836796999e-05,0.0,0,0.23102141812089297,14.28572,0.02583734045432255,30033.688025,14.28572,0.02583734045432255,8.0,24.95544581264008,24.95544581264008,13.713270999999999,0.0,0.0,0.0,13.713270999999999,0.0,False,21.267053627909803,27.05357854864434,21.267053627909803,27.07063550484603
pilot-004-modal-l4-compiler-matched-20260811T162615Z.csv,20260811T162615Z,NVIDIA L4,modal,65536,32,1,64,compiled-gpu-resident,,9,0.3738593333333333,0.03456785366131371,0.362174,0.342636,0.449306,0.3110080063343048,25269.421735,0.0863490104675293,True,True,1.52587890625e-05,1.229636836796999e-05,0.0,0,0.09246219253938748,14.28572,0.02583734045432255,30033.688025,14.28572,0.02583734045432255,8.0,39.4443554755449,39.4443554755449,13.923546,0.0,0.0,0.0,13.923546,0.0,True,34.87209880375291,40.76125692992042,34.87209880375291,40.754515237004554
pilot-004-modal-l4-compiler-matched-20260811T162615Z.csv,20260811T162615Z,NVIDIA L4,modal,65536,32,8,1,compiled-gpu-host-visible,,9,24.478166666666667,0.3436397563146613,24.293154,24.109674,25.06568,24.227039337158203,2274.695136,5.79193925857544,False,True,2.8431415557861328e-05,0.0387056022882461,0.107147216796875,0,0.014038623112351606,51.3872,0.029000362880021283,2412.486482,51.3872,0.029000362880021283,8.0,2.115295527291351,2.115295527291351,27.094046,0.0,0.0,0.0,27.094046,0.0,True,2.0540343118997004,2.1855319321185824,2.0540343118997004,2.195856577536206
pilot-004-modal-l4-compiler-matched-20260811T162615Z.csv,20260811T162615Z,NVIDIA L4,modal,65536,32,8,1,compiled-gpu-resident,,9,8.16910211111111,0.4895554736586154,8.033393,7.847376,9.451615,7.981344223022461,2274.695136,1.9153101444244385,False,True,2.8431415557861328e-05,0.0387056022882461,0.107147216796875,0,0.059927696703992984,51.3872,0.029000362880021283,2412.486482,51.3872,0.029000362880021283,8.0,6.396699377212094,6.396699377212094,43.353807,0.0,0.0,0.0,43.353807,0.0,True,6.234481972184853,6.609616319611325,6.234481972184853,6.609616319611325
pilot-004-modal-l4-compiler-matched-20260811T162615Z.csv,20260811T162615Z,NVIDIA L4,modal,65536,32,8,64,compiled-gpu-host-visible,,9,0.7802623333333334,0.07574408665037821,0.738865,0.71962,0.943538,0.6910399794578552,38045.324664,0.1761591434478759,False,False,2.8431415557861328e-05,0.0387056022882461,0.107147216796875,0,0.09707515461728668,28.299093,0.014536689081667654,41856.908271,28.299093,0.014536689081667654,8.0,38.30076265623625,38.30076265623625,27.560228,0.0,0.0,0.0,27.560228,0.0,True,33.715352945922284,38.99890867309749,33.715352945922284,38.99890867309749
pilot-004-modal-l4-compiler-matched-20260811T162615Z.csv,20260811T162615Z,NVIDIA L4,modal,65536,32,8,64,compiled-gpu-resident,,9,0.5588348888888889,0.07148798949726529,0.52343,0.504628,0.722918,0.4837760031223297,38045.324664,0.1247954368591308,False,False,2.8431415557861328e-05,0.0387056022882461,0.107147216796875,0,0.12792327558396052,28.299093,0.014536689081667654,41856.908271,28.299093,0.014536689081667654,8.0,54.064713524253484,54.064713524253484,27.775662999999998,0.0,0.0,0.0,27.775662999999998,0.0,False,46.94602365678819,56.01168356965978,46.94602365678819,56.01168356965978
pilot-004-modal-l4-compiler-matched-20260811T162615Z.csv,20260811T162615Z,NVIDIA L4,modal,1048576,8,1,1,compiled-gpu-host-visible,,9,123.15138833333334,4.269466704664881,124.960842,116.39408,128.245048,124.89679718017578,1518.484497,1.8620616495609283,True,True,1.5735626220703125e-05,1.6057128959801048e-05,0.0,0,0.03466844152100611,203.699566,0.004646380525527697,1734.661009,203.699566,0.004646380525527697,8.0,1.6301071818962296,1.6301071818962296,78.738724,0.0,0.0,0.0,78.738724,0.0,True,1.6003227012825583,1.7265635451999073,1.6031431517463195,1.7265635451999073
pilot-004-modal-l4-compiler-matched-20260811T162615Z.csv,20260811T162615Z,NVIDIA L4,modal,1048576,8,1,1,compiled-gpu-resident,,9,17.884024333333333,0.11874156145490952,17.949989,17.734924,18.042932,17.895647048950195,1518.484497,0.2674756795167923,True,True,1.5735626220703125e-05,1.6057128959801048e-05,0.0,0,0.0066395325370695105,203.699566,0.004646380525527697,1734.661009,203.699566,0.004646380525527697,8.0,11.348172191080453,11.348172191080453,185.74957700000002,0.0,0.0,0.0,185.74957700000002,0.0,True,11.328514532571486,11.511266947155791,11.328514532571486,11.511266947155791
pilot-004-modal-l4-compiler-matched-20260811T162615Z.csv,20260811T162615Z,NVIDIA L4,modal,1048576,8,1,64,compiled-gpu-host-visible,,9,3.4902437777777777,0.16337069781005545,3.568193,3.148561,3.647852,3.5106239318847656,24457.184841,0.0531702190637588,True,True,1.5735626220703125e-05,1.6057128959801048e-05,0.0,0,0.046807818654453076,167.778084,0.025561924829076342,31527.135993,167.778084,0.025561924829076342,8.0,47.02046217791471,47.02046217791471,164.209891,0.0,0.0,0.0,164.209891,0.0,True,46.03008203643052,49.73581047976876,46.03008203643052,49.71956244772665
pilot-004-modal-l4-compiler-matched-20260811T162615Z.csv,20260811T162615Z,NVIDIA L4,modal,1048576,8,1,64,compiled-gpu-resident,,9,1.6974834444444444,0.021664225956118978,1.686517,1.676814,1.734443,1.6445120573043823,24457.184841,0.0251310616731643,True,True,1.5735626220703125e-05,1.6057128959801048e-05,0.0,0,0.01276255507941598,167.778084,0.025561924829076342,31527.135993,167.778084,0.025561924829076342,8.0,99.48199988497004,99.48199988497004,166.091567,0.0,0.0,0.0,166.091567,0.0,True,96.18052974560612,101.46369954320045,96.18052974560612,100.91496172697684
pilot-004-modal-l4-compiler-matched-20260811T162615Z.csv,20260811T162615Z,NVIDIA L4,modal,1048576,8,8,1,compiled-gpu-host-visible,,9,124.52720766666668,2.238124073312738,124.274982,120.130458,128.160942,124.20848083496094,1705.430313,1.851841539144516,False,False,5.936622619628906e-05,0.005228400696069,0.107147216796875,0,0.01797297245517404,386.712702,0.01176389428684276,1798.575036,386.712702,0.01176389428684276,8.0,3.111750215341009,3.111750215341009,262.43772,0.0,0.0,0.0,262.43772,0.0,True,3.058876680031135,3.1331060823563988,3.0569238325563517,3.1331060823563988
pilot-004-modal-l4-compiler-matched-20260811T162615Z.csv,20260811T162615Z,NVIDIA L4,modal,1048576,8,8,1,compiled-gpu-resident,,9,16.02774711111111,0.19337726365154997,16.116027,15.762455,16.312766,16.07356834411621,1705.430313,0.240147516131401,False,False,5.936622619628906e-05,0.005228400696069,0.107147216796875,0,0.012065155652318266,386.712702,0.01176389428684276,1798.575036,386.712702,0.01176389428684276,8.0,23.99553574835783,23.99553574835783,370.596675,0.0,0.0,0.0,370.596675,0.0,True,23.834890295583744,24.473004046328896,23.834890295583744,24.473004046328896
pilot-004-modal-l4-compiler-matched-20260811T162615Z.csv,20260811T162615Z,NVIDIA L4,modal,1048576,8,8,64,compiled-gpu-host-visible,,9,3.681726,0.19382746438779025,3.766683,3.357808,3.86258,3.7118079662323,33167.482528,0.0561279505491256,False,False,5.936622619628906e-05,0.0052283275872468,0.107147216796875,0,0.052645814595597355,346.420516,0.0497712457339994,42886.827062,346.420516,0.0497712457339994,8.0,91.96964968912967,91.96964968912967,342.653833,0.0,0.0,0.0,342.653833,0.0,True,87.5842361663713,104.79620265255387,87.5842361663713,104.79620265255387
pilot-004-modal-l4-compiler-matched-20260811T162615Z.csv,20260811T162615Z,NVIDIA L4,modal,1048576,8,8,64,compiled-gpu-resident,,9,1.9620764444444445,0.0187330562983667,1.96348,1.932701,1.99096,1.9184319972991943,33167.482528,0.0292581319808959,False,False,5.936622619628906e-05,0.0052283275872468,0.107147216796875,0,0.009547566992819643,346.420516,0.0497712457339994,42886.827062,346.420516,0.0497712457339994,8.0,176.43190457758675,176.43190457758675,344.457036,0.0,0.0,0.0,344.457036,0.0,True,170.28625615690774,190.2198182153291,170.4340840221639,190.2198182153291
pilot-004-modal-l4-compiler-matched-20260811T162615Z.csv,20260811T162615Z,NVIDIA L4,modal,1048576,32,1,1,compiled-gpu-host-visible,,9,184.159282,21.499843867096793,196.665895,147.008304,201.492118,196.59971618652344,1899.221857,2.930550202727318,True,True,1.71661376953125e-05,1.119875469157705e-05,0.0,0,0.11674591491455096,826.663625,0.05206341332965785,1724.599062,826.663625,0.05206341332965785,8.0,4.203390857372601,4.203390857372601,629.99773,174.622795,0.27718003841061456,18601237.50121271,629.99773,0.27718003841061456,False,3.80026661766598,5.077311604712101,3.80026661766598,5.077311604712101
pilot-004-modal-l4-compiler-matched-20260811T162615Z.csv,20260811T162615Z,NVIDIA L4,modal,1048576,32,1,1,compiled-gpu-resident,,9,72.57726733333334,0.4989927625364487,72.419166,72.142738,73.496578,72.34249877929688,1899.221857,1.0791296660900116,True,True,1.71661376953125e-05,1.119875469157705e-05,0.0,0,0.0068753313657384145,826.663625,0.05206341332965785,1724.599062,826.663625,0.05206341332965785,8.0,11.414984052702291,11.414984052702291,754.244459,174.622795,0.2315201562521522,15537054.679184431,754.244459,0.2315201562521522,True,10.362448791607651,11.47645775614314,10.369451037312414,11.47645775614314
pilot-004-modal-l4-compiler-matched-20260811T162615Z.csv,20260811T162615Z,NVIDIA L4,modal,1048576,32,1,64,compiled-gpu-host-visible,,9,6.307939222222222,0.8605904633923993,6.091014,5.741115,8.563879,6.028992176055908,24471.324875,0.0907631814479827,True,True,1.71661376953125e-05,1.119875469157705e-05,0.0,0,0.13642973292460198,221.998349,0.010425004720816573,30797.709179,221.998349,0.010425004720816573,8.0,36.44686237792262,36.44686237792262,215.907335,0.0,0.0,0.0,215.907335,0.0,False,35.552015387589286,37.65243152209007,35.552015387589286,37.65243152209007
pilot-004-modal-l4-compiler-matched-20260811T162615Z.csv,20260811T162615Z,NVIDIA L4,modal,1048576,32,1,64,compiled-gpu-resident,,9,4.300902,0.02029833578153661,4.296797,4.272058,4.341946,4.257376194000244,24471.324875,0.064027264714241,True,True,1.71661376953125e-05,1.119875469157705e-05,0.0,0,0.004719553196407779,221.998349,0.010425004720816573,30797.709179,221.998349,0.010425004720816573,8.0,51.66600819168325,51.66600819168325,217.701552,0.0,0.0,0.0,217.701552,0.0,True,50.90344704273158,52.12392925632928,50.90344704273158,52.12599729020593
pilot-004-modal-l4-compiler-matched-20260811T162615Z.csv,20260811T162615Z,NVIDIA L4,modal,1048576,32,8,1,compiled-gpu-host-visible,,9,189.996368,6.142656015959675,189.969129,178.51261,197.928812,189.90106201171875,2424.43692,2.8307606130838394,False,False,4.2319297790527344e-05,0.0158994998782873,0.107147216796875,0,0.03233038652591336,998.946756,0.009586586837254689,1801.964702,998.946756,0.009586586837254689,8.0,5.25846889575411,5.25846889575411,808.977627,622.4722180000001,0.7694554178319695,51637278.989348814,808.977627,0.7694554178319695,True,5.1066538420637055,5.439919408421025,5.1066538420637055,5.439919408421025
pilot-004-modal-l4-compiler-matched-20260811T162615Z.csv,20260811T162615Z,NVIDIA L4,modal,1048576,32,8,1,compiled-gpu-resident,,9,78.17705533333333,0.0479937085928982,78.177193,78.12334,78.253312,78.07023620605469,2424.43692,1.1649309545755386,False,False,4.2319297790527344e-05,0.0158994998782873,0.107147216796875,0,0.0006139104164036545,998.946756,0.009586586837254689,1801.964702,998.946756,0.009586586837254689,8.0,12.777981885330675,12.777981885330675,920.7695630000001,622.4722180000001,0.6760347463831188,45367923.85429921,920.7695630000001,0.6760347463831188,True,12.576318511505391,12.806690660073915,12.576318511505391,12.806690660073915
pilot-004-modal-l4-compiler-matched-20260811T162615Z.csv,20260811T162615Z,NVIDIA L4,modal,1048576,32,8,64,compiled-gpu-host-visible,,9,8.079675333333334,0.14662338665267566,8.101854,7.794866,8.261157,8.046624183654785,38458.651839,0.1207270324230194,False,False,4.208087921142578e-05,0.0158994998782873,0.107147216796875,0,0.018147187925704068,413.783473,0.039203234531263634,41595.835445,413.783473,0.039203234531263634,8.0,51.07268941158407,51.07268941158407,405.681619,0.0,0.0,0.0,405.681619,0.0,True,48.33105800619762,52.44161225319538,48.33105800619762,52.44161225319538
pilot-004-modal-l4-compiler-matched-20260811T162615Z.csv,20260811T162615Z,NVIDIA L4,modal,1048576,32,8,64,compiled-gpu-resident,,9,6.808710444444444,0.4346161991668941,6.721618,6.293672,7.515923,6.682688236236572,38458.651839,0.1001599133014679,False,False,4.208087921142578e-05,0.0158994998782873,0.107147216796875,0,0.06383238099389561,413.783473,0.039203234531263634,41595.835445,413.783473,0.039203234531263634,8.0,61.56009951770541,61.56009951770541,407.06185500000004,0.0,0.0,0.0,407.06185500000004,0.0,True,55.467157885180264,65.6326168708137,56.15672649229036,65.6326168708137
