source_file,run_id,hardware,provider,requested_gpu,placement_replicate,agent_count,state_width,action_count,observation_horizon,wall_ms_median,device_ms_median,wall_to_device_ratio,wall_ms_cv,best_cpu_wall_ms_median,best_cpu_threads,speedup_vs_best_cpu,speedup_vs_best_cpu_bootstrap_ci_low,speedup_vs_best_cpu_bootstrap_ci_high,compile_first_call_ms,ns_per_agent_step_median,gpu_price_usd_per_second,gpu_cost_usd_per_billion_agent_steps,pricing_captured_at,pricing_source,shape_valid
pilot-018-modal-a10-rep1-20260811T180124Z.csv,20260811T180124Z,NVIDIA A10,modal,A10,1,8,8,1,1,4.844595999999999,4.795520067214966,1.0102337039772904,0.03866492760838441,4.000907,1.0,0.8258494619571994,0.8165247833663798,0.8798983120279311,1210.512507,9462.1015625,0.000306,2.895403078125,2026-08-11,https://modal.com/pricing,True
pilot-018-modal-a10-rep1-20260811T180124Z.csv,20260811T180124Z,NVIDIA A10,modal,A10,1,16,8,1,1,4.5671420000000005,4.531680107116699,1.0078253301303441,0.016403042846032334,4.200266,8.0,0.9196705510798656,0.9084244055262607,0.9281703633627449,1578.100853,4460.099609375,0.000306,1.36479048046875,2026-08-11,https://modal.com/pricing,True
pilot-018-modal-a10-rep1-20260811T180124Z.csv,20260811T180124Z,NVIDIA A10,modal,A10,1,32,8,1,1,4.646224,4.603919982910156,1.0091886951221736,0.023476213340610848,4.5620305000000005,8.0,0.9818791560630741,0.9526770020190186,0.9942622282277064,1013.337855,2268.6640625,0.000306,0.6942112031250001,2026-08-11,https://modal.com/pricing,True
pilot-018-modal-a10-rep1-20260811T180124Z.csv,20260811T180124Z,NVIDIA A10,modal,A10,1,64,8,1,1,4.865754,4.812896013259888,1.0109825740249705,0.0731211531864934,4.632827000000001,8.0,0.9521293102775029,0.9393345239110419,0.9749032771301015,741.804403,1187.92822265625,0.000306,0.3635060361328125,2026-08-11,https://modal.com/pricing,True
pilot-018-modal-a10-rep1-20260811T180124Z.csv,20260811T180124Z,NVIDIA A10,modal,A10,1,128,8,1,1,4.742312500000001,4.696303844451904,1.0097967799937924,0.017603499018219535,4.8268555,1.0,1.0178273785205,1.0083993305200636,1.03025665607602,1206.677564,578.8955688476562,0.000306,0.17714204406738282,2026-08-11,https://modal.com/pricing,True
pilot-018-modal-a10-rep1-20260811T180124Z.csv,20260811T180124Z,NVIDIA A10,modal,A10,1,256,8,1,1,4.913696,4.855648040771484,1.0119547295728817,0.019921560267658723,5.090106499999999,1.0,1.0359017936803578,1.0258073633016425,1.0474461765289975,1264.145493,299.908203125,0.000306,0.09177191015625,2026-08-11,https://modal.com/pricing,True
pilot-018-modal-a10-rep1-20260811T180124Z.csv,20260811T180124Z,NVIDIA A10,modal,A10,1,8,8,1,64,0.17092000000000002,0.14788799732923505,1.1557394993962227,0.3486955836276543,0.47014049999999996,8.0,2.7506465012871515,2.450227007783871,2.9336411174067534,11180.546001,333.828125,0.000306,0.10215140625000001,2026-08-11,https://modal.com/pricing,True
pilot-018-modal-a10-rep1-20260811T180124Z.csv,20260811T180124Z,NVIDIA A10,modal,A10,1,16,8,1,64,0.1752675,0.15187200158834452,1.1540474752882361,0.3202467550611412,0.4855525,1.0,2.770351034846734,2.4070505872174546,2.9252315665879953,10490.127894,171.15966796875,0.000306,0.0523748583984375,2026-08-11,https://modal.com/pricing,True
pilot-018-modal-a10-rep1-20260811T180124Z.csv,20260811T180124Z,NVIDIA A10,modal,A10,1,32,8,1,64,0.2108295,0.1825600042939186,1.1548504329599378,0.30400719629731265,0.48839449999999995,1.0,2.3165377710424773,2.0140305360801394,2.9211297806268006,11878.076697,102.944091796875,0.000306,0.03150089208984375,2026-08-11,https://modal.com/pricing,True
pilot-018-modal-a10-rep1-20260811T180124Z.csv,20260811T180124Z,NVIDIA A10,modal,A10,1,64,8,1,64,0.166356,0.14257600158452985,1.1667882262876588,0.3437148099415117,0.5222485,8.0,3.1393427348577747,2.8241368958270785,3.603863264510178,11099.470422,40.6142578125,0.000306,0.012427962890625,2026-08-11,https://modal.com/pricing,True
pilot-018-modal-a10-rep1-20260811T180124Z.csv,20260811T180124Z,NVIDIA A10,modal,A10,1,128,8,1,64,0.19273200000000001,0.16883199661970133,1.1415608644025819,0.31049687675572846,0.5736195,1.0,2.976254591868501,2.4634202670822334,3.277319008109813,11475.604362,23.52685546875,0.000306,0.007199217773437501,2026-08-11,https://modal.com/pricing,True
pilot-018-modal-a10-rep1-20260811T180124Z.csv,20260811T180124Z,NVIDIA A10,modal,A10,1,256,8,1,64,0.168572,0.144175998866558,1.1692098638138912,0.2800480437763156,0.674909,1.0,4.0036838858173365,3.6560192826266644,4.121429879724037,11419.509197,10.288818359375,0.000306,0.00314837841796875,2026-08-11,https://modal.com/pricing,True
pilot-019-modal-a10-rep2-20260811T180342Z.csv,20260811T180342Z,NVIDIA A10,modal,A10,2,8,8,1,1,4.5104845000000005,4.475023984909058,1.0079240949792727,0.026204717442199148,4.185608,1.0,0.9279730370429163,0.9132341709504987,0.933629672010517,867.711067,8809.5400390625,0.000306,2.695719251953125,2026-08-11,https://modal.com/pricing,True
pilot-019-modal-a10-rep2-20260811T180342Z.csv,20260811T180342Z,NVIDIA A10,modal,A10,2,16,8,1,1,4.700626,4.660799980163574,1.0085448892906637,0.01791274890030311,4.1727005,8.0,0.8876903842169108,0.8749046683770345,0.8964196146354293,879.5271,4590.455078125,0.000306,1.40467925390625,2026-08-11,https://modal.com/pricing,True
pilot-019-modal-a10-rep2-20260811T180342Z.csv,20260811T180342Z,NVIDIA A10,modal,A10,2,32,8,1,1,4.6560425,4.619776010513306,1.0078502701005767,0.014049776932323723,4.2098895,8.0,0.9041776358355836,0.8956560042674753,0.9191840098907892,991.576619,2273.458251953125,0.000306,0.6956782250976563,2026-08-11,https://modal.com/pricing,True
pilot-019-modal-a10-rep2-20260811T180342Z.csv,20260811T180342Z,NVIDIA A10,modal,A10,2,64,8,1,1,4.7088255,4.665791988372803,1.0092231954905913,0.018318896751515754,4.3888015,8.0,0.9320374050811608,0.9167975418432525,0.9531315349059383,958.222708,1149.6156005859375,0.000306,0.3517823737792969,2026-08-11,https://modal.com/pricing,True
pilot-019-modal-a10-rep2-20260811T180342Z.csv,20260811T180342Z,NVIDIA A10,modal,A10,2,128,8,1,1,4.7443729999999995,4.702704191207886,1.0088606059615695,0.01945224474571058,4.7335265,8.0,0.9977138180324355,0.9893035877645598,1.01699294982056,1178.025485,579.1470947265625,0.000306,0.17721901098632814,2026-08-11,https://modal.com/pricing,True
pilot-019-modal-a10-rep2-20260811T180342Z.csv,20260811T180342Z,NVIDIA A10,modal,A10,2,256,8,1,1,4.678756,4.636175870895386,1.0091843213653564,0.02099758571392244,4.8585329999999995,1.0,1.0384241024751022,1.0256504326639155,1.049856672403225,1153.783172,285.568603515625,0.000306,0.08738399267578126,2026-08-11,https://modal.com/pricing,True
pilot-019-modal-a10-rep2-20260811T180342Z.csv,20260811T180342Z,NVIDIA A10,modal,A10,2,8,8,1,64,0.219993,0.19240000098943705,1.1434147550346314,0.3136775548186059,0.48409599999999997,1.0,2.2005063797484463,1.7973257415740658,2.913639627549722,10326.704295,429.673828125,0.000306,0.13148019140625,2026-08-11,https://modal.com/pricing,True
pilot-019-modal-a10-rep2-20260811T180342Z.csv,20260811T180342Z,NVIDIA A10,modal,A10,2,16,8,1,64,0.1967375,0.1713280007243156,1.1483090864789283,0.33139528385153005,0.46667400000000003,8.0,2.3720642988754053,1.7393547576761468,2.723513793362758,10023.035143,192.12646484375,0.000306,0.0587906982421875,2026-08-11,https://modal.com/pricing,True
pilot-019-modal-a10-rep2-20260811T180342Z.csv,20260811T180342Z,NVIDIA A10,modal,A10,2,32,8,1,64,0.252164,0.21972800046205515,1.1476188718312494,0.30425951745310076,0.508072,8.0,2.014847480211291,1.7551645808331904,2.9231859523146757,10307.314069,123.126953125,0.000306,0.03767684765625,2026-08-11,https://modal.com/pricing,True
pilot-019-modal-a10-rep2-20260811T180342Z.csv,20260811T180342Z,NVIDIA A10,modal,A10,2,64,8,1,64,0.1672555,0.14566399902105326,1.1482281217325776,0.34680178976113973,0.497445,1.0,2.9741622846483375,2.6910008163893573,3.0633267908298363,11588.32383,40.8338623046875,0.000306,0.012495161865234375,2026-08-11,https://modal.com/pricing,True
pilot-019-modal-a10-rep2-20260811T180342Z.csv,20260811T180342Z,NVIDIA A10,modal,A10,2,128,8,1,64,0.17652099999999998,0.15398400276899335,1.1463593413974087,0.30576073198325276,0.5784294999999999,8.0,3.2768310852533125,2.768974440185316,3.500621089169831,11434.734971,21.5479736328125,0.000306,0.006593679931640626,2026-08-11,https://modal.com/pricing,True
pilot-019-modal-a10-rep2-20260811T180342Z.csv,20260811T180342Z,NVIDIA A10,modal,A10,2,256,8,1,64,0.17365799999999998,0.14963199943304056,1.1605672627378805,0.309418706638106,0.6777805,1.0,3.9029615681396774,3.4010712662317717,4.699946974606728,11550.1846,10.5992431640625,0.000306,0.0032433684082031253,2026-08-11,https://modal.com/pricing,True
pilot-020-modal-a10-rep3-20260811T180428Z.csv,20260811T180428Z,NVIDIA A10,modal,A10,3,8,8,1,1,4.736552,4.695199966430664,1.0088072997667812,0.019937122446157637,4.168322,8.0,0.8800329860202105,0.8722834066460897,0.8909925330502155,857.293089,9251.078125,0.000306,2.83082990625,2026-08-11,https://modal.com/pricing,True
pilot-020-modal-a10-rep3-20260811T180428Z.csv,20260811T180428Z,NVIDIA A10,modal,A10,3,16,8,1,1,4.706284999999999,4.667407989501953,1.008329464787627,0.09354266554561518,4.161365,8.0,0.8842144069048093,0.8796517446042327,0.8905137152058363,851.431296,4595.9814453125,0.000306,1.406370322265625,2026-08-11,https://modal.com/pricing,True
pilot-020-modal-a10-rep3-20260811T180428Z.csv,20260811T180428Z,NVIDIA A10,modal,A10,3,32,8,1,1,4.9724395,4.902031898498535,1.014362942338876,0.03164638252364227,4.5197585,8.0,0.9089619893816707,0.890577274181943,0.9251873337989034,1380.76598,2427.948974609375,0.000306,0.7429523862304688,2026-08-11,https://modal.com/pricing,True
pilot-020-modal-a10-rep3-20260811T180428Z.csv,20260811T180428Z,NVIDIA A10,modal,A10,3,64,8,1,1,4.7261524999999995,4.690576076507568,1.007584659733079,0.019333698250816794,4.539939,1.0,0.9605993458738373,0.9443398718317682,0.9767233350584611,1191.039678,1153.8458251953125,0.000306,0.35307682250976563,2026-08-11,https://modal.com/pricing,True
pilot-020-modal-a10-rep3-20260811T180428Z.csv,20260811T180428Z,NVIDIA A10,modal,A10,3,128,8,1,1,5.013662,4.966736078262329,1.0094480401209658,0.03142691450936069,4.709466,1.0,0.9393265840417643,0.9229493980194939,0.9533552977925671,1588.278974,612.019287109375,0.000306,0.18727790185546875,2026-08-11,https://modal.com/pricing,True
pilot-020-modal-a10-rep3-20260811T180428Z.csv,20260811T180428Z,NVIDIA A10,modal,A10,3,256,8,1,1,4.706925999999999,4.667536020278931,1.0084391378127415,0.011282436453345287,4.854751,1.0,1.031405847468178,1.0274718875169562,1.0470892630825084,1190.690082,287.2879638671875,0.000306,0.08791011694335937,2026-08-11,https://modal.com/pricing,True
pilot-020-modal-a10-rep3-20260811T180428Z.csv,20260811T180428Z,NVIDIA A10,modal,A10,3,8,8,1,64,0.18036049999999998,0.15579200536012644,1.157700612320134,0.2733842442308871,0.4502925,1.0,2.4966248153004678,1.977458921851005,2.7524191145621146,9619.06822,352.2666015625,0.000306,0.107793580078125,2026-08-11,https://modal.com/pricing,True
pilot-020-modal-a10-rep3-20260811T180428Z.csv,20260811T180428Z,NVIDIA A10,modal,A10,3,16,8,1,64,0.184401,0.15721600502729416,1.1729149329801778,0.3242971389125717,0.4824585,8.0,2.6163551173800577,2.3894967014679955,2.7706372703530264,11303.001235,180.0791015625,0.000306,0.055104205078125,2026-08-11,https://modal.com/pricing,True
pilot-020-modal-a10-rep3-20260811T180428Z.csv,20260811T180428Z,NVIDIA A10,modal,A10,3,32,8,1,64,0.1700855,0.14657599478960034,1.1603912376248642,0.34721029896967504,0.472359,8.0,2.7771855919522825,2.4908830380039277,2.9210331061173496,11366.25861,83.049560546875,0.000306,0.02541316552734375,2026-08-11,https://modal.com/pricing,True
pilot-020-modal-a10-rep3-20260811T180428Z.csv,20260811T180428Z,NVIDIA A10,modal,A10,3,64,8,1,64,0.1735425,0.14972800016403195,1.1590517458984189,0.33905442307762435,0.504076,8.0,2.904625668064019,2.2395256987713075,3.0560675747910317,10321.249518,42.3687744140625,0.000306,0.012964844970703125,2026-08-11,https://modal.com/pricing,True
pilot-020-modal-a10-rep3-20260811T180428Z.csv,20260811T180428Z,NVIDIA A10,modal,A10,3,128,8,1,64,0.24711349999999999,0.21499200165271753,1.149407876108662,0.3109600816712536,0.675536,1.0,2.733707385472668,2.4398559825772956,3.3766977390023345,15022.707051,30.16522216796875,0.000306,0.009230557983398438,2026-08-11,https://modal.com/pricing,True
pilot-020-modal-a10-rep3-20260811T180428Z.csv,20260811T180428Z,NVIDIA A10,modal,A10,3,256,8,1,64,0.210405,0.18187199532985684,1.1568850917283529,0.20411018837900013,0.7355715,1.0,3.495979183004206,2.9775367615531936,4.1496730160050435,13173.601317,12.84210205078125,0.000306,0.003929683227539063,2026-08-11,https://modal.com/pricing,True
pilot-024-modal-a100-rep1-20260811T175434Z.csv,20260811T175434Z,NVIDIA A100-SXM4-80GB,modal,A100-80GB,1,8,8,1,1,6.507452499999999,6.455375909805298,1.008067166176272,0.050074163121737084,5.3736645,1.0,0.8257708373591663,0.8028046975904045,0.8573640286549153,2329.91689,12709.8681640625,0.000694,8.820648505859374,2026-08-11,https://modal.com/pricing,True
pilot-024-modal-a100-rep1-20260811T175434Z.csv,20260811T175434Z,NVIDIA A100-SXM4-80GB,modal,A100-80GB,1,16,8,1,1,6.416543,6.3717920780181885,1.0070232866097744,0.04707360636125501,5.6672395,1.0,0.8832231779635857,0.862072839925683,0.9111160841728961,1290.447852,6266.1552734375,0.000694,4.348711759765624,2026-08-11,https://modal.com/pricing,True
pilot-024-modal-a100-rep1-20260811T175434Z.csv,20260811T175434Z,NVIDIA A100-SXM4-80GB,modal,A100-80GB,1,32,8,1,1,6.5548195,6.504688024520874,1.007706976151684,0.03213038899208407,5.639184,1.0,0.8603111039136929,0.8441372630359516,0.8945032905780715,1481.458759,3200.595458984375,0.000694,2.221213248535156,2026-08-11,https://modal.com/pricing,True
pilot-024-modal-a100-rep1-20260811T175434Z.csv,20260811T175434Z,NVIDIA A100-SXM4-80GB,modal,A100-80GB,1,64,8,1,1,6.248209,6.205968141555786,1.0068064897338684,0.024168582960542737,5.715054500000001,1.0,0.9146708280724926,0.9028795511407336,0.9314710478576307,1304.8963,1525.441650390625,0.000694,1.0586565053710937,2026-08-11,https://modal.com/pricing,True
pilot-024-modal-a100-rep1-20260811T175434Z.csv,20260811T175434Z,NVIDIA A100-SXM4-80GB,modal,A100-80GB,1,128,8,1,1,6.677212,6.6279520988464355,1.0074321450153718,0.1375185460499721,5.7543185,1.0,0.8617846041132138,0.8334265799506135,0.880623903524557,1798.367101,815.08935546875,0.000694,0.5656720126953124,2026-08-11,https://modal.com/pricing,True
pilot-024-modal-a100-rep1-20260811T175434Z.csv,20260811T175434Z,NVIDIA A100-SXM4-80GB,modal,A100-80GB,1,256,8,1,1,6.4488585,6.406735897064209,1.0065747369038722,0.05057955979383454,5.907975499999999,1.0,0.9161273270300471,0.8682828276502914,0.9604510795480088,1639.231518,393.6070861816406,0.000694,0.2731633178100586,2026-08-11,https://modal.com/pricing,True
pilot-024-modal-a100-rep1-20260811T175434Z.csv,20260811T175434Z,NVIDIA A100-SXM4-80GB,modal,A100-80GB,1,8,8,1,64,0.223787,0.1909119933843612,1.1721997975761107,0.482983265921301,0.5595245,8.0,2.5002547064842906,2.2569222350580653,2.8207491945466,15831.122934,437.083984375,0.000694,0.30333628515625,2026-08-11,https://modal.com/pricing,True
pilot-024-modal-a100-rep1-20260811T175434Z.csv,20260811T175434Z,NVIDIA A100-SXM4-80GB,modal,A100-80GB,1,16,8,1,64,0.2594935,0.2270400002598762,1.1429417710666694,0.4671328737933615,0.566371,8.0,2.182601876347577,1.8278937178673644,2.58391104821407,15457.405036,253.41162109375,0.000694,0.17586766503906248,2026-08-11,https://modal.com/pricing,True
pilot-024-modal-a100-rep1-20260811T175434Z.csv,20260811T175434Z,NVIDIA A100-SXM4-80GB,modal,A100-80GB,1,32,8,1,64,0.23682150000000002,0.19795200228691096,1.1963581942290826,0.4961181593495651,0.6431185,8.0,2.7156254816391248,2.2538115243723946,2.945818423496582,16395.395228,115.635498046875,0.000694,0.08025103564453125,2026-08-11,https://modal.com/pricing,True
pilot-024-modal-a100-rep1-20260811T175434Z.csv,20260811T175434Z,NVIDIA A100-SXM4-80GB,modal,A100-80GB,1,64,8,1,64,0.2306145,0.19931200146675104,1.1570527529847259,0.45812068989420446,0.5899844999999999,8.0,2.5583148501069966,2.1139309059878086,2.686461103817628,17948.152784,56.3023681640625,0.000694,0.03907384350585937,2026-08-11,https://modal.com/pricing,True
pilot-024-modal-a100-rep1-20260811T175434Z.csv,20260811T175434Z,NVIDIA A100-SXM4-80GB,modal,A100-80GB,1,128,8,1,64,0.30684100000000003,0.2704640030860901,1.1344984785362766,0.4801123193456099,0.628657,8.0,2.048803777852373,1.9157554519135238,2.5429128621361694,16714.506844,37.4561767578125,0.000694,0.025994586669921875,2026-08-11,https://modal.com/pricing,True
pilot-024-modal-a100-rep1-20260811T175434Z.csv,20260811T175434Z,NVIDIA A100-SXM4-80GB,modal,A100-80GB,1,256,8,1,64,0.2257105,0.193743996322155,1.164993518687885,0.504527815449237,0.7380205,1.0,3.2697659169599995,2.9226054795972876,3.7844182540705438,17179.587251,13.776275634765625,0.000694,0.009560735290527343,2026-08-11,https://modal.com/pricing,True
pilot-025-modal-a100-rep2-20260811T175950Z.csv,20260811T175950Z,NVIDIA A100 80GB PCIe,modal,A100-80GB,2,8,8,1,1,7.504296500000001,7.43451189994812,1.0093865745311899,0.028992985084044364,6.374999,8.0,0.849513208866414,0.8365765928916353,0.873678958107661,1295.619335,14656.8291015625,0.000694,10.171839396484375,2026-08-11,https://modal.com/pricing,True
pilot-025-modal-a100-rep2-20260811T175950Z.csv,20260811T175950Z,NVIDIA A100 80GB PCIe,modal,A100-80GB,2,16,8,1,1,7.8487565,7.803679943084717,1.0057763205620995,0.02668384998096329,6.2023365,8.0,0.7902317392570403,0.7744536574463857,0.8053493878677838,1475.708967,7664.80126953125,0.000694,5.319372081054687,2026-08-11,https://modal.com/pricing,True
pilot-025-modal-a100-rep2-20260811T175950Z.csv,20260811T175950Z,NVIDIA A100 80GB PCIe,modal,A100-80GB,2,32,8,1,1,7.4334645,7.381759881973267,1.0070043754949276,0.03618125448475653,6.226672,1.0,0.8376540978974204,0.817144298774256,0.8515307162410652,1547.964379,3629.621337890625,0.000694,2.5189572084960936,2026-08-11,https://modal.com/pricing,True
pilot-025-modal-a100-rep2-20260811T175950Z.csv,20260811T175950Z,NVIDIA A100 80GB PCIe,modal,A100-80GB,2,64,8,1,1,7.708695499999999,7.664911985397339,1.0057122005687833,0.025622502086685137,6.382009,1.0,0.8278974049500335,0.8148755124179436,0.8468457238790015,1510.230972,1882.0057373046875,0.000694,1.306111981689453,2026-08-11,https://modal.com/pricing,True
pilot-025-modal-a100-rep2-20260811T175950Z.csv,20260811T175950Z,NVIDIA A100 80GB PCIe,modal,A100-80GB,2,128,8,1,1,7.8571115,7.81059193611145,1.0059559588145262,0.02827087471152953,6.494168,1.0,0.8265337713484148,0.7987541395439807,0.8401790044411572,2105.412372,959.1200561523438,0.000694,0.6656293189697265,2026-08-11,https://modal.com/pricing,True
pilot-025-modal-a100-rep2-20260811T175950Z.csv,20260811T175950Z,NVIDIA A100 80GB PCIe,modal,A100-80GB,2,256,8,1,1,7.7351545,7.688143968582153,1.0061146788626691,0.10072062407749836,6.6559455,1.0,0.8604799684350195,0.8291503623471201,0.8682766428557445,1749.201373,472.1163635253906,0.000694,0.32764875628662105,2026-08-11,https://modal.com/pricing,True
pilot-025-modal-a100-rep2-20260811T175950Z.csv,20260811T175950Z,NVIDIA A100 80GB PCIe,modal,A100-80GB,2,8,8,1,64,0.2884285,0.24897600710391993,1.158459015207891,0.47433067799672535,0.507938,1.0,1.7610534326531533,1.4462274309969068,2.4565707152285965,17470.291548,563.3369140625,0.000694,0.390955818359375,2026-08-11,https://modal.com/pricing,True
pilot-025-modal-a100-rep2-20260811T175950Z.csv,20260811T175950Z,NVIDIA A100 80GB PCIe,modal,A100-80GB,2,16,8,1,64,0.263131,0.22551999986171722,1.1667745661641753,0.48985308437984637,0.535685,1.0,2.0358110598903205,1.8339035393366998,2.6555706043251823,16513.604013,256.9638671875,0.000694,0.178332923828125,2026-08-11,https://modal.com/pricing,True
pilot-025-modal-a100-rep2-20260811T175950Z.csv,20260811T175950Z,NVIDIA A100 80GB PCIe,modal,A100-80GB,2,32,8,1,64,0.404915,0.3514399975538254,1.152159693883405,0.37176243854657537,0.5503325,1.0,1.3591309287134337,1.247708615375007,1.983613859928698,16683.33722,197.71240234375,0.000694,0.1372124072265625,2026-08-11,https://modal.com/pricing,True
pilot-025-modal-a100-rep2-20260811T175950Z.csv,20260811T175950Z,NVIDIA A100 80GB PCIe,modal,A100-80GB,2,64,8,1,64,0.286089,0.25051199644804,1.1420171650715305,0.3810930526117374,0.5469755000000001,8.0,1.9119067842524533,1.4027699009543593,2.584730477265788,19732.043653,69.845947265625,0.000694,0.04847308740234375,2026-08-11,https://modal.com/pricing,True
pilot-025-modal-a100-rep2-20260811T175950Z.csv,20260811T175950Z,NVIDIA A100 80GB PCIe,modal,A100-80GB,2,128,8,1,64,0.29097300000000004,0.24391999840736384,1.1929034187432812,0.3322307868344732,0.6896774999999999,8.0,2.3702456928993407,1.8605775714025319,2.9430221558010357,18496.389585,35.5191650390625,0.000694,0.024650300537109374,2026-08-11,https://modal.com/pricing,True
pilot-025-modal-a100-rep2-20260811T175950Z.csv,20260811T175950Z,NVIDIA A100 80GB PCIe,modal,A100-80GB,2,256,8,1,64,0.28132,0.24460799992084495,1.1500850343857725,0.29124720569288687,0.9107395,1.0,3.237379141191526,2.7601261412299944,3.5037777750243944,18132.689787,17.17041015625,0.000694,0.0119162646484375,2026-08-11,https://modal.com/pricing,True
pilot-026-modal-a100-rep3-20260811T180100Z.csv,20260811T180100Z,NVIDIA A100-SXM4-80GB,modal,A100-80GB,3,8,8,1,1,7.3283195,7.278543949127197,1.0068386687256001,0.15768665479046323,6.1729785,8.0,0.8423457110460317,0.8162226938539795,0.8657861479444495,1851.034223,14313.1240234375,0.000694,9.933308072265625,2026-08-11,https://modal.com/pricing,True
pilot-026-modal-a100-rep3-20260811T180100Z.csv,20260811T180100Z,NVIDIA A100-SXM4-80GB,modal,A100-80GB,3,16,8,1,1,7.2105175,7.156208038330078,1.0075891395804915,0.0384003555803347,6.493403000000001,1.0,0.9005460426384099,0.8749746451142788,0.9294590703609057,1786.893861,7041.52099609375,0.000694,4.886815571289062,2026-08-11,https://modal.com/pricing,True
pilot-026-modal-a100-rep3-20260811T180100Z.csv,20260811T180100Z,NVIDIA A100-SXM4-80GB,modal,A100-80GB,3,32,8,1,1,6.864095000000001,6.81990385055542,1.0064797320333163,0.028207729934705408,6.3016375,8.0,0.9180580251293141,0.9044774019314659,0.9615049737973308,1611.234747,3351.60888671875,0.000694,2.3260165673828124,2026-08-11,https://modal.com/pricing,True
pilot-026-modal-a100-rep3-20260811T180100Z.csv,20260811T180100Z,NVIDIA A100-SXM4-80GB,modal,A100-80GB,3,64,8,1,1,7.121763,7.073375940322876,1.0068407306617602,0.02631015894945066,6.300407,8.0,0.8846695684762327,0.8605200064970442,0.9130567925654268,1724.480808,1738.711669921875,0.000694,1.2066658989257812,2026-08-11,https://modal.com/pricing,True
pilot-026-modal-a100-rep3-20260811T180100Z.csv,20260811T180100Z,NVIDIA A100-SXM4-80GB,modal,A100-80GB,3,128,8,1,1,7.305225500000001,7.2501280307769775,1.0075995167242748,0.04472863925721038,6.1430755,1.0,0.840915246216561,0.8220317590645327,0.8725817743938202,2783.232053,891.7511596679688,0.000694,0.6188753048095703,2026-08-11,https://modal.com/pricing,True
pilot-026-modal-a100-rep3-20260811T180100Z.csv,20260811T180100Z,NVIDIA A100-SXM4-80GB,modal,A100-80GB,3,256,8,1,1,7.1993165,7.1535680294036865,1.0063951961326532,0.06932913644182322,6.790283499999999,1.0,0.9431844675810542,0.9097419625574291,0.9757937516213032,2168.413399,439.4114074707031,0.000694,0.304951516784668,2026-08-11,https://modal.com/pricing,True
pilot-026-modal-a100-rep3-20260811T180100Z.csv,20260811T180100Z,NVIDIA A100-SXM4-80GB,modal,A100-80GB,3,8,8,1,64,0.4913015,0.445839986205101,1.1019682289645174,0.4731772394001863,0.6839234999999999,1.0,1.3920647504638188,0.9405426124843493,1.6413411053827291,19457.333764,959.5732421875,0.000694,0.665943830078125,2026-08-11,https://modal.com/pricing,True
pilot-026-modal-a100-rep3-20260811T180100Z.csv,20260811T180100Z,NVIDIA A100-SXM4-80GB,modal,A100-80GB,3,16,8,1,64,0.24194349999999998,0.20745600014925,1.1662400693445292,0.5248539822156079,0.6089089999999999,8.0,2.5167404786654735,2.3161905490833457,2.5630328944179492,16594.914149,236.27294921875,0.000694,0.16397342675781248,2026-08-11,https://modal.com/pricing,True
pilot-026-modal-a100-rep3-20260811T180100Z.csv,20260811T180100Z,NVIDIA A100-SXM4-80GB,modal,A100-80GB,3,32,8,1,64,0.2571775,0.2151519954204559,1.1953293739963542,0.5290614312323269,0.6283704999999999,1.0,2.443333884185047,2.1824250213669423,2.9419981531702066,18961.397205,125.574951171875,0.000694,0.08714901611328124,2026-08-11,https://modal.com/pricing,True
pilot-026-modal-a100-rep3-20260811T180100Z.csv,20260811T180100Z,NVIDIA A100-SXM4-80GB,modal,A100-80GB,3,64,8,1,64,0.2538855,0.2150880023837089,1.1803796454768212,0.5599846451446284,0.663165,8.0,2.612063312004821,2.393805215637295,3.1262286644085804,20455.957029,61.9837646484375,0.000694,0.04301673266601562,2026-08-11,https://modal.com/pricing,True
pilot-026-modal-a100-rep3-20260811T180100Z.csv,20260811T180100Z,NVIDIA A100-SXM4-80GB,modal,A100-80GB,3,128,8,1,64,0.30189449999999995,0.26553599536418915,1.1369249565805353,0.5420347641269739,0.6782935,8.0,2.246789855396505,1.2958722036155952,2.823355178116327,18450.946005,36.85235595703125,0.000694,0.025575535034179687,2026-08-11,https://modal.com/pricing,True
pilot-026-modal-a100-rep3-20260811T180100Z.csv,20260811T180100Z,NVIDIA A100-SXM4-80GB,modal,A100-80GB,3,256,8,1,64,0.2637695,0.2316159978508949,1.1388224580661488,0.5289536070976965,1.462302,1.0,5.543863107751275,3.7425345035276263,6.073317580044443,22305.88699,16.099212646484375,0.000694,0.011172853576660155,2026-08-11,https://modal.com/pricing,True
pilot-027-modal-h100-rep1-20260811T175410Z.csv,20260811T175410Z,NVIDIA H100 80GB HBM3,modal,H100!,1,8,8,1,1,3.4062970000000004,3.3724639415740967,1.0100321483081927,0.025365865577033738,2.7008375,1.0,0.7928954815155578,0.7740612524755717,0.811251454472932,1196.249806,6652.923828125,0.001097,7.298257439453126,2026-08-11,https://modal.com/pricing,True
pilot-027-modal-h100-rep1-20260811T175410Z.csv,20260811T175410Z,NVIDIA H100 80GB HBM3,modal,H100!,1,16,8,1,1,3.359126,3.3276480436325073,1.0094595209453494,0.03161693366786659,2.8259225,8.0,0.8412671927162005,0.8208354958057722,0.8611435664169269,819.722435,3280.396484375,0.001097,3.5985949433593754,2026-08-11,https://modal.com/pricing,True
pilot-027-modal-h100-rep1-20260811T175410Z.csv,20260811T175410Z,NVIDIA H100 80GB HBM3,modal,H100!,1,32,8,1,1,3.3327755000000003,3.3042880296707153,1.0086213641406205,0.03134365248615066,2.818701,8.0,0.8457518365698499,0.8246462335707068,0.8579316431810574,968.338068,1627.331787109375,0.001097,1.7851829704589846,2026-08-11,https://modal.com/pricing,True
pilot-027-modal-h100-rep1-20260811T175410Z.csv,20260811T175410Z,NVIDIA H100 80GB HBM3,modal,H100!,1,64,8,1,1,3.0610365,3.0389280319213867,1.007275087743567,0.037967508871787826,2.9359705,1.0,0.959142597613586,0.933552515147137,1.022516155387852,699.364512,747.3233642578125,0.001097,0.8198137305908204,2026-08-11,https://modal.com/pricing,True
pilot-027-modal-h100-rep1-20260811T175410Z.csv,20260811T175410Z,NVIDIA H100 80GB HBM3,modal,H100!,1,128,8,1,1,3.3530914999999997,3.3236160278320312,1.008868495013004,0.03697976976417578,2.9734555,8.0,0.8867803040865423,0.8651728589803317,0.9028043186997693,1095.126797,409.31292724609375,0.001097,0.44901628118896486,2026-08-11,https://modal.com/pricing,True
pilot-027-modal-h100-rep1-20260811T175410Z.csv,20260811T175410Z,NVIDIA H100 80GB HBM3,modal,H100!,1,256,8,1,1,3.3296445,3.300784111022949,1.008743494880708,0.029368273206552,3.143855,1.0,0.9442014004798409,0.9093503373250774,0.964727974533342,1119.263204,203.22537231445312,0.001097,0.2229382334289551,2026-08-11,https://modal.com/pricing,True
pilot-027-modal-h100-rep1-20260811T175410Z.csv,20260811T175410Z,NVIDIA H100 80GB HBM3,modal,H100!,1,8,8,1,64,0.145126,0.12508799508213994,1.1601912709904891,0.41817674222364193,0.332879,1.0,2.2937240742527183,1.5807355333377728,2.6840970203568526,9284.654267,283.44921875,0.001097,0.31094379296875,2026-08-11,https://modal.com/pricing,True
pilot-027-modal-h100-rep1-20260811T175410Z.csv,20260811T175410Z,NVIDIA H100 80GB HBM3,modal,H100!,1,16,8,1,64,0.118436,0.100016001611948,1.1841705136296063,0.5009245137718846,0.340237,1.0,2.8727498395758047,2.4349447389134817,3.3845211823062615,9578.293049,115.66015625,0.001097,0.12687919140625,2026-08-11,https://modal.com/pricing,True
pilot-027-modal-h100-rep1-20260811T175410Z.csv,20260811T175410Z,NVIDIA H100 80GB HBM3,modal,H100!,1,32,8,1,64,0.1233975,0.10353599861264226,1.1918318425812966,0.6128589189902063,0.3501465,1.0,2.83754938309123,2.4467282428497796,2.9833128996197855,9958.765089,60.252685546875,0.001097,0.06609719604492188,2026-08-11,https://modal.com/pricing,True
pilot-027-modal-h100-rep1-20260811T175410Z.csv,20260811T175410Z,NVIDIA H100 80GB HBM3,modal,H100!,1,64,8,1,64,0.123946,0.1028959974646568,1.2045755233829534,0.5430792481149442,0.3759345,8.0,3.0330506833621094,2.2480765537604723,3.221272376002325,10650.156415,30.26025390625,0.001097,0.033195498535156256,2026-08-11,https://modal.com/pricing,True
pilot-027-modal-h100-rep1-20260811T175410Z.csv,20260811T175410Z,NVIDIA H100 80GB HBM3,modal,H100!,1,128,8,1,64,0.1210665,0.10099200159311295,1.1987731512418702,0.5029460990505157,0.43473649999999997,1.0,3.590890130630686,2.8644710506444735,3.683302074567703,9992.602531,14.77862548828125,0.001097,0.016212152160644533,2026-08-11,https://modal.com/pricing,True
pilot-027-modal-h100-rep1-20260811T175410Z.csv,20260811T175410Z,NVIDIA H100 80GB HBM3,modal,H100!,1,256,8,1,64,0.11978749999999999,0.10044800117611885,1.1925324406403324,0.5806231077301938,0.5884915,1.0,4.912795575498278,4.225656165204873,6.438326835949847,10661.211023,7.311248779296875,0.001097,0.008020439910888673,2026-08-11,https://modal.com/pricing,True
pilot-028-modal-h100-rep2-20260811T175412Z.csv,20260811T175412Z,NVIDIA H100 80GB HBM3,modal,H100!,2,8,8,1,1,3.162528,3.1363519430160522,1.0083460202998697,0.03687403303268954,2.7008115,8.0,0.8540039803600158,0.84544350423005,0.8600454159880636,839.83258,6176.8125,0.001097,6.775963312500001,2026-08-11,https://modal.com/pricing,True
pilot-028-modal-h100-rep2-20260811T175412Z.csv,20260811T175412Z,NVIDIA H100 80GB HBM3,modal,H100!,2,16,8,1,1,3.2329945,3.203679919242859,1.009150283891054,0.031228498531441325,2.7189975,1.0,0.841015195045955,0.8330990900227193,0.8669827157979781,844.079163,3157.22119140625,0.001097,3.4634716469726565,2026-08-11,https://modal.com/pricing,True
pilot-028-modal-h100-rep2-20260811T175412Z.csv,20260811T175412Z,NVIDIA H100 80GB HBM3,modal,H100!,2,32,8,1,1,3.137487,3.1115520000457764,1.008335068786844,0.023833813088478678,2.776634,1.0,0.8849866150839828,0.8712024192540618,0.9083525590993032,912.057728,1531.97607421875,0.001097,1.680577753417969,2026-08-11,https://modal.com/pricing,True
pilot-028-modal-h100-rep2-20260811T175412Z.csv,20260811T175412Z,NVIDIA H100 80GB HBM3,modal,H100!,2,64,8,1,1,3.3431604999999998,3.3145439624786377,1.0086336273844327,0.026265278711792423,2.858694,8.0,0.8550872744518249,0.8453959771206049,0.8719320612316614,944.725131,816.2012939453125,0.001097,0.8953728194580078,2026-08-11,https://modal.com/pricing,True
pilot-028-modal-h100-rep2-20260811T175412Z.csv,20260811T175412Z,NVIDIA H100 80GB HBM3,modal,H100!,2,128,8,1,1,3.3101545000000003,3.2832000255584717,1.0082098179311947,0.02994428309843993,2.952923,8.0,0.8920801128769065,0.8756542318325025,0.9114654887150272,1098.099665,404.07159423828125,0.001097,0.44326653887939454,2026-08-11,https://modal.com/pricing,True
pilot-028-modal-h100-rep2-20260811T175412Z.csv,20260811T175412Z,NVIDIA H100 80GB HBM3,modal,H100!,2,256,8,1,1,3.3009575,3.27182400226593,1.0089043596825176,0.033249732021504594,3.0580675,1.0,0.9264183195330445,0.90375573275134,0.9438983385429734,1052.57974,201.47445678710938,0.001097,0.22101747909545902,2026-08-11,https://modal.com/pricing,True
pilot-028-modal-h100-rep2-20260811T175412Z.csv,20260811T175412Z,NVIDIA H100 80GB HBM3,modal,H100!,2,8,8,1,64,0.12149499999999999,0.10143999755382535,1.1977031045917879,0.5709775467206155,0.340874,8.0,2.805662784476728,2.3829055190658,2.9739699790269185,11674.901025,237.294921875,0.001097,0.26031252929687504,2026-08-11,https://modal.com/pricing,True
pilot-028-modal-h100-rep2-20260811T175412Z.csv,20260811T175412Z,NVIDIA H100 80GB HBM3,modal,H100!,2,16,8,1,64,0.1237305,0.10353599861264226,1.1950481152252284,0.5690703088706542,0.3547575,8.0,2.8671790706414346,2.5910236271825204,3.0959453647447606,9669.322746,120.83056640625,0.001097,0.13255113134765625,2026-08-11,https://modal.com/pricing,True
pilot-028-modal-h100-rep2-20260811T175412Z.csv,20260811T175412Z,NVIDIA H100 80GB HBM3,modal,H100!,2,32,8,1,64,0.121587,0.10379200056195255,1.1714486602214182,0.5937405123270291,0.36179150000000004,8.0,2.9755771587423,2.546294375527251,3.214793747087562,9807.140323,59.36865234375,0.001097,0.06512741162109376,2026-08-11,https://modal.com/pricing,True
pilot-028-modal-h100-rep2-20260811T175412Z.csv,20260811T175412Z,NVIDIA H100 80GB HBM3,modal,H100!,2,64,8,1,64,0.116264,0.09819199889898295,1.184047593527544,0.4815714114444854,0.390038,1.0,3.354761577100392,3.0216296617653895,3.471432138993077,13351.370696,28.384765625,0.001097,0.031138087890625003,2026-08-11,https://modal.com/pricing,True
pilot-028-modal-h100-rep2-20260811T175412Z.csv,20260811T175412Z,NVIDIA H100 80GB HBM3,modal,H100!,2,128,8,1,64,0.120021,0.10200000181794161,1.1766764496163815,0.5507385294744553,0.4478835,8.0,3.7317094508461017,3.2126590593749778,3.831643628451042,10726.152752,14.6510009765625,0.001097,0.016072148071289063,2026-08-11,https://modal.com/pricing,True
pilot-028-modal-h100-rep2-20260811T175412Z.csv,20260811T175412Z,NVIDIA H100 80GB HBM3,modal,H100!,2,256,8,1,64,0.122803,0.1044160015881061,1.1760936842269234,0.5804457179288646,0.55495,1.0,4.519026408149639,4.020255218652768,4.931237818169831,10687.902738,7.49530029296875,0.001097,0.00822234442138672,2026-08-11,https://modal.com/pricing,True
pilot-029-modal-h100-rep3-20260811T175422Z.csv,20260811T175422Z,NVIDIA H100 80GB HBM3,modal,H100!,3,8,8,1,1,4.0230715,3.9757920503616333,1.0118918316248624,0.034907047069176564,3.420794,8.0,0.8502941098610849,0.8345465535088844,0.8683012719719835,917.556329,7857.5615234375,0.001097,8.619744991210938,2026-08-11,https://modal.com/pricing,True
pilot-029-modal-h100-rep3-20260811T175422Z.csv,20260811T175422Z,NVIDIA H100 80GB HBM3,modal,H100!,3,16,8,1,1,4.0527415,4.003087997436523,1.0124037999152837,0.028919231912931415,3.4269439999999998,8.0,0.8455866232771077,0.8147482034323115,0.8641840029170722,899.427538,3957.75537109375,0.001097,4.341657642089844,2026-08-11,https://modal.com/pricing,True
pilot-029-modal-h100-rep3-20260811T175422Z.csv,20260811T175422Z,NVIDIA H100 80GB HBM3,modal,H100!,3,32,8,1,1,3.9088935,3.865216016769409,1.0113001402873978,0.03514118984608098,3.416369,8.0,0.8739989974144857,0.8314460655005885,0.9012941769995253,1033.064881,1908.639404296875,0.001097,2.093777426513672,2026-08-11,https://modal.com/pricing,True
pilot-029-modal-h100-rep3-20260811T175422Z.csv,20260811T175422Z,NVIDIA H100 80GB HBM3,modal,H100!,3,64,8,1,1,4.0177095000000005,3.966944098472595,1.0127971053453846,0.049218845762658024,3.4131375,1.0,0.8495232171464859,0.8206957138959358,0.8796567495591605,1077.569241,980.8861083984375,0.001097,1.076032060913086,2026-08-11,https://modal.com/pricing,True
pilot-029-modal-h100-rep3-20260811T175422Z.csv,20260811T175422Z,NVIDIA H100 80GB HBM3,modal,H100!,3,128,8,1,1,3.894715,3.8501919507980347,1.0115638518211376,0.03272957441159874,3.095579,1.0,0.7948152817343502,0.7798170540476821,0.8057086604600531,1347.915694,475.4290771484375,0.001097,0.521545697631836,2026-08-11,https://modal.com/pricing,True
pilot-029-modal-h100-rep3-20260811T175422Z.csv,20260811T175422Z,NVIDIA H100 80GB HBM3,modal,H100!,3,256,8,1,1,3.978358,3.9259519577026367,1.0133486203758921,0.032831732710917376,3.399228,1.0,0.8544298929357287,0.8254990301722371,0.8849433290594532,1221.648932,242.8197021484375,0.001097,0.26637321325683594,2026-08-11,https://modal.com/pricing,True
pilot-029-modal-h100-rep3-20260811T175422Z.csv,20260811T175422Z,NVIDIA H100 80GB HBM3,modal,H100!,3,8,8,1,64,0.21611550000000002,0.1901600062847137,1.1364929157418355,0.3611521893650849,0.374575,1.0,1.7332167290175853,1.3432804648156385,1.9629819542883615,15690.606,422.1005859375,0.001097,0.46304434277343753,2026-08-11,https://modal.com/pricing,True
pilot-029-modal-h100-rep3-20260811T175422Z.csv,20260811T175422Z,NVIDIA H100 80GB HBM3,modal,H100!,3,16,8,1,64,0.14442549999999998,0.12208000198006624,1.1830397907724675,0.5422869510080182,0.339463,8.0,2.3504367303557894,2.0822952274520117,2.545055784364939,9290.349141,141.04052734375,0.001097,0.15472145849609376,2026-08-11,https://modal.com/pricing,True
pilot-029-modal-h100-rep3-20260811T175422Z.csv,20260811T175422Z,NVIDIA H100 80GB HBM3,modal,H100!,3,32,8,1,64,0.1478225,0.1246879994869232,1.1855391104859538,0.5449896654858143,0.39514950000000004,1.0,2.6731350098936226,2.247505069380939,2.918229776214174,10383.929225,72.178955078125,0.001097,0.07918031372070314,2026-08-11,https://modal.com/pricing,True
pilot-029-modal-h100-rep3-20260811T175422Z.csv,20260811T175422Z,NVIDIA H100 80GB HBM3,modal,H100!,3,64,8,1,64,0.15031299999999997,0.12523200362920758,1.2002762524270818,0.5268427318710986,0.41691449999999997,1.0,2.773642332998477,2.370902332349088,3.0123228337080916,9535.903357,36.697509765625,0.001097,0.04025716821289063,2026-08-11,https://modal.com/pricing,True
pilot-029-modal-h100-rep3-20260811T175422Z.csv,20260811T175422Z,NVIDIA H100 80GB HBM3,modal,H100!,3,128,8,1,64,0.1610625,0.13743999600410461,1.1718750340707949,0.5032109570105807,0.4765465,1.0,2.958767559177338,2.6809862871669403,3.2551263349113726,11876.230841,19.66094970703125,0.001097,0.02156806182861328,2026-08-11,https://modal.com/pricing,True
pilot-029-modal-h100-rep3-20260811T175422Z.csv,20260811T175422Z,NVIDIA H100 80GB HBM3,modal,H100!,3,256,8,1,64,0.1812455,0.16048000007867808,1.129396185886972,0.4710936742496474,0.6514805,1.0,3.5944644142889066,2.9377178695753634,4.327806779670999,11022.776131,11.062347412109375,0.001097,0.012135395111083986,2026-08-11,https://modal.com/pricing,True
pilot-015-modal-l4-rep1-20260811T175410Z.csv,20260811T175410Z,NVIDIA L4,modal,L4,1,8,8,1,1,7.6732005,7.620543956756592,1.0069098142523962,0.08011146483329361,6.852423,1.0,0.893033226487435,0.8832469133653549,0.9011332140013153,2002.218563,14986.7197265625,0.000222,3.327051779296875,2026-08-11,https://modal.com/pricing,True
pilot-015-modal-l4-rep1-20260811T175410Z.csv,20260811T175410Z,NVIDIA L4,modal,L4,1,16,8,1,1,7.8605955000000005,7.80404806137085,1.007245911120032,0.019115267982439847,8.4839465,1.0,1.0793007349125139,1.0693286710337402,1.0902531158799418,1445.798969,7676.36279296875,0.000222,1.7041525400390625,2026-08-11,https://modal.com/pricing,True
pilot-015-modal-l4-rep1-20260811T175410Z.csv,20260811T175410Z,NVIDIA L4,modal,L4,1,32,8,1,1,7.9641795,7.908783912658691,1.0070043116556318,0.019046265355701218,8.522224,8.0,1.0700693021798415,1.0614692975431221,1.0800183848211677,1605.06943,3888.759521484375,0.000222,0.8633046137695313,2026-08-11,https://modal.com/pricing,True
pilot-015-modal-l4-rep1-20260811T175410Z.csv,20260811T175410Z,NVIDIA L4,modal,L4,1,64,8,1,1,7.697405,7.644207954406738,1.006959131137006,0.01965348397150285,8.6929805,1.0,1.1293391084397926,1.1164576130098043,1.1378603547275044,1143.945849,1879.249267578125,0.000222,0.41719333740234377,2026-08-11,https://modal.com/pricing,True
pilot-015-modal-l4-rep1-20260811T175410Z.csv,20260811T175410Z,NVIDIA L4,modal,L4,1,128,8,1,1,8.1677885,8.111088275909424,1.0069904582667384,0.024522931696788517,8.6426005,1.0,1.0581322594237106,1.0428154249750503,1.0689429473946663,1924.480838,997.0444946289062,0.000222,0.2213438778076172,2026-08-11,https://modal.com/pricing,True
pilot-015-modal-l4-rep1-20260811T175410Z.csv,20260811T175410Z,NVIDIA L4,modal,L4,1,256,8,1,1,7.559446,7.50870418548584,1.0067577325275703,0.11375905861032323,8.861729,1.0,1.1722722802702739,1.1612548084105427,1.1796841321669271,1877.634241,461.3919677734375,0.000222,0.10242901684570313,2026-08-11,https://modal.com/pricing,True
pilot-015-modal-l4-rep1-20260811T175410Z.csv,20260811T175410Z,NVIDIA L4,modal,L4,1,8,8,1,64,0.375464,0.3228159993886947,1.1630898118773636,0.2503271700764205,0.9088105,1.0,2.420499701702427,2.21490337364065,2.6031401779854706,17590.162854,733.328125,0.000222,0.16279884375,2026-08-11,https://modal.com/pricing,True
pilot-015-modal-l4-rep1-20260811T175410Z.csv,20260811T175410Z,NVIDIA L4,modal,L4,1,16,8,1,64,0.34007,0.29179200530052185,1.1654534525363565,0.2759790188545309,0.9700845,8.0,2.852602405387126,2.6922136200875895,3.0388189788469955,17755.030736,332.099609375,0.000222,0.07372611328125,2026-08-11,https://modal.com/pricing,True
pilot-015-modal-l4-rep1-20260811T175410Z.csv,20260811T175410Z,NVIDIA L4,modal,L4,1,32,8,1,64,0.340736,0.3003839999437332,1.134334718439815,0.14687757471404683,0.9110535,8.0,2.6737811678249437,2.506586584090892,2.7414153491651976,17950.560917,166.375,0.000222,0.03693525,2026-08-11,https://modal.com/pricing,True
pilot-015-modal-l4-rep1-20260811T175410Z.csv,20260811T175410Z,NVIDIA L4,modal,L4,1,64,8,1,64,0.347823,0.30135999619960785,1.154177742189833,0.15846175804602605,0.947094,1.0,2.722919415909816,2.4676939478111186,2.8535424425149643,18227.06148,84.917724609375,0.000222,0.01885173486328125,2026-08-11,https://modal.com/pricing,True
pilot-015-modal-l4-rep1-20260811T175410Z.csv,20260811T175410Z,NVIDIA L4,modal,L4,1,128,8,1,64,0.3549375,0.3111199885606766,1.1408379822911245,0.21200513832364332,1.0944175,8.0,3.083409050889241,2.695698861274613,3.268222996795494,18608.313496,43.32733154296875,0.000222,0.009618667602539063,2026-08-11,https://modal.com/pricing,True
pilot-015-modal-l4-rep1-20260811T175410Z.csv,20260811T175410Z,NVIDIA L4,modal,L4,1,256,8,1,64,0.332958,0.2943360060453415,1.1312173609799845,0.29618772087403744,1.3109950000000001,1.0,3.937418533268461,3.3108312007029355,4.239700553803148,19878.47207,20.3221435546875,0.000222,0.004511515869140625,2026-08-11,https://modal.com/pricing,True
pilot-016-modal-l4-rep2-20260811T175411Z.csv,20260811T175411Z,NVIDIA L4,modal,L4,2,8,8,1,1,7.4946345,7.439823865890503,1.0073671951241734,0.01600446137673236,6.959801000000001,8.0,0.928637814158916,0.9203667370790611,0.9355762301832407,1256.17888,14637.9580078125,0.000222,3.249626677734375,2026-08-11,https://modal.com/pricing,True
pilot-016-modal-l4-rep2-20260811T175411Z.csv,20260811T175411Z,NVIDIA L4,modal,L4,2,16,8,1,1,7.760696,7.708672046661377,1.0067487568576945,0.017486703618141686,8.026293,8.0,1.034223348008993,1.0282203953235838,1.0436319867515584,1228.2902,7578.8046875,0.000222,1.682494640625,2026-08-11,https://modal.com/pricing,True
pilot-016-modal-l4-rep2-20260811T175411Z.csv,20260811T175411Z,NVIDIA L4,modal,L4,2,32,8,1,1,7.497839,7.445456027984619,1.007035562606037,0.008812863187690008,8.147870000000001,1.0,1.0866957799440613,1.0799610553478554,1.0928239251704852,1443.519765,3661.05419921875,0.000222,0.8127540322265625,2026-08-11,https://modal.com/pricing,True
pilot-016-modal-l4-rep2-20260811T175411Z.csv,20260811T175411Z,NVIDIA L4,modal,L4,2,64,8,1,1,7.5958380000000005,7.546000003814697,1.006604558197735,0.02200840536063361,8.529561999999999,1.0,1.1229257390692111,1.1164654553102362,1.1320330335137112,1053.607343,1854.45263671875,0.000222,0.4116884853515625,2026-08-11,https://modal.com/pricing,True
pilot-016-modal-l4-rep2-20260811T175411Z.csv,20260811T175411Z,NVIDIA L4,modal,L4,2,128,8,1,1,7.6841715,7.634160041809082,1.0065510099234265,0.011882910760578907,8.627956000000001,8.0,1.1228218943317443,1.1143069032021462,1.1362558993278915,1654.46641,938.0092163085938,0.000222,0.20823804602050783,2026-08-11,https://modal.com/pricing,True
pilot-016-modal-l4-rep2-20260811T175411Z.csv,20260811T175411Z,NVIDIA L4,modal,L4,2,256,8,1,1,7.6530565,7.602352142333984,1.0066695618299062,0.010509167884521423,8.903075999999999,1.0,1.1633359821660796,1.1533278123866566,1.1698231730527955,1691.717245,467.1054992675781,0.000222,0.10369742083740234,2026-08-11,https://modal.com/pricing,True
pilot-016-modal-l4-rep2-20260811T175411Z.csv,20260811T175411Z,NVIDIA L4,modal,L4,2,8,8,1,64,0.33362899999999995,0.2939519882202148,1.1349778649908673,0.09409979746150789,0.8624525000000001,1.0,2.58506454774615,2.4066550083939564,2.6871441696713276,15313.140651,651.619140625,0.000222,0.14465944921875,2026-08-11,https://modal.com/pricing,True
pilot-016-modal-l4-rep2-20260811T175411Z.csv,20260811T175411Z,NVIDIA L4,modal,L4,2,16,8,1,64,0.328285,0.28671999275684357,1.1449672443260912,0.10521847948958464,0.8934565000000001,1.0,2.721587949495104,2.6221371299374376,2.832412865551848,15401.019565,320.5908203125,0.000222,0.071171162109375,2026-08-11,https://modal.com/pricing,True
pilot-016-modal-l4-rep2-20260811T175411Z.csv,20260811T175411Z,NVIDIA L4,modal,L4,2,32,8,1,64,0.3302165,0.2900959998369217,1.1383007700403736,0.0871003254466983,0.9080524999999999,1.0,2.7498701609398677,2.7061267802248175,2.9238358284092554,15944.166342,161.238525390625,0.000222,0.03579495263671875,2026-08-11,https://modal.com/pricing,True
pilot-016-modal-l4-rep2-20260811T175411Z.csv,20260811T175411Z,NVIDIA L4,modal,L4,2,64,8,1,64,0.3306395,0.2913760095834732,1.1347519669606794,0.09369904765008272,0.9387890000000001,1.0,2.8393129072600223,2.7609043253605696,2.906252310114396,17296.361596,80.7225341796875,0.000222,0.017920402587890624,2026-08-11,https://modal.com/pricing,True
pilot-016-modal-l4-rep2-20260811T175411Z.csv,20260811T175411Z,NVIDIA L4,modal,L4,2,128,8,1,64,0.318911,0.2777920067310333,1.1480207935168536,0.09111823710372728,1.0899109999999999,1.0,3.4176024031783157,3.2037636541232826,3.5282179459960243,17300.505852,38.9295654296875,0.000222,0.008642363525390625,2026-08-11,https://modal.com/pricing,True
pilot-016-modal-l4-rep2-20260811T175411Z.csv,20260811T175411Z,NVIDIA L4,modal,L4,2,256,8,1,64,0.33739549999999996,0.2930239886045456,1.151426207822652,0.09883900649099446,1.284937,1.0,3.8083999342018497,3.5626826296142284,4.033752574148261,17043.825695,20.592987060546875,0.000222,0.004571643127441407,2026-08-11,https://modal.com/pricing,True
pilot-017-modal-l4-rep3-20260811T175411Z.csv,20260811T175411Z,NVIDIA L4,modal,L4,3,8,8,1,1,8.013027000000001,7.960560083389282,1.0065908574347926,0.014737628621315104,7.312995,8.0,0.9126382576771548,0.9037840401788575,0.920321388426847,1401.543692,15650.443359375,0.000222,3.47439842578125,2026-08-11,https://modal.com/pricing,True
pilot-017-modal-l4-rep3-20260811T175411Z.csv,20260811T175411Z,NVIDIA L4,modal,L4,3,16,8,1,1,7.9936585000000004,7.940576076507568,1.0066849587461895,0.02984711051649459,8.4601085,1.0,1.0583525053015461,1.0503714380626772,1.0693494242872834,1432.974208,7806.30712890625,0.000222,1.7330001826171875,2026-08-11,https://modal.com/pricing,True
pilot-017-modal-l4-rep3-20260811T175411Z.csv,20260811T175411Z,NVIDIA L4,modal,L4,3,32,8,1,1,7.7490369999999995,7.695919990539551,1.0069019700732005,0.0161814597719728,8.833939,8.0,1.1400047515581615,1.1351903592274675,1.1484285929351832,1544.713703,3783.70947265625,0.000222,0.8399835029296875,2026-08-11,https://modal.com/pricing,True
pilot-017-modal-l4-rep3-20260811T175411Z.csv,20260811T175411Z,NVIDIA L4,modal,L4,3,64,8,1,1,7.9255815,7.871984004974365,1.006808638710618,0.034681767449382145,8.73175,8.0,1.1017172683165266,1.0938915818340345,1.109489036677399,1675.184201,1934.9564208984375,0.000222,0.4295603254394531,2026-08-11,https://modal.com/pricing,True
pilot-017-modal-l4-rep3-20260811T175411Z.csv,20260811T175411Z,NVIDIA L4,modal,L4,3,128,8,1,1,8.028969,7.971776008605957,1.007174435324362,0.03736853342053749,8.969655,8.0,1.1171614935865364,1.1015342002136845,1.1281082180373707,2677.713393,980.0987548828125,0.000222,0.21758192358398437,2026-08-11,https://modal.com/pricing,True
pilot-017-modal-l4-rep3-20260811T175411Z.csv,20260811T175411Z,NVIDIA L4,modal,L4,3,256,8,1,1,7.9778579999999994,7.925136089324951,1.0066524927876084,0.01687746879565177,9.1568225,1.0,1.1477795794309702,1.1360737108355767,1.1574083142555687,1716.15437,486.9298095703125,0.000222,0.10809841772460937,2026-08-11,https://modal.com/pricing,True
pilot-017-modal-l4-rep3-20260811T175411Z.csv,20260811T175411Z,NVIDIA L4,modal,L4,3,8,8,1,64,0.3945435,0.3452160060405731,1.142888780057404,0.2144381156825986,0.8857444999999999,1.0,2.2449856606432497,2.192835368219698,2.3897047648055985,17518.706168,770.5927734375,0.000222,0.171071595703125,2026-08-11,https://modal.com/pricing,True
pilot-017-modal-l4-rep3-20260811T175411Z.csv,20260811T175411Z,NVIDIA L4,modal,L4,3,16,8,1,64,0.352335,0.3014239966869354,1.1689016265215995,0.21964645221861823,0.906108,1.0,2.5717229341393844,2.376920866405718,2.68352577847426,17118.870606,344.0771484375,0.000222,0.07638512695312501,2026-08-11,https://modal.com/pricing,True
pilot-017-modal-l4-rep3-20260811T175411Z.csv,20260811T175411Z,NVIDIA L4,modal,L4,3,32,8,1,64,0.3260845,0.2797439992427826,1.1656532432604558,0.08258342512547424,0.967752,1.0,2.9677951573901855,2.8145329499147254,3.1088208681835234,17349.258578,159.220947265625,0.000222,0.03534705029296875,2026-08-11,https://modal.com/pricing,True
pilot-017-modal-l4-rep3-20260811T175411Z.csv,20260811T175411Z,NVIDIA L4,modal,L4,3,64,8,1,64,0.3484625,0.30348800122737885,1.1481920161282602,0.08382484459210872,1.0330685000000002,8.0,2.96464755891954,2.836860545630799,3.0898759945416723,16467.858887,85.0738525390625,0.000222,0.018886395263671876,2026-08-11,https://modal.com/pricing,True
pilot-017-modal-l4-rep3-20260811T175411Z.csv,20260811T175411Z,NVIDIA L4,modal,L4,3,128,8,1,64,0.345892,0.30401600897312164,1.137742716800748,0.08160406465087948,1.077414,8.0,3.114885571218762,3.0228905580710097,3.1789394917542104,18960.771965,42.22314453125,0.000222,0.009373538085937501,2026-08-11,https://modal.com/pricing,True
pilot-017-modal-l4-rep3-20260811T175411Z.csv,20260811T175411Z,NVIDIA L4,modal,L4,3,256,8,1,64,0.3431225,0.3034079968929291,1.1308947144233839,0.2551076229053523,1.258693,1.0,3.668348767568434,3.0305573746853245,3.945542747674297,18238.520226,20.942535400390625,0.000222,0.004649242858886719,2026-08-11,https://modal.com/pricing,True
pilot-021-modal-l40s-rep1-20260811T175932Z.csv,20260811T175932Z,NVIDIA L40S,modal,L40S,1,8,8,1,1,3.3456335,3.308016061782837,1.0113716008370557,0.0367524160097414,2.385468,8.0,0.7130093598118263,0.7018406401348903,0.7320771132147839,1068.123851,6534.4404296875,0.000542,3.5416667128906245,2026-08-11,https://modal.com/pricing,True
pilot-021-modal-l40s-rep1-20260811T175932Z.csv,20260811T175932Z,NVIDIA L40S,modal,L40S,1,16,8,1,1,3.2449760000000003,3.2054399251937866,1.0123340557704645,0.03420809683363692,2.3876635,8.0,0.7358031307473459,0.7251146347717681,0.7450963923035477,1286.741885,3168.921875,0.000542,1.7175556562499998,2026-08-11,https://modal.com/pricing,True
pilot-021-modal-l40s-rep1-20260811T175932Z.csv,20260811T175932Z,NVIDIA L40S,modal,L40S,1,32,8,1,1,3.025829,2.984560012817383,1.0138274945068568,0.04400626528725247,2.8787965,8.0,0.9514075316219126,0.9217871183357486,0.9630299087453065,910.378131,1477.45556640625,0.000542,0.8007809169921875,2026-08-11,https://modal.com/pricing,True
pilot-021-modal-l40s-rep1-20260811T175932Z.csv,20260811T175932Z,NVIDIA L40S,modal,L40S,1,64,8,1,1,2.9254615,2.9029120206832886,1.007767882442198,0.05195187602749053,2.453477,8.0,0.8386632331343277,0.8186985379556455,0.8534565188206337,678.169176,714.2239990234375,0.000542,0.3871094074707031,2026-08-11,https://modal.com/pricing,True
pilot-021-modal-l40s-rep1-20260811T175932Z.csv,20260811T175932Z,NVIDIA L40S,modal,L40S,1,128,8,1,1,2.719138,2.6817920207977295,1.0139257552086987,0.03463173477753924,2.6910105,8.0,0.9896557291318057,0.9770974799583663,1.0176235348323657,1135.567,331.926025390625,0.000542,0.17990390576171872,2026-08-11,https://modal.com/pricing,True
pilot-021-modal-l40s-rep1-20260811T175932Z.csv,20260811T175932Z,NVIDIA L40S,modal,L40S,1,256,8,1,1,3.249384,3.2093600034713745,1.0124710211647598,0.04711047202369092,2.7376575,1.0,0.8425158430028584,0.8288315468275347,0.8769494425712597,1066.36386,198.32666015625,0.000542,0.10749304980468749,2026-08-11,https://modal.com/pricing,True
pilot-021-modal-l40s-rep1-20260811T175932Z.csv,20260811T175932Z,NVIDIA L40S,modal,L40S,1,8,8,1,64,0.17271399999999998,0.15296000242233276,1.1291448565954196,0.4050422722419592,0.264377,8.0,1.5307213080584088,1.4414988726512383,2.241741517002735,7543.923608,337.33203125,0.000542,0.18283396093749998,2026-08-11,https://modal.com/pricing,True
pilot-021-modal-l40s-rep1-20260811T175932Z.csv,20260811T175932Z,NVIDIA L40S,modal,L40S,1,16,8,1,64,0.105347,0.0906719975173473,1.1618471290416326,0.5000551189948739,0.309803,8.0,2.940786163820517,2.485830234553776,3.3359160998842423,8557.157639,102.8779296875,0.000542,0.055759837890625,2026-08-11,https://modal.com/pricing,True
pilot-021-modal-l40s-rep1-20260811T175932Z.csv,20260811T175932Z,NVIDIA L40S,modal,L40S,1,32,8,1,64,0.1093555,0.0896160006523132,1.220267577263026,0.5641823632972177,0.3204885,8.0,2.9307030739194646,1.5967204278944362,3.45540953288753,9174.660815,53.396240234375,0.000542,0.028940762207031248,2026-08-11,https://modal.com/pricing,True
pilot-021-modal-l40s-rep1-20260811T175932Z.csv,20260811T175932Z,NVIDIA L40S,modal,L40S,1,64,8,1,64,0.112366,0.0955839976668357,1.1755733464053164,0.4364528661294338,0.359332,8.0,3.1978712421906983,2.768265698087813,3.4516853421478726,9179.304891,27.43310546875,0.000542,0.014868743164062498,2026-08-11,https://modal.com/pricing,True
pilot-021-modal-l40s-rep1-20260811T175932Z.csv,20260811T175932Z,NVIDIA L40S,modal,L40S,1,128,8,1,64,0.1117355,0.0946080014109611,1.181036469786947,0.473809712081646,0.39568250000000005,1.0,3.5412424878395856,2.491135682570353,4.0503695467925525,9096.416979,13.63958740234375,0.000542,0.007392656372070312,2026-08-11,https://modal.com/pricing,True
pilot-021-modal-l40s-rep1-20260811T175932Z.csv,20260811T175932Z,NVIDIA L40S,modal,L40S,1,256,8,1,64,0.12088199999999999,0.1008960008621215,1.1980851467561155,0.6392627267414908,0.498564,1.0,4.12438576462997,3.1000231030297507,5.193846000191428,8808.324582,7.3780517578125,0.000542,0.003998904052734374,2026-08-11,https://modal.com/pricing,True
pilot-022-modal-l40s-rep2-20260811T180107Z.csv,20260811T180107Z,NVIDIA L40S,modal,L40S,2,8,8,1,1,3.072687,3.0493600368499756,1.0076497897487111,0.18175032571527575,2.7856535,8.0,0.9065855064313416,0.8635012002378876,0.9375479740304155,842.818962,6001.341796875,0.000542,3.2527272539062495,2026-08-11,https://modal.com/pricing,True
pilot-022-modal-l40s-rep2-20260811T180107Z.csv,20260811T180107Z,NVIDIA L40S,modal,L40S,2,16,8,1,1,3.318921,3.280128002166748,1.0118266719492734,0.0421703490716884,2.765607,8.0,0.8332849742431351,0.8056908694348965,0.8607450771051519,882.237032,3241.1337890625,0.000542,1.7566945136718748,2026-08-11,https://modal.com/pricing,True
pilot-022-modal-l40s-rep2-20260811T180107Z.csv,20260811T180107Z,NVIDIA L40S,modal,L40S,2,32,8,1,1,3.1962580000000003,3.1505759954452515,1.0144995723387693,0.04701473684862012,2.7988280000000003,1.0,0.8756577222489549,0.8406498822775641,0.90293051491667,996.827445,1560.6728515625,0.000542,0.8458846855468749,2026-08-11,https://modal.com/pricing,True
pilot-022-modal-l40s-rep2-20260811T180107Z.csv,20260811T180107Z,NVIDIA L40S,modal,L40S,2,64,8,1,1,3.0662304999999996,3.0279840230941772,1.0126310035370463,0.050530343549859004,2.8782284999999996,8.0,0.9386862794561596,0.9018081147245984,0.9648064011264668,915.001809,748.5914306640625,0.000542,0.4057365554199218,2026-08-11,https://modal.com/pricing,True
pilot-022-modal-l40s-rep2-20260811T180107Z.csv,20260811T180107Z,NVIDIA L40S,modal,L40S,2,128,8,1,1,3.2415209999999997,3.19923198223114,1.0132184905639032,0.044399305355772786,2.842003,1.0,0.8767498344141532,0.8506780464154036,0.9111094117011329,1106.366725,395.6934814453125,0.000542,0.21446586694335937,2026-08-11,https://modal.com/pricing,True
pilot-022-modal-l40s-rep2-20260811T180107Z.csv,20260811T180107Z,NVIDIA L40S,modal,L40S,2,256,8,1,1,3.1054370000000002,3.0687040090560913,1.0119701968112615,0.04830952851037646,3.0100935,1.0,0.9692978798153045,0.9272445731304457,0.9940343318594934,1100.961318,189.54083251953125,0.000542,0.10273113122558593,2026-08-11,https://modal.com/pricing,True
pilot-022-modal-l40s-rep2-20260811T180107Z.csv,20260811T180107Z,NVIDIA L40S,modal,L40S,2,8,8,1,64,0.1442115,0.1187200024724006,1.214719482789141,0.5303302673107663,0.322423,8.0,2.2357648315148237,1.680073294355178,2.913499360555403,8110.727504,281.6630859375,0.000542,0.15266139257812497,2026-08-11,https://modal.com/pricing,True
pilot-022-modal-l40s-rep2-20260811T180107Z.csv,20260811T180107Z,NVIDIA L40S,modal,L40S,2,16,8,1,64,0.1146915,0.09662400186061855,1.1869876820610687,0.5067170429306396,0.319143,1.0,2.782621205581931,1.982269270388147,3.1009504135953434,8169.625545,112.00341796875,0.000542,0.060705852539062494,2026-08-11,https://modal.com/pricing,True
pilot-022-modal-l40s-rep2-20260811T180107Z.csv,20260811T180107Z,NVIDIA L40S,modal,L40S,2,32,8,1,64,0.18031049999999998,0.15833599865436548,1.1387839880531718,0.42296699125777343,0.3293665,8.0,1.8266628953943338,1.6291798150399985,2.7878634840206855,8222.831817,88.042236328125,0.000542,0.04771889208984374,2026-08-11,https://modal.com/pricing,True
pilot-022-modal-l40s-rep2-20260811T180107Z.csv,20260811T180107Z,NVIDIA L40S,modal,L40S,2,64,8,1,64,0.1281795,0.10678400099277491,1.200362402684956,0.5601429615395856,0.36956,1.0,2.8831443405536765,1.927361481975968,3.199958189610118,9794.770873,31.2938232421875,0.000542,0.016961252197265624,2026-08-11,https://modal.com/pricing,True
pilot-022-modal-l40s-rep2-20260811T180107Z.csv,20260811T180107Z,NVIDIA L40S,modal,L40S,2,128,8,1,64,0.1230285,0.1037119999527931,1.1862513504319583,0.4718940959471712,0.431047,1.0,3.503635336527715,2.3960176110868625,4.606251062348742,9202.813979,15.01812744140625,0.000542,0.008139825073242186,2026-08-11,https://modal.com/pricing,True
pilot-022-modal-l40s-rep2-20260811T180107Z.csv,20260811T180107Z,NVIDIA L40S,modal,L40S,2,256,8,1,64,0.1951505,0.17235200107097626,1.1322787016533398,0.4010482485338734,0.713434,1.0,3.6558143586616483,2.7883699332686485,4.823427646646081,9491.693269,11.911041259765625,0.000542,0.006455784362792968,2026-08-11,https://modal.com/pricing,True
pilot-023-modal-l40s-rep3-20260811T180122Z.csv,20260811T180122Z,NVIDIA L40S,modal,L40S,3,8,8,1,1,5.8395315,5.799440145492554,1.0069129697870243,0.027193472128368958,5.176356,8.0,0.886433440764897,0.8680107057496235,0.9001440371351543,1013.485228,11405.3349609375,0.000542,6.181691548828124,2026-08-11,https://modal.com/pricing,True
pilot-023-modal-l40s-rep3-20260811T180122Z.csv,20260811T180122Z,NVIDIA L40S,modal,L40S,3,16,8,1,1,5.934937,5.89414381980896,1.0069209679027415,0.03794177640183137,5.228833,8.0,0.8810258643015082,0.870661240148502,0.8942032055403248,997.618484,5795.8369140625,0.000542,3.1413436074218746,2026-08-11,https://modal.com/pricing,True
pilot-023-modal-l40s-rep3-20260811T180122Z.csv,20260811T180122Z,NVIDIA L40S,modal,L40S,3,32,8,1,1,5.698961499999999,5.659375905990601,1.006994692465559,0.03908716680200215,5.116289,1.0,0.8977581266341246,0.8724802705749719,0.9138246509767579,1166.856395,2782.696044921875,0.000542,1.508221256347656,2026-08-11,https://modal.com/pricing,True
pilot-023-modal-l40s-rep3-20260811T180122Z.csv,20260811T180122Z,NVIDIA L40S,modal,L40S,3,64,8,1,1,5.8663,5.825872182846069,1.0069393587578128,0.02120113143981888,5.237457,8.0,0.8928041525322605,0.8759923122495082,0.901757630001814,1140.861069,1432.2021484375,0.000542,0.7762535644531249,2026-08-11,https://modal.com/pricing,True
pilot-023-modal-l40s-rep3-20260811T180122Z.csv,20260811T180122Z,NVIDIA L40S,modal,L40S,3,128,8,1,1,5.7719135,5.7325119972229,1.0068733397847554,0.04001991040870465,5.02542,1.0,0.8706679336064201,0.846215201379453,0.88906735465925,1680.567755,704.5792846679688,0.000542,0.381881972290039,2026-08-11,https://modal.com/pricing,True
pilot-023-modal-l40s-rep3-20260811T180122Z.csv,20260811T180122Z,NVIDIA L40S,modal,L40S,3,256,8,1,1,5.930697,5.887727975845337,1.0072980654559698,0.028266235546812676,5.3745965,1.0,0.906233533765087,0.8893658973344106,0.9253861314246058,1279.685807,361.98101806640625,0.000542,0.19619371179199216,2026-08-11,https://modal.com/pricing,True
pilot-023-modal-l40s-rep3-20260811T180122Z.csv,20260811T180122Z,NVIDIA L40S,modal,L40S,3,8,8,1,64,0.1917255,0.161760002374649,1.1852466443215581,0.36144364758752134,0.4295715,8.0,2.2405548557703594,2.0817322445680246,2.5794378428976312,11556.143761,374.4638671875,0.000542,0.20295941601562498,2026-08-11,https://modal.com/pricing,True
pilot-023-modal-l40s-rep3-20260811T180122Z.csv,20260811T180122Z,NVIDIA L40S,modal,L40S,3,16,8,1,64,0.22226,0.18559999763965604,1.1975215669534633,0.28986141162316414,0.4095345,1.0,1.8425920093584092,1.6810845440079358,1.9949385558048158,11832.629086,217.05078125,0.000542,0.11764152343749999,2026-08-11,https://modal.com/pricing,True
pilot-023-modal-l40s-rep3-20260811T180122Z.csv,20260811T180122Z,NVIDIA L40S,modal,L40S,3,32,8,1,64,0.281763,0.2359040006995201,1.1943968697626803,0.2282936427398194,0.5097389999999999,1.0,1.809105524855996,1.514430807785381,2.0876287353751106,12557.868012,137.57958984375,0.000542,0.0745681376953125,2026-08-11,https://modal.com/pricing,True
pilot-023-modal-l40s-rep3-20260811T180122Z.csv,20260811T180122Z,NVIDIA L40S,modal,L40S,3,64,8,1,64,0.252046,0.2140479981899261,1.1775209398424649,0.2926852685862214,0.4407705,8.0,1.7487700657816432,1.5650274288662436,2.0656615841865693,11988.489162,61.53466796875,0.000542,0.033351790039062496,2026-08-11,https://modal.com/pricing,True
pilot-023-modal-l40s-rep3-20260811T180122Z.csv,20260811T180122Z,NVIDIA L40S,modal,L40S,3,128,8,1,64,0.1999095,0.16587200015783304,1.2052034087114105,0.3481954831200857,0.485582,1.0,2.4290091266298,2.276700096199528,2.5839621357967237,13258.76909,24.40301513671875,0.000542,0.01322643420410156,2026-08-11,https://modal.com/pricing,True
pilot-023-modal-l40s-rep3-20260811T180122Z.csv,20260811T180122Z,NVIDIA L40S,modal,L40S,3,256,8,1,64,0.187224,0.15952000021934504,1.1736710114252826,0.34334379410411175,0.570039,1.0,3.0446897833611075,2.8789640235519935,3.788318999887616,13045.463724,11.42724609375,0.000542,0.006193567382812499,2026-08-11,https://modal.com/pricing,True
pilot-012-modal-t4-rep1-20260811T175408Z.csv,20260811T175408Z,Tesla T4,modal,T4,1,8,8,1,1,6.127168,6.081951856613159,1.0074344790049061,0.012864429658087623,6.193443500000001,1.0,1.0108166611393714,1.0043362594904064,1.0228129807665607,1416.153887,11967.125,0.000164,1.9626085,2026-08-11,https://modal.com/pricing,True
pilot-012-modal-t4-rep1-20260811T175408Z.csv,20260811T175408Z,Tesla T4,modal,T4,1,16,8,1,1,6.2687295,6.224079847335815,1.0071736953508552,0.012909994269236679,7.3215924999999995,1.0,1.1679547665918588,1.1502966519702358,1.1773507703083705,1060.500713,6121.80615234375,0.000164,1.0039762089843751,2026-08-11,https://modal.com/pricing,True
pilot-012-modal-t4-rep1-20260811T175408Z.csv,20260811T175408Z,Tesla T4,modal,T4,1,32,8,1,1,6.875017,6.83137583732605,1.0063883416332473,0.10281903981783923,7.227349,1.0,1.0512481641863578,1.0236351601298637,1.0935251767312784,1212.342047,3356.94189453125,0.000164,0.550538470703125,2026-08-11,https://modal.com/pricing,True
pilot-012-modal-t4-rep1-20260811T175408Z.csv,20260811T175408Z,Tesla T4,modal,T4,1,64,8,1,1,6.1541855000000005,6.108752012252808,1.0074374418303547,0.012163459203713341,7.656451499999999,8.0,1.2441047641479117,1.2321173098334175,1.2622217817621664,863.347145,1502.4866943359375,0.000164,0.24640781787109375,2026-08-11,https://modal.com/pricing,True
pilot-012-modal-t4-rep1-20260811T175408Z.csv,20260811T175408Z,Tesla T4,modal,T4,1,128,8,1,1,6.5721295,6.524399995803833,1.007315539241442,0.03239743071521477,7.261353,8.0,1.1048706511337003,1.0584034962412634,1.1176684110272037,1452.268965,802.2619018554688,0.000164,0.13157095190429688,2026-08-11,https://modal.com/pricing,True
pilot-012-modal-t4-rep1-20260811T175408Z.csv,20260811T175408Z,Tesla T4,modal,T4,1,256,8,1,1,6.2192715,6.175679922103882,1.0070585876285614,0.01615272781363399,7.4661615,1.0,1.2004881118311044,1.1907169663971744,1.2063617241382163,1406.887154,379.5942077636719,0.000164,0.062253450073242185,2026-08-11,https://modal.com/pricing,True
pilot-012-modal-t4-rep1-20260811T175408Z.csv,20260811T175408Z,Tesla T4,modal,T4,1,8,8,1,64,0.2634935,0.22748799622058866,1.1582743018427126,0.10431763239096935,0.8366845,8.0,3.175351574137503,2.9828331471838236,3.4109521229452286,13535.398469,514.6357421875,0.000164,0.08440026171875,2026-08-11,https://modal.com/pricing,True
pilot-012-modal-t4-rep1-20260811T175408Z.csv,20260811T175408Z,Tesla T4,modal,T4,1,16,8,1,64,0.2902195,0.2512640058994293,1.1550381001095835,0.2294331149099971,0.8366615,1.0,2.882857630173024,2.7225846698812632,3.124668450771835,13586.326986,283.41748046875,0.000164,0.046480466796875,2026-08-11,https://modal.com/pricing,True
pilot-012-modal-t4-rep1-20260811T175408Z.csv,20260811T175408Z,Tesla T4,modal,T4,1,32,8,1,64,0.23452800000000001,0.20412799715995786,1.148926179960607,0.10829972761016042,0.8476079999999999,8.0,3.6141015145313133,3.3669174485394002,3.715757384858344,13776.696551,114.515625,0.000164,0.0187805625,2026-08-11,https://modal.com/pricing,True
pilot-012-modal-t4-rep1-20260811T175408Z.csv,20260811T175408Z,Tesla T4,modal,T4,1,64,8,1,64,0.2379145,0.20377600193023682,1.1675295311832183,0.1104654596840973,0.8727895,8.0,3.668500658850133,3.502312928501283,3.8109203858817438,14201.816628,58.0845947265625,0.000164,0.00952587353515625,2026-08-11,https://modal.com/pricing,True
pilot-012-modal-t4-rep1-20260811T175408Z.csv,20260811T175408Z,Tesla T4,modal,T4,1,128,8,1,64,0.25939900000000005,0.21944000571966166,1.1820953027652883,0.12935363748167347,0.955058,8.0,3.681810646918453,3.4925816643513907,4.03806237006237,14318.622881,31.664916992187504,0.000164,0.0051930463867187505,2026-08-11,https://modal.com/pricing,True
pilot-012-modal-t4-rep1-20260811T175408Z.csv,20260811T175408Z,Tesla T4,modal,T4,1,256,8,1,64,0.2426355,0.2114240005612373,1.1476251483081863,0.10760435347731792,1.16426,1.0,4.798391002141072,4.54524450911379,5.006981223945875,17124.984973,14.809295654296875,0.000164,0.0024287244873046876,2026-08-11,https://modal.com/pricing,True
pilot-013-modal-t4-rep2-20260811T175407Z.csv,20260811T175407Z,Tesla T4,modal,T4,2,8,8,1,1,6.399515,6.356688022613525,1.0067373099378356,0.01570649410462508,6.4541745,1.0,1.008541194137368,0.9996187727698136,1.0226793960163745,1028.363946,12499.052734375,0.000164,2.0498446484375,2026-08-11,https://modal.com/pricing,True
pilot-013-modal-t4-rep2-20260811T175407Z.csv,20260811T175407Z,Tesla T4,modal,T4,2,16,8,1,1,6.6070530000000005,6.558640003204346,1.0073815603192129,0.01695595222898956,7.300838000000001,8.0,1.1050067253887625,1.1009575648316121,1.115734564650381,1300.831993,6452.2001953125,0.000164,1.05816083203125,2026-08-11,https://modal.com/pricing,True
pilot-013-modal-t4-rep2-20260811T175407Z.csv,20260811T175407Z,Tesla T4,modal,T4,2,32,8,1,1,6.330823499999999,6.289072036743164,1.0066387319167132,0.009486954259691184,7.295053,1.0,1.1523071208666615,1.140860177277925,1.1579088333367558,1245.41291,3091.222412109375,0.000164,0.5069604755859375,2026-08-11,https://modal.com/pricing,True
pilot-013-modal-t4-rep2-20260811T175407Z.csv,20260811T175407Z,Tesla T4,modal,T4,2,64,8,1,1,6.562678999999999,6.515664100646973,1.0072156726661765,0.01097581456219497,7.547283,8.0,1.1500308029693362,1.143645300904529,1.1594311616654862,828.737364,1602.216552734375,0.000164,0.2627635146484375,2026-08-11,https://modal.com/pricing,True
pilot-013-modal-t4-rep2-20260811T175407Z.csv,20260811T175407Z,Tesla T4,modal,T4,2,128,8,1,1,6.5946915,6.547343969345093,1.0072315630393927,0.07364712489399096,7.4767790000000005,8.0,1.133757204563701,1.0939102206305247,1.1495945020071636,1359.082306,805.0160522460938,0.000164,0.1320226325683594,2026-08-11,https://modal.com/pricing,True
pilot-013-modal-t4-rep2-20260811T175407Z.csv,20260811T175407Z,Tesla T4,modal,T4,2,256,8,1,1,6.7670645,6.7072319984436035,1.008920595197882,0.11297380899670466,7.638473,1.0,1.128772010374661,1.0785712334948816,1.1524750896484377,1395.130835,413.0288391113281,0.000164,0.0677367296142578,2026-08-11,https://modal.com/pricing,True
pilot-013-modal-t4-rep2-20260811T175407Z.csv,20260811T175407Z,Tesla T4,modal,T4,2,8,8,1,64,0.2625005,0.23091199994087214,1.1367988673919784,0.10908507058056002,0.817342,8.0,3.113677878708802,2.981696319223318,3.3700794544157606,13427.154652,512.6962890625,0.000164,0.08408219140625,2026-08-11,https://modal.com/pricing,True
pilot-013-modal-t4-rep2-20260811T175407Z.csv,20260811T175407Z,Tesla T4,modal,T4,2,16,8,1,64,0.2414015,0.20920000225305554,1.1539268518171066,0.12272015264386592,0.8142735000000001,8.0,3.373108700650162,3.095810015675524,3.5968272465838393,14177.418554,235.74365234375,0.000164,0.038661958984375,2026-08-11,https://modal.com/pricing,True
pilot-013-modal-t4-rep2-20260811T175407Z.csv,20260811T175407Z,Tesla T4,modal,T4,2,32,8,1,64,0.25655550000000005,0.22291199862956995,1.1509272788242237,0.10233947107903257,0.8279894999999999,8.0,3.2273309283956095,3.1014963031775284,3.416759776464978,14906.223338,125.271240234375,0.000164,0.0205444833984375,2026-08-11,https://modal.com/pricing,True
pilot-013-modal-t4-rep2-20260811T175407Z.csv,20260811T175407Z,Tesla T4,modal,T4,2,64,8,1,64,0.24391200000000002,0.2113759964704513,1.1539247789381657,0.10452896533600754,0.8562015000000001,1.0,3.5102885466889697,3.3844745770639872,3.606516633844793,14760.724089,59.548828125,0.000164,0.0097660078125,2026-08-11,https://modal.com/pricing,True
pilot-013-modal-t4-rep2-20260811T175407Z.csv,20260811T175407Z,Tesla T4,modal,T4,2,128,8,1,64,0.2631,0.22385599464178085,1.175309155428329,0.11236378246855833,0.9777075,8.0,3.7161060433295323,3.5177569678186194,4.178453061604255,15159.977062,32.11669921875,0.000164,0.005267138671875,2026-08-11,https://modal.com/pricing,True
pilot-013-modal-t4-rep2-20260811T175407Z.csv,20260811T175407Z,Tesla T4,modal,T4,2,256,8,1,64,0.26058950000000003,0.22913599759340286,1.1372700175308585,0.12181061081627884,1.161596,1.0,4.45757023978326,4.24155950845604,4.786266150640056,14629.158511,15.905120849609375,0.000164,0.0026084398193359374,2026-08-11,https://modal.com/pricing,True
pilot-014-modal-t4-rep3-20260811T175413Z.csv,20260811T175413Z,Tesla T4,modal,T4,3,8,8,1,1,6.1604255000000006,6.115823984146118,1.0072928056741826,0.011541543700336084,6.3286545,1.0,1.0273080163050425,1.0200111057606656,1.034749253267211,1053.155891,12032.0810546875,0.000164,1.97326129296875,2026-08-11,https://modal.com/pricing,True
pilot-014-modal-t4-rep3-20260811T175413Z.csv,20260811T175413Z,Tesla T4,modal,T4,3,16,8,1,1,6.1963335,6.143680095672607,1.0085703362654705,0.03797466899601052,6.9415695,8.0,1.1202704793084493,1.1056532157632635,1.1374502657139303,1054.951868,6051.10693359375,0.000164,0.992381537109375,2026-08-11,https://modal.com/pricing,True
pilot-014-modal-t4-rep3-20260811T175413Z.csv,20260811T175413Z,Tesla T4,modal,T4,3,32,8,1,1,6.1470365000000005,6.084352016448975,1.0103025734509705,0.025330607018252557,7.080534,1.0,1.1518613888171967,1.136602987383663,1.1616914443586175,1297.63451,3001.482666015625,0.000164,0.49224315722656253,2026-08-11,https://modal.com/pricing,True
pilot-014-modal-t4-rep3-20260811T175413Z.csv,20260811T175413Z,Tesla T4,modal,T4,3,64,8,1,1,6.167933,6.121392011642456,1.0076030073337936,0.020552489245402525,6.9298660000000005,8.0,1.1235313353760492,1.1149298071252867,1.1310691971384244,1219.171403,1505.843017578125,0.000164,0.2469582548828125,2026-08-11,https://modal.com/pricing,True
pilot-014-modal-t4-rep3-20260811T175413Z.csv,20260811T175413Z,Tesla T4,modal,T4,3,128,8,1,1,6.01282,5.966079950332642,1.00783429824214,0.04008590667093239,7.010752999999999,1.0,1.1659675493362516,1.1512607053725858,1.1805491452995032,1869.119735,733.98681640625,0.000164,0.120373837890625,2026-08-11,https://modal.com/pricing,True
pilot-014-modal-t4-rep3-20260811T175413Z.csv,20260811T175413Z,Tesla T4,modal,T4,3,256,8,1,1,6.158647,6.105792045593262,1.0086565271159023,0.017525356155280787,7.5292984999999994,1.0,1.2225572434984502,1.206908586079905,1.2331438176500211,1394.871411,375.89398193359375,0.000164,0.061646613037109374,2026-08-11,https://modal.com/pricing,True
pilot-014-modal-t4-rep3-20260811T175413Z.csv,20260811T175413Z,Tesla T4,modal,T4,3,8,8,1,64,0.2415215,0.2072480022907257,1.1653743212501306,0.09660032540164411,0.79193,1.0,3.2789213382659517,3.0839264570322515,3.5556798065713915,12205.269781,471.7216796875,0.000164,0.07736235546875,2026-08-11,https://modal.com/pricing,True
pilot-014-modal-t4-rep3-20260811T175413Z.csv,20260811T175413Z,Tesla T4,modal,T4,3,16,8,1,64,0.25556049999999997,0.21999999880790705,1.1616386426580965,0.12104056478525596,0.7705355,1.0,3.0150805777888214,2.8169607012633056,3.3083589020638664,12665.401716,249.57080078125,0.000164,0.040929611328125,2026-08-11,https://modal.com/pricing,True
pilot-014-modal-t4-rep3-20260811T175413Z.csv,20260811T175413Z,Tesla T4,modal,T4,3,32,8,1,64,0.2356355,0.2040160000324249,1.1549853931189207,0.09432552381381785,0.8052919999999999,8.0,3.417532587407245,3.2793624695616885,3.4501136425802357,13511.924584,115.056396484375,0.000164,0.0188692490234375,2026-08-11,https://modal.com/pricing,True
pilot-014-modal-t4-rep3-20260811T175413Z.csv,20260811T175413Z,Tesla T4,modal,T4,3,64,8,1,64,0.248214,0.21595200151205057,1.1493943017988149,0.12485194932976815,0.86056,8.0,3.467008307347692,3.305749099075934,3.6714340360421627,12771.693814,60.59912109375,0.000164,0.009938255859375,2026-08-11,https://modal.com/pricing,True
pilot-014-modal-t4-rep3-20260811T175413Z.csv,20260811T175413Z,Tesla T4,modal,T4,3,128,8,1,64,0.239045,0.20796800404787058,1.1494316209573086,0.1120486767157118,0.9811829999999999,1.0,4.104595369072769,3.764063126662411,4.234271099744245,14866.082706,29.1802978515625,0.000164,0.00478556884765625,2026-08-11,https://modal.com/pricing,True
pilot-014-modal-t4-rep3-20260811T175413Z.csv,20260811T175413Z,Tesla T4,modal,T4,3,256,8,1,64,0.2406185,0.2095839977264404,1.148076678612016,0.10249966444653857,1.141483,1.0,4.74395360290252,4.6625486646561844,4.83805213861397,13919.436891,14.686187744140625,0.000164,0.0024085347900390623,2026-08-11,https://modal.com/pricing,True
