source_file,run_id,hardware,provider,agent_count,state_width,action_count,observation_horizon,mode,threads,observations,wall_ms_mean,wall_ms_std,wall_ms_median,wall_ms_min,wall_ms_max,device_ms_median,compile_first_call_ms,ns_per_agent_step_median,shape_valid,action_match,max_state_abs_error,max_state_rel_error,max_budget_abs_error,execution_error_rows,wall_ms_cv,cpu8_wall_ms_median,cpu8_wall_ms_cv,cpu8_compile_first_call_ms,best_cpu_wall_ms_median,best_cpu_wall_ms_cv,best_cpu_compile_first_call_ms,best_cpu_threads,speedup_vs_cpu8,speedup_vs_best_cpu,steady_state_saved_ms_best_cpu,extra_compile_ms_vs_best_cpu,break_even_rollouts_best_cpu,break_even_agent_steps_best_cpu,stable_under_10pct_cv,speedup_bootstrap_ci_low,speedup_bootstrap_ci_high,speedup_vs_best_cpu_bootstrap_ci_low,speedup_vs_best_cpu_bootstrap_ci_high,requested_gpu,cpu_model_name,cpu_logical_count,cpu_affinity_count
pilot-005-local-sub256-20260811T171204Z.csv,20260811T171204Z,NVIDIA GeForce GTX 1660 Ti,local,8,8,1,1,compiled-gpu-host-visible,,9,6.548919222222222,0.021791725555688698,6.54656,6.518891,6.595024,6.514400005340576,352.920329,12786.25,True,True,6.67572021484375e-06,3.699329909068183e-06,0.0,0,0.003327530057439644,4.350389,0.0027706842889370547,649.335607,4.350389,0.0027706842889370547,649.335607,8.0,0.6645305320656955,0.6645305320656955,-2.1961710000000005,0.0,,,True,0.6622356104395123,0.6667583844257748,0.6622356104395123,0.6670147375109982,,Intel(R) Core(TM) i7-9700K CPU @ 3.60GHz,8,8
pilot-005-local-sub256-20260811T171204Z.csv,20260811T171204Z,NVIDIA GeForce GTX 1660 Ti,local,8,8,1,1,compiled-gpu-resident,,9,4.822129222222222,0.08807597025548143,4.779861,4.759841,4.995754,4.753920078277588,352.920329,9335.666015625,True,True,6.67572021484375e-06,3.699329909068183e-06,0.0,0,0.01826495437940434,4.350389,0.0027706842889370547,649.335607,4.350389,0.0027706842889370547,649.335607,8.0,0.9101496884532834,0.9101496884532834,-0.4294720000000005,0.0,,,True,0.879147947962828,0.9135520886486029,0.879147947962828,0.9135520886486029,,Intel(R) Core(TM) i7-9700K CPU @ 3.60GHz,8,8
pilot-005-local-sub256-20260811T171204Z.csv,20260811T171204Z,NVIDIA GeForce GTX 1660 Ti,local,8,8,1,64,compiled-gpu-host-visible,,9,0.179493,0.0032102111690666146,0.178998,0.176168,0.184937,0.1545920073986053,8681.277859,349.60546875,True,True,6.67572021484375e-06,3.699329909068183e-06,0.0,0,0.01788488224647543,0.395309,0.06644793787978716,13131.539423,0.395309,0.06644793787978716,13131.539423,8.0,2.2084548430708724,2.2084548430708724,0.21631100000000003,0.0,0.0,0.0,True,2.1698506176386094,2.4922159856805073,2.1698506176386094,2.5113900796080832,,Intel(R) Core(TM) i7-9700K CPU @ 3.60GHz,8,8
pilot-005-local-sub256-20260811T171204Z.csv,20260811T171204Z,NVIDIA GeForce GTX 1660 Ti,local,8,8,1,64,compiled-gpu-resident,,9,0.16480311111111112,0.0028977676944695234,0.164421,0.161723,0.170993,0.1391679942607879,8681.277859,321.134765625,True,True,6.67572021484375e-06,3.699329909068183e-06,0.0,0,0.01758320989775389,0.395309,0.06644793787978716,13131.539423,0.395309,0.06644793787978716,13131.539423,8.0,2.4042488489913088,2.4042488489913088,0.230888,0.0,0.0,0.0,True,2.3611955632275907,2.7431606598845875,2.373699476446158,2.728313643487331,,Intel(R) Core(TM) i7-9700K CPU @ 3.60GHz,8,8
pilot-005-local-sub256-20260811T171204Z.csv,20260811T171204Z,NVIDIA GeForce GTX 1660 Ti,local,16,8,1,1,compiled-gpu-host-visible,,9,6.483399444444444,0.16430335424536463,6.415755,6.376376,6.794078,6.385600090026856,608.265603,6265.3857421875,True,True,3.933906555175781e-06,3.540320903994143e-06,0.0,0,0.025342161261736607,4.210572,0.0048304122402304545,4821.256197,4.210572,0.0048304122402304545,4821.256197,8.0,0.6562862827523807,0.6562862827523807,-2.205183,0.0,,,True,0.6246183391989938,0.6605651498484433,0.6257042980695431,0.6605651498484433,,Intel(R) Core(TM) i7-9700K CPU @ 3.60GHz,8,8
pilot-005-local-sub256-20260811T171204Z.csv,20260811T171204Z,NVIDIA GeForce GTX 1660 Ti,local,16,8,1,1,compiled-gpu-resident,,9,4.842758666666667,0.07698301666439182,4.822249,4.754136,5.028292,4.79695987701416,608.265603,4709.2275390625,True,True,3.933906555175781e-06,3.540320903994143e-06,0.0,0,0.015896521376189125,4.210572,0.0048304122402304545,4821.256197,4.210572,0.0048304122402304545,4821.256197,8.0,0.873155243538855,0.873155243538855,-0.6116770000000002,0.0,,,True,0.8657317683186884,0.878483068288276,0.8662937246387806,0.878483068288276,,Intel(R) Core(TM) i7-9700K CPU @ 3.60GHz,8,8
pilot-005-local-sub256-20260811T171204Z.csv,20260811T171204Z,NVIDIA GeForce GTX 1660 Ti,local,16,8,1,64,compiled-gpu-host-visible,,9,0.1797508888888889,0.002398612121855287,0.178677,0.176566,0.183351,0.1552640050649643,8605.713128,174.4892578125,True,True,3.933906555175781e-06,3.540320903994143e-06,0.0,0,0.013344090461427224,0.41051,0.01720754769209894,13309.723466,0.41051,0.01720754769209894,13309.723466,8.0,2.2974977193483213,2.2974977193483213,0.23183299999999998,0.0,0.0,0.0,True,2.2500781156196425,2.3196767313952185,2.250268315638261,2.3196767313952185,,Intel(R) Core(TM) i7-9700K CPU @ 3.60GHz,8,8
pilot-005-local-sub256-20260811T171204Z.csv,20260811T171204Z,NVIDIA GeForce GTX 1660 Ti,local,16,8,1,64,compiled-gpu-resident,,9,0.15990977777777776,0.003307500218358946,0.15885,0.156878,0.167862,0.1346880048513412,8605.713128,155.126953125,True,True,3.933906555175781e-06,3.540320903994143e-06,0.0,0,0.020683539582897103,0.41051,0.01720754769209894,13309.723466,0.41051,0.01720754769209894,13309.723466,8.0,2.5842618822788794,2.5842618822788794,0.25166,0.0,0.0,0.0,True,2.5500000000000003,2.6160602973097835,2.5382499345035363,2.6160602973097835,,Intel(R) Core(TM) i7-9700K CPU @ 3.60GHz,8,8
pilot-005-local-sub256-20260811T171204Z.csv,20260811T171204Z,NVIDIA GeForce GTX 1660 Ti,local,32,8,1,1,compiled-gpu-host-visible,,9,6.515697777777778,0.26699951288100593,6.476992,6.207152,7.006366,6.445216178894043,459.480829,3162.59375,True,True,6.67572021484375e-06,3.344140623084968e-06,0.0,0,0.04097788479257365,4.411166,0.04713163732303574,688.94244,4.371676,0.0048091657772994885,688.94244,1.0,0.681051636315129,0.6749546703160973,-2.105316,0.0,,,True,0.6366524729676,0.7110259082728257,0.6471045606095933,0.7009553436134556,,Intel(R) Core(TM) i7-9700K CPU @ 3.60GHz,8,8
pilot-005-local-sub256-20260811T171204Z.csv,20260811T171204Z,NVIDIA GeForce GTX 1660 Ti,local,32,8,1,1,compiled-gpu-resident,,9,4.812189222222222,0.05421744132144603,4.819534,4.719851,4.870143,4.793568134307861,459.480829,2353.2880859375,True,True,6.67572021484375e-06,3.344140623084968e-06,0.0,0,0.011266689404289248,4.411166,0.04713163732303574,688.94244,4.371676,0.0048091657772994885,688.94244,1.0,0.9152681566309108,0.9070744183981273,-0.4478580000000001,0.0,,,True,0.8787731002768399,0.9459617077419293,0.899154697175661,0.9238928076289662,,Intel(R) Core(TM) i7-9700K CPU @ 3.60GHz,8,8
pilot-005-local-sub256-20260811T171204Z.csv,20260811T171204Z,NVIDIA GeForce GTX 1660 Ti,local,32,8,1,64,compiled-gpu-host-visible,,9,0.18441333333333335,0.002512649597536424,0.184428,0.180239,0.187015,0.1588159948587417,9133.521692,90.052734375,True,True,6.67572021484375e-06,3.344140623084968e-06,0.0,0,0.013625097231959496,0.411403,0.11622150393423594,12946.385252,0.403848,0.03114784953955663,12946.385252,1.0,2.2306970741969767,2.1897325785672455,0.21941999999999998,0.0,0.0,0.0,True,2.1447977406226175,2.7179095153547705,2.1319653584247606,2.232229430959187,,Intel(R) Core(TM) i7-9700K CPU @ 3.60GHz,8,8
pilot-005-local-sub256-20260811T171204Z.csv,20260811T171204Z,NVIDIA GeForce GTX 1660 Ti,local,32,8,1,64,compiled-gpu-resident,,9,0.15964733333333334,0.013680174377543578,0.155444,0.149215,0.195407,0.1323840022087097,9133.521692,75.900390625,True,True,6.67572021484375e-06,3.344140623084968e-06,0.0,0,0.08568996482377977,0.411403,0.11622150393423594,12946.385252,0.403848,0.03114784953955663,12946.385252,1.0,2.6466315843647874,2.598028872134016,0.24840399999999999,0.0,0.0,0.0,True,2.5561061901690434,3.2014497618156232,2.5303569415036895,2.6329151462795104,,Intel(R) Core(TM) i7-9700K CPU @ 3.60GHz,8,8
pilot-005-local-sub256-20260811T171204Z.csv,20260811T171204Z,NVIDIA GeForce GTX 1660 Ti,local,64,8,1,1,compiled-gpu-host-visible,,9,6.572364555555556,0.031284411486038444,6.571925,6.515056,6.626607,6.536863803863525,515.016134,1604.473876953125,True,True,6.437301635742188e-06,3.861380264424952e-06,0.0,0,0.004759993335974347,4.382638,0.004018321663367316,649.907722,4.337779,0.02553130940103484,649.907722,1.0,0.6668727960224744,0.660046942106004,-2.234146,0.0,,,True,0.6636444098520646,0.6688218764496564,0.6523163137055933,0.6726179914259931,,Intel(R) Core(TM) i7-9700K CPU @ 3.60GHz,8,8
pilot-005-local-sub256-20260811T171204Z.csv,20260811T171204Z,NVIDIA GeForce GTX 1660 Ti,local,64,8,1,1,compiled-gpu-resident,,9,4.710142111111111,0.040858814142252196,4.694276,4.67577,4.781109,4.667967796325684,515.016134,1146.0634765625,True,True,6.437301635742188e-06,3.861380264424952e-06,0.0,0,0.008674645727963759,4.382638,0.004018321663367316,649.907722,4.337779,0.02553130940103484,649.907722,1.0,0.9336131918958323,0.9240570856932997,-0.35649700000000006,0.0,,,True,0.9175090866718075,0.9364969301176264,0.9077701242532026,0.9413466946336967,,Intel(R) Core(TM) i7-9700K CPU @ 3.60GHz,8,8
pilot-005-local-sub256-20260811T171204Z.csv,20260811T171204Z,NVIDIA GeForce GTX 1660 Ti,local,64,8,1,64,compiled-gpu-host-visible,,9,0.18175122222222223,0.01410740271787987,0.176211,0.175336,0.219042,0.1531199961900711,9067.480966,43.020263671875,True,True,6.437301635742188e-06,3.861380264424952e-06,0.0,0,0.0776193004118076,0.417833,0.008732602206247502,12686.224817,0.417833,0.008732602206247502,12686.224817,8.0,2.3712083808615807,2.3712083808615807,0.241622,0.0,0.0,0.0,True,2.3024053647461127,2.3820651463205236,2.3024053647461127,2.3820651463205236,,Intel(R) Core(TM) i7-9700K CPU @ 3.60GHz,8,8
pilot-005-local-sub256-20260811T171204Z.csv,20260811T171204Z,NVIDIA GeForce GTX 1660 Ti,local,64,8,1,64,compiled-gpu-resident,,9,0.17021455555555554,0.03256367174901776,0.158514,0.154229,0.256013,0.1343040019273758,9067.480966,38.69970703125,True,True,6.437301635742188e-06,3.861380264424952e-06,0.0,0,0.1913095601180209,0.417833,0.008732602206247502,12686.224817,0.417833,0.008732602206247502,12686.224817,8.0,2.6359375197143473,2.6359375197143473,0.259319,0.0,0.0,0.0,False,2.4728833674812973,2.6876050447121616,2.4728833674812973,2.6876050447121616,,Intel(R) Core(TM) i7-9700K CPU @ 3.60GHz,8,8
pilot-005-local-sub256-20260811T171204Z.csv,20260811T171204Z,NVIDIA GeForce GTX 1660 Ti,local,128,8,1,1,compiled-gpu-host-visible,,9,6.40234111111111,0.07859615831331128,6.414444,6.291813,6.555959,6.381440162658691,633.468365,783.01318359375,True,True,6.198883056640625e-06,5.0133430704590864e-06,0.0,0,0.012276159134493711,4.615313,0.06644209532815416,666.552482,4.383365,0.0152018689892155,666.552482,1.0,0.7195187922756829,0.6833585264755606,-2.031078999999999,0.0,,,True,0.7023391669593857,0.7455801074886086,0.6749742170592015,0.6992016053606137,,Intel(R) Core(TM) i7-9700K CPU @ 3.60GHz,8,8
pilot-005-local-sub256-20260811T171204Z.csv,20260811T171204Z,NVIDIA GeForce GTX 1660 Ti,local,128,8,1,1,compiled-gpu-resident,,9,4.867210444444445,0.015676628680229,4.869059,4.837727,4.886396,4.842432022094727,633.468365,594.3675537109375,True,True,6.198883056640625e-06,5.0133430704590864e-06,0.0,0,0.0032208651873934678,4.615313,0.06644209532815416,666.552482,4.383365,0.0152018689892155,666.552482,1.0,0.947886028902094,0.9002488981957295,-0.4856939999999996,0.0,,,True,0.9250095310321157,0.9836958528976533,0.8890990533964018,0.919556569552971,,Intel(R) Core(TM) i7-9700K CPU @ 3.60GHz,8,8
pilot-005-local-sub256-20260811T171204Z.csv,20260811T171204Z,NVIDIA GeForce GTX 1660 Ti,local,128,8,1,64,compiled-gpu-host-visible,,9,0.18432033333333334,0.0028172209710990016,0.183359,0.181649,0.190058,0.1590400040149688,9791.315653,22.3826904296875,True,True,6.198883056640625e-06,5.0133430704590864e-06,0.0,0,0.015284374328925557,0.446864,0.014933705195484197,13251.096113,0.446864,0.014933705195484197,13251.096113,8.0,2.4370988061671364,2.4370988061671364,0.263505,0.0,0.0,0.0,True,2.385851884926963,2.4788896702481997,2.385851884926963,2.4788896702481997,,Intel(R) Core(TM) i7-9700K CPU @ 3.60GHz,8,8
pilot-005-local-sub256-20260811T171204Z.csv,20260811T171204Z,NVIDIA GeForce GTX 1660 Ti,local,128,8,1,64,compiled-gpu-resident,,9,0.15307033333333334,0.002609583970674252,0.151853,0.150156,0.157673,0.1290879994630813,9791.315653,18.5367431640625,True,True,6.198883056640625e-06,5.0133430704590864e-06,0.0,0,0.017048267380404117,0.446864,0.014933705195484197,13251.096113,0.446864,0.014933705195484197,13251.096113,8.0,2.942740676838785,2.942740676838785,0.295011,0.0,0.0,0.0,True,2.866185175961226,2.9790089127506088,2.8665044668799533,2.9786770903154305,,Intel(R) Core(TM) i7-9700K CPU @ 3.60GHz,8,8
pilot-005-local-sub256-20260811T171204Z.csv,20260811T171204Z,NVIDIA GeForce GTX 1660 Ti,local,256,8,1,1,compiled-gpu-host-visible,,9,6.407808666666667,0.015433355654231493,6.411752,6.37818,6.428731,6.385280132293701,565.043534,391.34228515625,True,True,6.437301635742188e-06,4.720264314528322e-06,0.0,0,0.0024085231718162245,4.67454,0.10300915583917308,673.693716,4.58976,0.07791039060692034,673.693716,1.0,0.7290581419867769,0.7158355469768638,-1.8219919999999998,0.0,,,True,0.7260368704534197,0.8944419052298606,0.698447464700442,0.7391426701877293,,Intel(R) Core(TM) i7-9700K CPU @ 3.60GHz,8,8
pilot-005-local-sub256-20260811T171204Z.csv,20260811T171204Z,NVIDIA GeForce GTX 1660 Ti,local,256,8,1,1,compiled-gpu-resident,,9,4.746107444444444,0.0985710615293747,4.692778,4.65673,4.907029,4.660895824432373,565.043534,286.4244384765625,True,True,6.437301635742188e-06,4.720264314528322e-06,0.0,0,0.020768822173370106,4.67454,0.10300915583917308,673.693716,4.58976,0.07791039060692034,673.693716,1.0,0.9961136026464497,0.978047544546109,-0.10301799999999961,0.0,,,True,0.9670396305817954,1.2206140467458884,0.93174037453282,1.0136032003084716,,Intel(R) Core(TM) i7-9700K CPU @ 3.60GHz,8,8
pilot-005-local-sub256-20260811T171204Z.csv,20260811T171204Z,NVIDIA GeForce GTX 1660 Ti,local,256,8,1,64,compiled-gpu-host-visible,,9,0.1831367777777778,0.016012024230072985,0.175365,0.172641,0.214529,0.1525440067052841,9859.352842,10.70343017578125,True,True,6.437301635742188e-06,4.720264314528322e-06,0.0,0,0.08743205173950548,0.570079,0.015184415061817422,13677.712899,0.52415,0.009113324895778435,13677.712899,1.0,3.2508140164799135,2.9889088472614262,0.348785,0.0,0.0,0.0,True,2.775647083783367,3.3191892982759614,2.540705523838914,3.0277091177897386,,Intel(R) Core(TM) i7-9700K CPU @ 3.60GHz,8,8
pilot-005-local-sub256-20260811T171204Z.csv,20260811T171204Z,NVIDIA GeForce GTX 1660 Ti,local,256,8,1,64,compiled-gpu-resident,,9,0.15703933333333334,0.0022691237295484816,0.157227,0.154304,0.161261,0.1329919993877411,9859.352842,9.59637451171875,True,True,6.437301635742188e-06,4.720264314528322e-06,0.0,0,0.01444939736678591,0.570079,0.015184415061817422,13677.712899,0.52415,0.009113324895778435,13677.712899,1.0,3.625833985256985,3.3337149471782834,0.366923,0.0,0.0,0.0,True,3.590257570174212,3.7162788924609576,3.287812382267989,3.390135625498623,,Intel(R) Core(TM) i7-9700K CPU @ 3.60GHz,8,8
pilot-006-modal-l4-sub256-20260811T171244Z.csv,20260811T171244Z,NVIDIA L4,modal,8,8,1,1,compiled-gpu-host-visible,,9,11.988711888888888,0.21266670944546315,11.96942,11.622163,12.246799,11.910911560058594,1413.50702,23377.7734375,True,True,6.67572021484375e-06,3.699329909068183e-06,0.0,0,0.01773891235492632,7.335545,0.021889240746408162,1721.450387,7.335545,0.021889240746408162,1721.450387,8.0,0.6128571810497083,0.6128571810497083,-4.633875,0.0,,,True,0.5993136610444748,0.6246414767043516,0.5993229964513005,0.6246414767043516,L4,unknown,21,21
pilot-006-modal-l4-sub256-20260811T171244Z.csv,20260811T171244Z,NVIDIA L4,modal,8,8,1,1,compiled-gpu-resident,,9,7.821763333333333,0.06985727545324133,7.801773,7.729512,7.939328,7.753727912902832,1413.50702,15237.837890625,True,True,6.67572021484375e-06,3.699329909068183e-06,0.0,0,0.008931141543945292,7.335545,0.021889240746408162,1721.450387,7.335545,0.021889240746408162,1721.450387,8.0,0.9402407632213857,0.9402407632213857,-0.4662280000000001,0.0,,,True,0.9274018982855867,0.9581539037155553,0.9274750681362208,0.955803913935827,L4,unknown,21,21
pilot-006-modal-l4-sub256-20260811T171244Z.csv,20260811T171244Z,NVIDIA L4,modal,8,8,1,64,compiled-gpu-host-visible,,9,0.38379688888888885,0.043688040429974775,0.369165,0.345998,0.474903,0.3296320140361786,21864.876855,721.025390625,True,True,6.67572021484375e-06,3.699329909068183e-06,0.0,0,0.11383114791903039,0.964006,0.05276874527055551,28770.678548,0.962195,0.04745220708809507,28770.678548,1.0,2.6113147237685044,2.606409058280173,0.59303,0.0,0.0,0.0,False,2.2781610357617232,2.7762966282065644,2.2352754631651033,2.7868687129149725,L4,unknown,21,21
pilot-006-modal-l4-sub256-20260811T171244Z.csv,20260811T171244Z,NVIDIA L4,modal,8,8,1,64,compiled-gpu-resident,,9,0.3695007777777778,0.03153642151853069,0.36789,0.305567,0.405335,0.313728004693985,21864.876855,718.53515625,True,True,6.67572021484375e-06,3.699329909068183e-06,0.0,0,0.08534872837939485,0.964006,0.05276874527055551,28770.678548,0.962195,0.04745220708809507,28770.678548,1.0,2.620364782951426,2.6154421158498464,0.5943050000000001,0.0,0.0,0.0,True,2.3386333071125884,2.7705085712049993,2.365273654209399,2.7816005544594304,L4,unknown,21,21
pilot-006-modal-l4-sub256-20260811T171244Z.csv,20260811T171244Z,NVIDIA L4,modal,16,8,1,1,compiled-gpu-host-visible,,9,11.973427555555554,0.11302576643194191,11.987271,11.818024,12.136047,11.927328109741213,2181.498048,11706.3193359375,True,True,3.933906555175781e-06,3.540320903994143e-06,0.0,0,0.009439716898733734,8.092866,0.010876746710477073,27104.390687,8.092866,0.010876746710477073,27104.390687,8.0,0.6751216352746177,0.6751216352746177,-3.894404999999999,0.0,,,True,0.6686783247798265,0.6853055211466699,0.6686783247798265,0.6853055211466699,L4,unknown,21,21
pilot-006-modal-l4-sub256-20260811T171244Z.csv,20260811T171244Z,NVIDIA L4,modal,16,8,1,1,compiled-gpu-resident,,9,7.691596,0.09123000228954284,7.684051,7.559432,7.877511,7.631103992462158,2181.498048,7503.9560546875,True,True,3.933906555175781e-06,3.540320903994143e-06,0.0,0,0.011860997677145659,8.092866,0.010876746710477073,27104.390687,8.092866,0.010876746710477073,27104.390687,8.0,1.0532030565648252,1.0532030565648252,0.4088150000000006,0.0,0.0,0.0,True,1.0430480972644753,1.0642739809832014,1.0427038283332535,1.0642739809832014,L4,unknown,21,21
pilot-006-modal-l4-sub256-20260811T171244Z.csv,20260811T171244Z,NVIDIA L4,modal,16,8,1,64,compiled-gpu-host-visible,,9,0.43368388888888887,0.024272182938728657,0.430327,0.388315,0.46381,0.3808960020542145,21265.257878,420.2412109375,True,True,3.933906555175781e-06,3.540320903994143e-06,0.0,0,0.05596745362368595,0.966619,0.06672256502737489,28886.696676,0.966619,0.06672256502737489,28886.696676,8.0,2.246242973366765,2.246242973366765,0.536292,0.0,0.0,0.0,True,2.0137941611844017,2.3560574501524307,2.023263361140101,2.3600544461643707,L4,unknown,21,21
pilot-006-modal-l4-sub256-20260811T171244Z.csv,20260811T171244Z,NVIDIA L4,modal,16,8,1,64,compiled-gpu-resident,,9,0.37590966666666664,0.03082992074673562,0.38135,0.323958,0.42497,0.3297599852085113,21265.257878,372.412109375,True,True,3.933906555175781e-06,3.540320903994143e-06,0.0,0,0.08201417383095307,0.966619,0.06672256502737489,28886.696676,0.966619,0.06672256502737489,28886.696676,8.0,2.5347292513439097,2.5347292513439097,0.585269,0.0,0.0,0.0,True,2.3270658116628535,2.8040158538337376,2.3270658116628535,2.8040158538337376,L4,unknown,21,21
pilot-006-modal-l4-sub256-20260811T171244Z.csv,20260811T171244Z,NVIDIA L4,modal,32,8,1,1,compiled-gpu-host-visible,,9,11.788987444444444,0.12760317324630982,11.817933,11.592829,11.947743,11.769184112548828,1682.455038,5770.47509765625,True,True,6.67572021484375e-06,3.344140623084968e-06,0.0,0,0.010823929862309147,8.497489,0.018670946452497415,1713.660115,8.497489,0.018670946452497415,1713.660115,8.0,0.7190334384193919,0.7190334384193919,-3.320444,0.0,,,True,0.6986392859298414,0.7294289201591921,0.6986392859298414,0.7294289201591921,L4,unknown,21,21
pilot-006-modal-l4-sub256-20260811T171244Z.csv,20260811T171244Z,NVIDIA L4,modal,32,8,1,1,compiled-gpu-resident,,9,7.8842159999999994,0.19908987270451461,7.844506,7.682264,8.358481,7.789951801300049,1682.455038,3830.3251953125,True,True,6.67572021484375e-06,3.344140623084968e-06,0.0,0,0.025251701970686068,8.497489,0.018670946452497415,1713.660115,8.497489,0.018670946452497415,1713.660115,8.0,1.0832408057307878,1.0832408057307878,0.6529829999999999,0.0,0.0,0.0,True,1.047076786993497,1.0970151165819404,1.047076786993497,1.0970151165819404,L4,unknown,21,21
pilot-006-modal-l4-sub256-20260811T171244Z.csv,20260811T171244Z,NVIDIA L4,modal,32,8,1,64,compiled-gpu-host-visible,,9,0.4325003333333333,0.024486151458528563,0.434798,0.388622,0.462289,0.3852800130844116,22663.05629,212.3037109375,True,True,6.67572021484375e-06,3.344140623084968e-06,0.0,0,0.05661533546069382,0.994918,0.04613112957088724,28694.528502,0.994918,0.04613112957088724,28694.528502,8.0,2.2882303966439586,2.2882303966439586,0.56012,0.0,0.0,0.0,True,2.1438842291634215,2.4259335198764957,2.1438842291634215,2.4259335198764957,L4,unknown,21,21
pilot-006-modal-l4-sub256-20260811T171244Z.csv,20260811T171244Z,NVIDIA L4,modal,32,8,1,64,compiled-gpu-resident,,9,0.3438252222222222,0.028766452274210735,0.350326,0.278525,0.380143,0.3000639975070953,22663.05629,171.0576171875,True,True,6.67572021484375e-06,3.344140623084968e-06,0.0,0,0.08366591632890245,0.994918,0.04613112957088724,28694.528502,0.994918,0.04613112957088724,28694.528502,8.0,2.8399776208445844,2.8399776208445844,0.6445919999999999,0.0,0.0,0.0,True,2.7150225789693025,3.034161548540946,2.7150225789693025,3.042734538499276,L4,unknown,21,21
pilot-006-modal-l4-sub256-20260811T171244Z.csv,20260811T171244Z,NVIDIA L4,modal,64,8,1,1,compiled-gpu-host-visible,,9,11.97472,0.19810133953232112,11.929828,11.609896,12.329347,11.86457633972168,1619.942192,2912.5556640625,True,True,6.437301635742188e-06,3.861380264424952e-06,0.0,0,0.016543296171628325,8.880976,0.0240773050250377,1737.696106,8.578431,0.014274836670781497,1737.696106,1.0,0.7444345383688683,0.7190741559727433,-3.3513970000000004,0.0,,,True,0.7318420723226073,0.7493766309563463,0.7042194648895962,0.7234483203233045,L4,unknown,21,21
pilot-006-modal-l4-sub256-20260811T171244Z.csv,20260811T171244Z,NVIDIA L4,modal,64,8,1,1,compiled-gpu-resident,,9,7.6811797777777775,0.1585705473423247,7.622371,7.472538,8.002142,7.565567970275879,1619.942192,1860.930419921875,True,True,6.437301635742188e-06,3.861380264424952e-06,0.0,0,0.0206440354125132,8.880976,0.0240773050250377,1737.696106,8.578431,0.014274836670781497,1737.696106,1.0,1.1651198819894755,1.125428164018781,0.9560599999999999,0.0,0.0,0.0,True,1.1338159198938302,1.1745797620531975,1.094942981244278,1.1323480920242077,L4,unknown,21,21
pilot-006-modal-l4-sub256-20260811T171244Z.csv,20260811T171244Z,NVIDIA L4,modal,64,8,1,64,compiled-gpu-host-visible,,9,0.40877344444444447,0.02235666768053276,0.415187,0.364208,0.442388,0.3668160140514374,22419.109409,101.364013671875,True,True,6.437301635742188e-06,3.861380264424952e-06,0.0,0,0.05469207450820893,1.000757,0.04201059416754151,29241.359431,1.000757,0.04201059416754151,29241.359431,8.0,2.410376529130247,2.410376529130247,0.5855699999999999,0.0,0.0,0.0,True,2.3722269376071363,2.5676434291109587,2.3722269376071363,2.5676434291109587,L4,unknown,21,21
pilot-006-modal-l4-sub256-20260811T171244Z.csv,20260811T171244Z,NVIDIA L4,modal,64,8,1,64,compiled-gpu-resident,,9,0.425514,0.12616584545747708,0.376237,0.323933,0.701618,0.3270399868488312,22419.109409,91.854736328125,True,True,6.437301635742188e-06,3.861380264424952e-06,0.0,0,0.29650221956851497,1.000757,0.04201059416754151,29241.359431,1.000757,0.04201059416754151,29241.359431,8.0,2.6599111730106286,2.6599111730106286,0.62452,0.0,0.0,0.0,False,1.8409080938802367,2.991245269935019,1.8468432404767126,2.991245269935019,L4,unknown,21,21
pilot-006-modal-l4-sub256-20260811T171244Z.csv,20260811T171244Z,NVIDIA L4,modal,128,8,1,1,compiled-gpu-host-visible,,9,11.813163444444445,0.13130368553006305,11.814607,11.629312,11.981579,11.759231567382812,1852.379201,1442.2127685546875,True,True,6.198883056640625e-06,5.0133430704590864e-06,0.0,0,0.011115031646481893,8.997628,0.024659727300005884,1697.978501,8.680504,0.017460163661544004,1697.978501,1.0,0.761568116484958,0.7347264280563882,-3.1341029999999996,154.40069999999992,,,True,0.7359152490375956,0.7730363673468342,0.7173367750086341,0.742866732568014,L4,unknown,21,21
pilot-006-modal-l4-sub256-20260811T171244Z.csv,20260811T171244Z,NVIDIA L4,modal,128,8,1,1,compiled-gpu-resident,,9,7.839566777777778,0.09963374131384628,7.835984,7.724486,8.028162,7.777376174926758,1852.379201,956.541015625,True,True,6.198883056640625e-06,5.0133430704590864e-06,0.0,0,0.012709087649622483,8.997628,0.024659727300005884,1697.978501,8.680504,0.017460163661544004,1697.978501,1.0,1.1482448152012563,1.1077745947413882,0.844520000000001,154.40069999999992,182.82657604319581,23401.801733529064,True,1.1087302458538253,1.1656918851150222,1.0869027317211155,1.121009562488386,L4,unknown,21,21
pilot-006-modal-l4-sub256-20260811T171244Z.csv,20260811T171244Z,NVIDIA L4,modal,128,8,1,64,compiled-gpu-host-visible,,9,0.42071122222222224,0.02858295217335754,0.415579,0.379358,0.457916,0.3645760118961334,23211.558514,50.7298583984375,True,True,6.198883056640625e-06,5.0133430704590864e-06,0.0,0,0.06793960004770172,1.103639,0.04021544054925163,29056.908966,1.103639,0.04021544054925163,29056.908966,8.0,2.655665950396916,2.655665950396916,0.6880600000000001,0.0,0.0,0.0,True,2.4229349177349144,2.8175605560125923,2.4229349177349144,2.8175605560125923,L4,unknown,21,21
pilot-006-modal-l4-sub256-20260811T171244Z.csv,20260811T171244Z,NVIDIA L4,modal,128,8,1,64,compiled-gpu-resident,,9,0.3514467777777778,0.031600868436554796,0.349002,0.308317,0.415229,0.3032959997653961,23211.558514,42.602783203125,True,True,6.198883056640625e-06,5.0133430704590864e-06,0.0,0,0.08991651207152693,1.103639,0.04021544054925163,29056.908966,1.103639,0.04021544054925163,29056.908966,8.0,3.1622712763823704,3.1622712763823704,0.754637,0.0,0.0,0.0,True,2.9459858315660394,3.4216531330731432,2.9459858315660394,3.4216531330731432,L4,unknown,21,21
pilot-006-modal-l4-sub256-20260811T171244Z.csv,20260811T171244Z,NVIDIA L4,modal,256,8,1,1,compiled-gpu-host-visible,,9,12.30573788888889,0.20820500491789576,12.222811,12.13509,12.690183,12.158432006835938,1870.70915,746.0211791992188,True,True,6.437301635742188e-06,4.720264314528322e-06,0.0,0,0.01691934338256046,12.047469,0.019970012396186853,1733.869456,8.87428,0.010931816028811178,1733.869456,1.0,0.9856545274241744,0.7260424790991206,-3.3485309999999995,136.839694,,,True,0.9697571239064933,1.0181931101757384,0.7045600620255412,0.7310718269362135,L4,unknown,21,21
pilot-006-modal-l4-sub256-20260811T171244Z.csv,20260811T171244Z,NVIDIA L4,modal,256,8,1,1,compiled-gpu-resident,,9,7.832765333333334,0.1517102914233243,7.841887,7.625688,8.089947,7.769855976104736,1870.70915,478.63079833984375,True,True,6.437301635742188e-06,4.720264314528322e-06,0.0,0,0.01936867568056734,12.047469,0.019970012396186853,1733.869456,8.87428,0.010931816028811178,1733.869456,1.0,1.5362971947950792,1.1316510936717146,1.0323930000000008,136.839694,132.5461272984221,33931.80858839606,True,1.5063174464010807,1.6045133427365625,1.1124341620585174,1.157769729111111,L4,unknown,21,21
pilot-006-modal-l4-sub256-20260811T171244Z.csv,20260811T171244Z,NVIDIA L4,modal,256,8,1,64,compiled-gpu-host-visible,,9,0.41993477777777777,0.02221591822195167,0.423715,0.388632,0.453576,0.363647997379303,23696.372313,25.86151123046875,True,True,6.437301635742188e-06,4.720264314528322e-06,0.0,0,0.052903258785839236,2.455093,0.03575589397469846,28864.778197,1.304556,0.02316521348427714,28864.778197,1.0,5.7942083711929016,3.0788525305924974,0.880841,0.0,0.0,0.0,True,5.485805689649242,6.242154896618207,2.9430068858605525,3.2806730118453884,L4,unknown,21,21
pilot-006-modal-l4-sub256-20260811T171244Z.csv,20260811T171244Z,NVIDIA L4,modal,256,8,1,64,compiled-gpu-resident,,9,0.37262711111111113,0.028416494714533506,0.366731,0.326621,0.425959,0.3153280019760132,23696.372313,22.38348388671875,True,True,6.437301635742188e-06,4.720264314528322e-06,0.0,0,0.07625986909487159,2.455093,0.03575589397469846,28864.778197,1.304556,0.02316521348427714,28864.778197,1.0,6.694533595469159,3.5572558632894413,0.9378250000000001,0.0,0.0,0.0,True,6.192278682016673,6.969633172064748,3.2406957125843587,3.6630118650920904,L4,unknown,21,21
pilot-007-modal-t4-sub256-20260811T173729Z.csv,20260811T173729Z,Tesla T4,modal,8,8,1,1,compiled-gpu-host-visible,,9,8.445566777777778,0.19542021438158488,8.407663,8.195338,8.762851,8.363360404968262,1046.644484,16421.216796875,True,True,6.67572021484375e-06,3.699329909068183e-06,0.0,0,0.02313879216440278,5.357341,0.08168843192273559,1371.229171,5.300078,0.06574324380585542,1371.229171,1.0,0.637197399562756,0.6303865889962527,-3.1075849999999994,0.0,,,True,0.6201636445821423,0.7072990286325047,0.621055673530118,0.6638618803000268,T4,unknown,24,24
pilot-007-modal-t4-sub256-20260811T173729Z.csv,20260811T173729Z,Tesla T4,modal,8,8,1,1,compiled-gpu-resident,,9,5.965007222222223,0.12991476071522606,5.918934,5.827838,6.178227,5.876736164093018,1046.644484,11560.41796875,True,True,6.67572021484375e-06,3.699329909068183e-06,0.0,0,0.02177948087493299,5.357341,0.08168843192273559,1371.229171,5.300078,0.06574324380585542,1371.229171,1.0,0.9051192326185762,0.895444686492534,-0.6188560000000001,0.0,,,True,0.8662614036737735,1.010829532353762,0.8675074139088811,0.9487517539909234,T4,unknown,24,24
pilot-007-modal-t4-sub256-20260811T173729Z.csv,20260811T173729Z,Tesla T4,modal,8,8,1,64,compiled-gpu-host-visible,,9,0.32134444444444443,0.03948665078577542,0.295606,0.286357,0.380678,0.2626560032367706,13855.419386,577.35546875,True,True,6.67572021484375e-06,3.699329909068183e-06,0.0,0,0.1228795190594996,0.646656,0.12377532362387425,18929.222211,0.646656,0.12377532362387425,18929.222211,8.0,2.1875604690026593,2.1875604690026593,0.35105000000000003,0.0,0.0,0.0,False,1.7507691108382684,2.6528362487290083,1.7507691108382684,2.6522482977914494,T4,unknown,24,24
pilot-007-modal-t4-sub256-20260811T173729Z.csv,20260811T173729Z,Tesla T4,modal,8,8,1,64,compiled-gpu-resident,,9,0.32388177777777777,0.0996884291590275,0.289272,0.224783,0.562287,0.2490240037441253,13855.419386,564.984375,True,True,6.67572021484375e-06,3.699329909068183e-06,0.0,0,0.30779264533809575,0.646656,0.12377532362387425,18929.222211,0.646656,0.12377532362387425,18929.222211,8.0,2.235460051439476,2.235460051439476,0.35738400000000003,0.0,0.0,0.0,False,1.8323915448321224,2.7442842430484036,1.836204520396913,2.7442842430484036,T4,unknown,24,24
pilot-007-modal-t4-sub256-20260811T173729Z.csv,20260811T173729Z,Tesla T4,modal,16,8,1,1,compiled-gpu-host-visible,,9,8.447068555555555,0.14288611518278377,8.452889,8.151882,8.619315,8.41158390045166,1492.909506,8254.7744140625,True,True,3.933906555175781e-06,3.540320903994143e-06,0.0,0,0.016915467684799238,6.606423,0.038076615994379934,23579.104494,5.47387,0.05511810804428414,23579.104494,1.0,0.7815579975083075,0.6475738649827295,-2.979019000000001,0.0,,,True,0.7605864948748532,0.8321289730481436,0.6380661868823263,0.718424244193685,T4,unknown,24,24
pilot-007-modal-t4-sub256-20260811T173729Z.csv,20260811T173729Z,Tesla T4,modal,16,8,1,1,compiled-gpu-resident,,9,5.954959333333333,0.12501123459513555,5.942498,5.772342,6.233571,5.901599884033203,1492.909506,5803.220703125,True,True,3.933906555175781e-06,3.540320903994143e-06,0.0,0,0.020992794005389045,6.606423,0.038076615994379934,23579.104494,5.47387,0.05511810804428414,23579.104494,1.0,1.1117249008750194,0.9211395611744422,-0.4686279999999998,0.0,,,True,1.0820383931791966,1.1838173606580003,0.911749844222516,1.0265756220836568,T4,unknown,24,24
pilot-007-modal-t4-sub256-20260811T173729Z.csv,20260811T173729Z,Tesla T4,modal,16,8,1,64,compiled-gpu-host-visible,,9,0.38515466666666665,0.11556052880849935,0.345058,0.297054,0.663313,0.2960320115089416,13997.222726,336.970703125,True,True,3.933906555175781e-06,3.540320903994143e-06,0.0,0,0.3000366834669865,0.868891,0.15105174945993838,20538.317489,0.816425,0.1392615844178455,20538.317489,1.0,2.518101304708194,2.36605150438477,0.471367,0.0,0.0,0.0,False,1.9361864512119331,2.9608230989803666,1.799818499404176,2.652360844786231,T4,unknown,24,24
pilot-007-modal-t4-sub256-20260811T173729Z.csv,20260811T173729Z,Tesla T4,modal,16,8,1,64,compiled-gpu-resident,,9,0.30306388888888885,0.10378309648546392,0.277838,0.231953,0.56296,0.2369599938392639,13997.222726,271.326171875,True,True,3.933906555175781e-06,3.540320903994143e-06,0.0,0,0.34244626394111083,0.868891,0.15105174945993838,20538.317489,0.816425,0.1392615844178455,20538.317489,1.0,3.1273295949438165,2.9384929347317503,0.5385869999999999,0.0,0.0,0.0,False,2.5028707967842023,3.7318847738039502,2.438041982951335,3.508835300153925,T4,unknown,24,24
pilot-007-modal-t4-sub256-20260811T173729Z.csv,20260811T173729Z,Tesla T4,modal,32,8,1,1,compiled-gpu-host-visible,,9,8.602070222222222,0.46419496942361904,8.449202,8.224094,9.668588,8.398303985595703,1391.866144,4125.5869140625,True,True,6.67572021484375e-06,3.344140623084968e-06,0.0,0,0.053963169031617235,5.581858,0.1260093354865858,1406.371499,5.581858,0.1260093354865858,1406.371499,8.0,0.6606373004219808,0.6606373004219808,-2.8673439999999992,0.0,,,False,0.6240816788891418,0.8080615916094817,0.6240816788891418,0.8065519444575474,T4,unknown,24,24
pilot-007-modal-t4-sub256-20260811T173729Z.csv,20260811T173729Z,Tesla T4,modal,32,8,1,1,compiled-gpu-resident,,9,5.990832888888889,0.22481749286279093,5.966071,5.771677,6.492662,5.923327922821045,1391.866144,2913.12060546875,True,True,6.67572021484375e-06,3.344140623084968e-06,0.0,0,0.03752691771452291,5.581858,0.1260093354865858,1406.371499,5.581858,0.1260093354865858,1406.371499,8.0,0.9356003306028373,0.9356003306028373,-0.3842129999999999,0.0,,,False,0.9004665900277311,1.1762914387043448,0.8942567059627684,1.1762914387043448,T4,unknown,24,24
pilot-007-modal-t4-sub256-20260811T173729Z.csv,20260811T173729Z,Tesla T4,modal,32,8,1,64,compiled-gpu-host-visible,,9,0.33903044444444447,0.09251057539021028,0.313514,0.268358,0.55915,0.2748799920082092,14729.344404,153.0830078125,True,True,6.67572021484375e-06,3.344140623084968e-06,0.0,0,0.27286804741622434,0.878844,0.07861770568709804,19084.958981,0.709057,0.24933637744932038,19084.958981,1.0,2.8032049605440266,2.261643818138903,0.39554300000000003,0.0,0.0,0.0,False,2.163385077714141,3.203508081272007,1.9245328757248479,3.470011070215443,T4,unknown,24,24
pilot-007-modal-t4-sub256-20260811T173729Z.csv,20260811T173729Z,Tesla T4,modal,32,8,1,64,compiled-gpu-resident,,9,0.2270301111111111,0.010432609374509861,0.224767,0.208625,0.244931,0.1956800073385238,14729.344404,109.74951171875,True,True,6.67572021484375e-06,3.344140623084968e-06,0.0,0,0.04595253609070395,0.878844,0.07861770568709804,19084.958981,0.709057,0.24933637744932038,19084.958981,1.0,3.9100223787299737,3.1546312403511196,0.48429000000000005,0.0,0.0,0.0,False,3.5189180564727365,4.039526864510792,2.806025073286347,4.790163266350492,T4,unknown,24,24
pilot-007-modal-t4-sub256-20260811T173729Z.csv,20260811T173729Z,Tesla T4,modal,64,8,1,1,compiled-gpu-host-visible,,9,8.489850555555556,0.1922448179698942,8.402459,8.309953,8.854743,8.358624458312988,1313.440217,2051.381591796875,True,True,6.437301635742188e-06,3.861380264424952e-06,0.0,0,0.022644075618515308,5.909848,0.04485255472287747,1442.632387,5.909848,0.04485255472287747,1442.632387,8.0,0.7033474367444101,0.7033474367444101,-2.492611,0.0,,,True,0.6609559834224925,0.7282727821386882,0.6609559834224925,0.7282727821386882,T4,unknown,24,24
pilot-007-modal-t4-sub256-20260811T173729Z.csv,20260811T173729Z,Tesla T4,modal,64,8,1,1,compiled-gpu-resident,,9,5.969866555555556,0.28087589249618394,5.840889,5.739366,6.600778,5.792031764984131,1313.440217,1425.998291015625,True,True,6.437301635742188e-06,3.861380264424952e-06,0.0,0,0.04704893985189684,5.909848,0.04485255472287747,1442.632387,5.909848,0.04485255472287747,1442.632387,8.0,1.011806250726559,1.011806250726559,0.06895900000000044,0.0,0.0,0.0,True,0.9471037751149215,1.048262173788956,0.9524566361891785,1.048262173788956,T4,unknown,24,24
pilot-007-modal-t4-sub256-20260811T173729Z.csv,20260811T173729Z,Tesla T4,modal,64,8,1,64,compiled-gpu-host-visible,,9,0.35243722222222224,0.05872599757300377,0.336411,0.257121,0.460584,0.2943679988384247,16425.996888,82.131591796875,True,True,6.437301635742188e-06,3.861380264424952e-06,0.0,0,0.16662824999788264,1.033712,0.09826310369808741,22664.734581,0.777098,0.15392660581200893,22664.734581,1.0,3.0727651592843275,2.3099660831542366,0.44068699999999994,0.0,0.0,0.0,False,2.4885945174582984,3.459640142563709,1.963660606784282,2.4747369101049284,T4,unknown,24,24
pilot-007-modal-t4-sub256-20260811T173729Z.csv,20260811T173729Z,Tesla T4,modal,64,8,1,64,compiled-gpu-resident,,9,0.3759585555555556,0.12555362885348145,0.344416,0.248893,0.606775,0.3021120131015777,16425.996888,84.0859375,True,True,6.437301635742188e-06,3.861380264424952e-06,0.0,0,0.3339560358400418,1.033712,0.09826310369808741,22664.734581,0.777098,0.15392660581200893,22664.734581,1.0,3.0013472080275014,2.256277292576419,0.43268199999999996,0.0,0.0,0.0,False,1.8950233267619958,3.8471708760481245,1.435260430140139,2.868958097848012,T4,unknown,24,24
pilot-007-modal-t4-sub256-20260811T173729Z.csv,20260811T173729Z,Tesla T4,modal,128,8,1,1,compiled-gpu-host-visible,,9,8.559095777777777,0.17063013804701815,8.517304,8.26076,8.809085,8.47372817993164,1515.40296,1039.7099609375,True,True,6.198883056640625e-06,5.0133430704590864e-06,0.0,0,0.019935533200835305,5.67332,0.08178555995606837,1547.311593,5.67332,0.08178555995606837,1547.311593,8.0,0.6660934023254308,0.6660934023254308,-2.843983999999999,0.0,,,True,0.641396103705461,0.7417549236693269,0.641396103705461,0.7417549236693269,T4,unknown,24,24
pilot-007-modal-t4-sub256-20260811T173729Z.csv,20260811T173729Z,Tesla T4,modal,128,8,1,1,compiled-gpu-resident,,9,6.021407,0.21919535697523349,5.927748,5.765605,6.476613,5.881184101104736,1515.40296,723.60205078125,True,True,6.198883056640625e-06,5.0133430704590864e-06,0.0,0,0.03640268079789881,5.67332,0.08178555995606837,1547.311593,5.67332,0.08178555995606837,1547.311593,8.0,0.9570784722967306,0.9570784722967306,-0.2544279999999999,0.0,,,True,0.912692805078958,1.0702205191616896,0.9137470924994643,1.0702205191616896,T4,unknown,24,24
pilot-007-modal-t4-sub256-20260811T173729Z.csv,20260811T173729Z,Tesla T4,modal,128,8,1,64,compiled-gpu-host-visible,,9,0.34072766666666665,0.09963354057745816,0.314841,0.258745,0.595974,0.2755520045757293,17863.899916,38.4327392578125,True,True,6.198883056640625e-06,5.0133430704590864e-06,0.0,0,0.29241400192761424,0.971825,0.054588603933303545,21944.11937,0.765206,0.19370382891646556,21944.11937,1.0,3.0867167872037,2.430452196505538,0.45036500000000007,0.0,0.0,0.0,False,2.7778378303082643,3.4413970606609046,2.1684631350206858,3.303542609285676,T4,unknown,24,24
pilot-007-modal-t4-sub256-20260811T173729Z.csv,20260811T173729Z,Tesla T4,modal,128,8,1,64,compiled-gpu-resident,,9,0.2806492222222222,0.023772916390179068,0.268127,0.258936,0.325486,0.2326720058917999,17863.899916,32.7303466796875,True,True,6.198883056640625e-06,5.0133430704590864e-06,0.0,0,0.08470686717725988,0.971825,0.054588603933303545,21944.11937,0.765206,0.19370382891646556,21944.11937,1.0,3.6244951086611943,2.8538938637287554,0.49707900000000005,0.0,0.0,0.0,False,3.1375524278109372,3.7964312498579615,2.436182583212346,3.501576195085229,T4,unknown,24,24
pilot-007-modal-t4-sub256-20260811T173729Z.csv,20260811T173729Z,Tesla T4,modal,256,8,1,1,compiled-gpu-host-visible,,9,8.567722333333332,0.29253096227664543,8.527623,8.270329,9.244443,8.481504440307617,1356.479161,520.4848022460938,True,True,6.437301635742188e-06,4.720264314528322e-06,0.0,0,0.0341433756715636,7.515325,0.1276050731412588,1331.268658,5.777572,0.0823324402512291,1331.268658,1.0,0.8812918910697624,0.677512596417548,-2.750051,25.210503000000017,,,True,0.8391572069287624,1.0986617228779252,0.641916091012018,0.7614938641821664,T4,unknown,24,24
pilot-007-modal-t4-sub256-20260811T173729Z.csv,20260811T173729Z,Tesla T4,modal,256,8,1,1,compiled-gpu-resident,,9,5.959995222222222,0.11827103124685463,5.958962,5.780099,6.18951,5.916927814483643,1356.479161,363.7061767578125,True,True,6.437301635742188e-06,4.720264314528322e-06,0.0,0,0.019844148667413953,7.515325,0.1276050731412588,1331.268658,5.777572,0.0823324402512291,1331.268658,1.0,1.2611802189710222,0.9695601348020009,-0.1813899999999995,25.210503000000017,,,True,1.2082800688512638,1.566403341608501,0.9184525150576754,1.0856904437744308,T4,unknown,24,24
pilot-007-modal-t4-sub256-20260811T173729Z.csv,20260811T173729Z,Tesla T4,modal,256,8,1,64,compiled-gpu-host-visible,,9,0.36224455555555557,0.10521549958669482,0.330646,0.266979,0.623364,0.2897279858589172,16518.109565,20.1810302734375,True,True,6.437301635742188e-06,4.720264314528322e-06,0.0,0,0.29045432974232366,1.846843,0.10702196077512709,21727.443413,0.819691,0.0775743582732822,21727.443413,1.0,5.585559782970306,2.4790591750694095,0.48904499999999995,0.0,0.0,0.0,False,5.023394200353042,6.562347646727921,2.3397593466659226,2.6985276192546164,T4,unknown,24,24
pilot-007-modal-t4-sub256-20260811T173729Z.csv,20260811T173729Z,Tesla T4,modal,256,8,1,64,compiled-gpu-resident,,9,0.3154166666666667,0.10208899176943613,0.270594,0.236558,0.54794,0.2368640005588531,16518.109565,16.5157470703125,True,True,6.437301635742188e-06,4.720264314528322e-06,0.0,0,0.3236639104975518,1.846843,0.10702196077512709,21727.443413,0.819691,0.0775743582732822,21727.443413,1.0,6.825143942585571,3.029228290353814,0.549097,0.0,0.0,0.0,False,4.976466913228747,7.908859051755174,2.0002909146403987,3.2898327796322575,T4,unknown,24,24
pilot-008-modal-a10-sub256-20260811T173724Z.csv,20260811T173724Z,NVIDIA A10,modal,8,8,1,1,compiled-gpu-host-visible,,9,6.243691222222222,0.12100082383787471,6.193873,6.100929,6.48757,6.157663822174072,874.022557,12097.408203125,True,True,6.67572021484375e-06,3.699329909068183e-06,0.0,0,0.019379693763076376,4.074233,0.024510756980596824,1211.818787,4.073898,0.034808380152745476,1211.818787,1.0,0.6577843943522899,0.6577303086453339,-2.119975,0.0,,,True,0.6415201050347422,0.6719254388706497,0.6391691429251999,0.6785644980888818,A10,unknown,24,24
pilot-008-modal-a10-sub256-20260811T173724Z.csv,20260811T173724Z,NVIDIA A10,modal,8,8,1,1,compiled-gpu-resident,,9,4.585009333333334,0.08537451123578996,4.596974,4.471787,4.705528,4.562272071838379,874.022557,8978.46484375,True,True,6.67572021484375e-06,3.699329909068183e-06,0.0,0,0.01862035713103382,4.074233,0.024510756980596824,1211.818787,4.073898,0.034808380152745476,1211.818787,1.0,0.8862858480382966,0.8862129740129049,-0.5230760000000005,0.0,,,True,0.8676827228610313,0.9087132944368412,0.8600422715032133,0.9266602864696619,A10,unknown,24,24
pilot-008-modal-a10-sub256-20260811T173724Z.csv,20260811T173724Z,NVIDIA A10,modal,8,8,1,64,compiled-gpu-host-visible,,9,0.3194275555555556,0.06118959148235735,0.322071,0.209671,0.447874,0.2831679880619049,11132.026469,629.044921875,True,True,6.67572021484375e-06,3.699329909068183e-06,0.0,0,0.1915601532120015,0.592822,0.15079812500095993,14944.22363,0.566975,0.16124358901813157,14944.22363,1.0,1.8406562528138204,1.7604037619034312,0.244904,0.0,0.0,0.0,False,1.6838261433587585,2.1150196299757282,1.5444464540754275,1.934257602094092,A10,unknown,24,24
pilot-008-modal-a10-sub256-20260811T173724Z.csv,20260811T173724Z,NVIDIA A10,modal,8,8,1,64,compiled-gpu-resident,,9,0.27010233333333333,0.0716956870425272,0.259628,0.182551,0.442093,0.2193599939346313,11132.026469,507.08593750000006,True,True,6.67572021484375e-06,3.699329909068183e-06,0.0,0,0.2654389769896861,0.592822,0.15079812500095993,14944.22363,0.566975,0.16124358901813157,14944.22363,1.0,2.2833515645461966,2.183797587317238,0.307347,0.0,0.0,0.0,False,2.0243196175516474,2.6634468071723494,1.9223834727676283,2.5293269295569623,A10,unknown,24,24
pilot-008-modal-a10-sub256-20260811T173724Z.csv,20260811T173724Z,NVIDIA A10,modal,16,8,1,1,compiled-gpu-host-visible,,9,6.224894333333333,0.12120541243174734,6.200513,6.100938,6.484881,6.16374397277832,1167.683536,6055.1884765625,True,True,3.933906555175781e-06,3.540320903994143e-06,0.0,0,0.01947107949812278,3.86669,0.031537691104485246,17721.176213,3.86669,0.031537691104485246,17721.176213,8.0,0.623608078879925,0.623608078879925,-2.3338229999999998,0.0,,,True,0.6135628903785928,0.6668005572249425,0.6135628903785928,0.6668005572249425,A10,unknown,24,24
pilot-008-modal-a10-sub256-20260811T173724Z.csv,20260811T173724Z,NVIDIA A10,modal,16,8,1,1,compiled-gpu-resident,,9,4.666389888888889,0.09271616753086331,4.641772,4.567258,4.876334,4.604383945465088,1167.683536,4532.98046875,True,True,3.933906555175781e-06,3.540320903994143e-06,0.0,0,0.019868928601878978,3.86669,0.031537691104485246,17721.176213,3.86669,0.031537691104485246,17721.176213,8.0,0.8330202345138884,0.8330202345138884,-0.7750819999999994,0.0,,,True,0.8172260159981235,0.8876317444518986,0.8252341479486822,0.8876317444518986,A10,unknown,24,24
pilot-008-modal-a10-sub256-20260811T173724Z.csv,20260811T173724Z,NVIDIA A10,modal,16,8,1,64,compiled-gpu-host-visible,,9,0.31271855555555556,0.09192230308541978,0.289935,0.223,0.529368,0.2544319927692413,10937.65878,283.1396484375,True,True,3.933906555175781e-06,3.540320903994143e-06,0.0,0,0.2939457907194428,0.594873,0.14113086487758225,15421.579758,0.570463,0.09373762538134466,15421.579758,1.0,2.0517460810181594,1.9675547967647924,0.28052800000000006,0.0,0.0,0.0,False,1.6282206673159165,2.3602470977600425,1.5219015963077447,2.1996050275926984,A10,unknown,24,24
pilot-008-modal-a10-sub256-20260811T173724Z.csv,20260811T173724Z,NVIDIA A10,modal,16,8,1,64,compiled-gpu-resident,,9,0.2732372222222222,0.0904298683494256,0.270635,0.179721,0.472712,0.2316160053014755,10937.65878,264.2919921875,True,True,3.933906555175781e-06,3.540320903994143e-06,0.0,0,0.33095735498247575,0.594873,0.14113086487758225,15421.579758,0.570463,0.09373762538134466,15421.579758,1.0,2.198063812884512,2.107868531416853,0.29982800000000004,0.0,0.0,0.0,False,1.8623028076723218,3.246427494107602,1.6719654359882736,2.956904970065085,A10,unknown,24,24
pilot-008-modal-a10-sub256-20260811T173724Z.csv,20260811T173724Z,NVIDIA A10,modal,32,8,1,1,compiled-gpu-host-visible,,9,6.326246777777778,0.14776659937108402,6.342271,6.164721,6.65907,6.303936004638672,1010.628444,3096.81201171875,True,True,6.67572021484375e-06,3.344140623084968e-06,0.0,0,0.02335770395333677,4.574522,0.01503153709862488,1116.770047,4.564054,0.03724085902464322,1116.770047,1.0,0.7212750763882527,0.7196245635041454,-1.7782170000000006,0.0,,,True,0.7135043400257587,0.7407925238758728,0.7042189335360146,0.740745159076685,A10,unknown,24,24
pilot-008-modal-a10-sub256-20260811T173724Z.csv,20260811T173724Z,NVIDIA A10,modal,32,8,1,1,compiled-gpu-resident,,9,4.633531666666666,0.09920832031513303,4.602687,4.476142,4.816862,4.566239833831787,1010.628444,2247.40576171875,True,True,6.67572021484375e-06,3.344140623084968e-06,0.0,0,0.02141095118197452,4.574522,0.01503153709862488,1116.770047,4.564054,0.03724085902464322,1116.770047,1.0,0.9938807483541678,0.9916064246819302,-0.038633000000000806,0.0,,,True,0.9708787899312786,1.0057597027477148,0.9581258098273309,1.0069390379975045,A10,unknown,24,24
pilot-008-modal-a10-sub256-20260811T173724Z.csv,20260811T173724Z,NVIDIA A10,modal,32,8,1,64,compiled-gpu-host-visible,,9,0.30461133333333335,0.08059455784666854,0.282475,0.207032,0.490985,0.2469760030508041,12136.884192,137.92724609375,True,True,6.67572021484375e-06,3.344140623084968e-06,0.0,0,0.2645816127874489,0.640896,0.11995778611763155,15102.360182,0.624545,0.1368040896534249,15102.360182,1.0,2.2688591910788567,2.210974422515267,0.34207000000000004,0.0,0.0,0.0,False,1.827700025203373,2.510520021444183,1.8331050859192097,2.5338694379149658,A10,unknown,24,24
pilot-008-modal-a10-sub256-20260811T173724Z.csv,20260811T173724Z,NVIDIA A10,modal,32,8,1,64,compiled-gpu-resident,,9,0.22674611111111112,0.045943008201587233,0.211096,0.174153,0.332911,0.1844159960746765,12136.884192,103.07421875,True,True,6.67572021484375e-06,3.344140623084968e-06,0.0,0,0.20261872618875496,0.640896,0.11995778611763155,15102.360182,0.624545,0.1368040896534249,15102.360182,1.0,3.0360404744760676,2.9585828248758856,0.413449,0.0,0.0,0.0,False,2.5930856737353993,3.29878300330033,2.4586077676545646,3.2686282021059254,A10,unknown,24,24
pilot-008-modal-a10-sub256-20260811T173724Z.csv,20260811T173724Z,NVIDIA A10,modal,64,8,1,1,compiled-gpu-host-visible,,9,6.291928555555556,0.12832056632912658,6.249572,6.152846,6.578976,6.212192058563232,1019.447701,1525.7744140625,True,True,6.437301635742188e-06,3.861380264424952e-06,0.0,0,0.0203944728863496,4.288563,0.04932728316228641,1139.607928,4.252063,0.04317566308566149,1139.607928,1.0,0.6862170721451005,0.6803766721945119,-1.997509,0.0,,,True,0.6661641789229727,0.7428750171236336,0.6512178754001074,0.7089088876312553,A10,unknown,24,24
pilot-008-modal-a10-sub256-20260811T173724Z.csv,20260811T173724Z,NVIDIA A10,modal,64,8,1,1,compiled-gpu-resident,,9,4.548390111111111,0.0985552305745926,4.532552,4.43333,4.770251,4.500480175018311,1019.447701,1106.580078125,True,True,6.437301635742188e-06,3.861380264424952e-06,0.0,0,0.02166815690101764,4.288563,0.04932728316228641,1139.607928,4.252063,0.04317566308566149,1139.607928,1.0,0.9461696192343739,0.9381167607122874,-0.2804890000000002,0.0,,,True,0.9235051691042239,1.0261259952542943,0.9000863764628806,0.9792768654038563,A10,unknown,24,24
pilot-008-modal-a10-sub256-20260811T173724Z.csv,20260811T173724Z,NVIDIA A10,modal,64,8,1,64,compiled-gpu-host-visible,,9,0.23382488888888886,0.032977353048889636,0.219873,0.200351,0.289674,0.1940159946680069,12523.072363,53.679931640625,True,True,6.437301635742188e-06,3.861380264424952e-06,0.0,0,0.1410344005960808,0.57247,0.08335334883056546,15954.00865,0.57247,0.08335334883056546,15954.00865,8.0,2.6036393736384187,2.6036393736384187,0.35259700000000005,0.0,0.0,0.0,False,2.140123261632377,2.9067294776472368,2.140123261632377,2.9067294776472368,A10,unknown,24,24
pilot-008-modal-a10-sub256-20260811T173724Z.csv,20260811T173724Z,NVIDIA A10,modal,64,8,1,64,compiled-gpu-resident,,9,0.21547566666666668,0.0990945263296616,0.177933,0.166716,0.475058,0.1536639928817749,12523.072363,43.440673828125,True,True,6.437301635742188e-06,3.861380264424952e-06,0.0,0,0.45988731749909084,0.57247,0.08335334883056546,15954.00865,0.57247,0.08335334883056546,15954.00865,8.0,3.2173346147145274,3.2173346147145274,0.394537,0.0,0.0,0.0,False,2.5204721133422385,3.463893585841506,2.5204721133422385,3.463893585841506,A10,unknown,24,24
pilot-008-modal-a10-sub256-20260811T173724Z.csv,20260811T173724Z,NVIDIA A10,modal,128,8,1,1,compiled-gpu-host-visible,,9,6.1661354444444445,0.07160259616471878,6.142099,6.068518,6.282712,6.09446382522583,1168.968099,749.7679443359375,True,True,6.198883056640625e-06,5.0133430704590864e-06,0.0,0,0.011612232136293922,4.602466,0.02755196791714044,1063.745318,4.602466,0.02755196791714044,1063.745318,8.0,0.7493311325655936,0.7493311325655936,-1.5396330000000003,105.22278099999994,,,True,0.7253355351194375,0.7557524574727699,0.7253355351194375,0.7557524574727699,A10,unknown,24,24
pilot-008-modal-a10-sub256-20260811T173724Z.csv,20260811T173724Z,NVIDIA A10,modal,128,8,1,1,compiled-gpu-resident,,9,4.6460814444444445,0.1572945701384118,4.600439,4.521455,5.036016,4.563648223876953,1168.968099,561.5770263671875,True,True,6.198883056640625e-06,5.0133430704590864e-06,0.0,0,0.03385531915857758,4.602466,0.02755196791714044,1063.745318,4.602466,0.02755196791714044,1063.745318,8.0,1.0004406101243817,1.0004406101243817,0.002027000000000001,105.22278099999994,51910.59743463241,6644556.471632948,True,0.9688866142485211,1.0138862943034277,0.9688866142485211,1.0138862943034277,A10,unknown,24,24
pilot-008-modal-a10-sub256-20260811T173724Z.csv,20260811T173724Z,NVIDIA A10,modal,128,8,1,64,compiled-gpu-host-visible,,9,0.27788433333333334,0.059725590740067204,0.266246,0.203443,0.410175,0.2312639951705932,12698.466175,32.500732421875,True,True,6.198883056640625e-06,5.0133430704590864e-06,0.0,0,0.21492967963913234,0.654017,0.08054490898274491,15757.155552,0.654017,0.08054490898274491,15757.155552,8.0,2.4564387821788873,2.4564387821788873,0.387771,0.0,0.0,0.0,False,2.096047809698169,2.7380467622605975,2.096047809698169,2.7380467622605975,A10,unknown,24,24
pilot-008-modal-a10-sub256-20260811T173724Z.csv,20260811T173724Z,NVIDIA A10,modal,128,8,1,64,compiled-gpu-resident,,9,0.22059177777777778,0.03534369421402415,0.208357,0.18056,0.294993,0.1820800006389618,12698.466175,25.4342041015625,True,True,6.198883056640625e-06,5.0133430704590864e-06,0.0,0,0.1602221740541439,0.654017,0.08054490898274491,15757.155552,0.654017,0.08054490898274491,15757.155552,8.0,3.138925018117942,3.138925018117942,0.44565999999999995,0.0,0.0,0.0,False,2.620396949859168,3.3860614575382955,2.620396949859168,3.3860614575382955,A10,unknown,24,24
pilot-008-modal-a10-sub256-20260811T173724Z.csv,20260811T173724Z,NVIDIA A10,modal,256,8,1,1,compiled-gpu-host-visible,,9,6.238530666666667,0.09422189025380444,6.20487,6.081348,6.399716,6.169663906097412,1119.684184,378.7152099609375,True,True,6.437301635742188e-06,4.720264314528322e-06,0.0,0,0.0151032182557417,5.496003,0.0526395209411959,1029.171065,4.736964,0.021860742957531158,1029.171065,1.0,0.8857563494480949,0.7634267921809805,-1.4679059999999993,90.51311899999996,,,True,0.8448142668115949,0.942102803026892,0.7474876933152208,0.7795795249110257,A10,unknown,24,24
pilot-008-modal-a10-sub256-20260811T173724Z.csv,20260811T173724Z,NVIDIA A10,modal,256,8,1,1,compiled-gpu-resident,,9,4.6217442222222225,0.08519232169887411,4.598316,4.483228,4.772652,4.559999942779541,1119.684184,280.658935546875,True,True,6.437301635742188e-06,4.720264314528322e-06,0.0,0,0.018432937350633397,5.496003,0.0526395209411959,1029.171065,4.736964,0.021860742957531158,1029.171065,1.0,1.1952208156203272,1.030151907785372,0.13864800000000077,90.51311899999996,652.8267194622314,167123.64018233123,True,1.1335151958652188,1.2704280784519286,1.0057489701982234,1.054916334619994,A10,unknown,24,24
pilot-008-modal-a10-sub256-20260811T173724Z.csv,20260811T173724Z,NVIDIA A10,modal,256,8,1,64,compiled-gpu-host-visible,,9,0.30463422222222225,0.08745229036562992,0.295795,0.217353,0.5077,0.2593919932842254,13135.472283,18.05389404296875,True,True,6.437301635742188e-06,4.720264314528322e-06,0.0,0,0.287073099429505,1.34849,0.042720276749685294,15286.935608,0.828578,0.10813349758912537,15286.935608,1.0,4.558866782738045,2.8011900133538434,0.532783,0.0,0.0,0.0,False,3.854645186344271,5.910390727909661,2.3820542985391704,3.5240859377765195,A10,unknown,24,24
pilot-008-modal-a10-sub256-20260811T173724Z.csv,20260811T173724Z,NVIDIA A10,modal,256,8,1,64,compiled-gpu-resident,,9,0.20878255555555555,0.03907197664922748,0.189749,0.16703,0.27677,0.1664000004529953,13135.472283,11.58135986328125,True,True,6.437301635742188e-06,4.720264314528322e-06,0.0,0,0.1871419599461254,1.34849,0.042720276749685294,15286.935608,0.828578,0.10813349758912537,15286.935608,1.0,7.106704119652805,4.366705489884005,0.6388290000000001,0.0,0.0,0.0,False,5.359851823617696,7.677972567485238,3.229431457219633,4.637086154367883,A10,unknown,24,24
pilot-009-modal-l40s-sub256-20260811T174032Z.csv,20260811T174032Z,NVIDIA L40S,modal,8,8,1,1,compiled-gpu-host-visible,,9,8.248712222222222,0.19859066923560278,8.271192,7.950034,8.548458,8.231391906738281,811.862945,16154.671874999998,True,True,6.67572021484375e-06,3.699329909068183e-06,0.0,0,0.0240753542959827,5.516821,0.06669125032840796,1431.962724,5.457189,0.08275478690708707,1431.962724,1.0,0.666992254562583,0.6597826528510038,-2.8140029999999996,0.0,,,True,0.6180514247523211,0.7019474928970717,0.6307501842508919,0.7023893456446633,L40S,unknown,21,21
pilot-009-modal-l40s-sub256-20260811T174032Z.csv,20260811T174032Z,NVIDIA L40S,modal,8,8,1,1,compiled-gpu-resident,,9,5.978383333333333,0.2243671035312437,5.93231,5.639464,6.290308,5.898528099060059,811.862945,11586.54296875,True,True,6.67572021484375e-06,3.699329909068183e-06,0.0,0,0.03752972852715093,5.516821,0.06669125032840796,1431.962724,5.457189,0.08275478690708707,1431.962724,1.0,0.9299616844028717,0.9199096136243722,-0.47512100000000057,0.0,,,True,0.8521553503190235,0.9681044989220051,0.854790079062967,0.9863495289292126,L40S,unknown,21,21
pilot-009-modal-l40s-sub256-20260811T174032Z.csv,20260811T174032Z,NVIDIA L40S,modal,8,8,1,64,compiled-gpu-host-visible,,9,0.28819433333333333,0.11457475565542354,0.242795,0.226025,0.588613,0.2122559994459152,16202.503515,474.208984375,True,True,6.67572021484375e-06,3.699329909068183e-06,0.0,0,0.3975607512133255,0.544272,0.2270181437252053,20115.316296,0.43915,0.2664572562465983,20115.316296,1.0,2.241693609835458,1.8087275273378776,0.19635499999999997,0.0,0.0,0.0,False,1.6158266526726366,2.7124693604415104,1.5435908810658805,2.2532782447856357,L40S,unknown,21,21
pilot-009-modal-l40s-sub256-20260811T174032Z.csv,20260811T174032Z,NVIDIA L40S,modal,8,8,1,64,compiled-gpu-resident,,9,0.30435466666666666,0.12264793970548384,0.270406,0.196305,0.546292,0.2295040041208267,16202.503515,528.13671875,True,True,6.67572021484375e-06,3.699329909068183e-06,0.0,0,0.40297703021524395,0.544272,0.2270181437252053,20115.316296,0.43915,0.2664572562465983,20115.316296,1.0,2.012795574062706,1.624039407409599,0.168744,0.0,0.0,0.0,False,1.3030611356726305,2.8181328105856407,1.0711962046029375,2.2165299586547635,L40S,unknown,21,21
pilot-009-modal-l40s-sub256-20260811T174032Z.csv,20260811T174032Z,NVIDIA L40S,modal,16,8,1,1,compiled-gpu-host-visible,,9,8.38158388888889,0.22183210398826606,8.279191,8.119388,8.787873,8.245311737060547,1524.488745,8085.147460937501,True,True,3.933906555175781e-06,3.540320903994143e-06,0.0,0,0.02646660904776476,4.885747,0.050526753082408615,14799.40484,4.885747,0.050526753082408615,14799.40484,8.0,0.5901237210253997,0.5901237210253997,-3.3934440000000006,0.0,,,True,0.5587752589226344,0.6159883118173597,0.564499942229925,0.6161800108247291,L40S,unknown,21,21
pilot-009-modal-l40s-sub256-20260811T174032Z.csv,20260811T174032Z,NVIDIA L40S,modal,16,8,1,1,compiled-gpu-resident,,9,5.841259222222223,0.12370390140652186,5.898299,5.591613,5.968851,5.839839935302734,1524.488745,5760.0576171875,True,True,3.933906555175781e-06,3.540320903994143e-06,0.0,0,0.021177608577258193,4.885747,0.050526753082408615,14799.40484,4.885747,0.050526753082408615,14799.40484,8.0,0.828331524054647,0.828331524054647,-1.0125519999999995,0.0,,,True,0.8048964356699235,0.8727918820819733,0.8048964356699235,0.8727918820819733,L40S,unknown,21,21
pilot-009-modal-l40s-sub256-20260811T174032Z.csv,20260811T174032Z,NVIDIA L40S,modal,16,8,1,64,compiled-gpu-host-visible,,9,0.2777741111111111,0.12814363294604655,0.230045,0.223815,0.616084,0.1979199945926666,14736.351372,224.6533203125,True,True,3.933906555175781e-06,3.540320903994143e-06,0.0,0,0.46132316807158613,0.523122,0.2182610043552216,19611.558342,0.4751,0.2926883343270409,19611.558342,1.0,2.273998565498055,2.065248103631898,0.24505500000000002,0.0,0.0,0.0,False,1.900353071294878,2.7795527841630356,1.7474572961592012,3.3458717878340827,L40S,unknown,21,21
pilot-009-modal-l40s-sub256-20260811T174032Z.csv,20260811T174032Z,NVIDIA L40S,modal,16,8,1,64,compiled-gpu-resident,,9,0.327244,0.11976645293236332,0.275876,0.199634,0.508392,0.2395199984312057,14736.351372,269.41015625,True,True,3.933906555175781e-06,3.540320903994143e-06,0.0,0,0.36598517599211394,0.523122,0.2182610043552216,19611.558342,0.4751,0.2926883343270409,19611.558342,1.0,1.8962214908147137,1.7221505313981644,0.199224,0.0,0.0,0.0,False,1.0576091824313791,2.459070817445412,0.9868410928797883,2.380417271806388,L40S,unknown,21,21
pilot-009-modal-l40s-sub256-20260811T174032Z.csv,20260811T174032Z,NVIDIA L40S,modal,32,8,1,1,compiled-gpu-host-visible,,9,8.529876888888888,0.28039849349205004,8.561307,8.034196,9.017758,8.518815994262695,1240.578235,4180.32568359375,True,True,6.67572021484375e-06,3.344140623084968e-06,0.0,0,0.032872513536191854,5.282486,0.03366643905209313,1179.298146,5.282486,0.03366643905209313,1179.298146,8.0,0.6170186397941342,0.6170186397941342,-3.2788209999999998,61.28008899999986,,,True,0.6035847357563896,0.6410360118526495,0.6035847357563896,0.637327922010039,L40S,unknown,21,21
pilot-009-modal-l40s-sub256-20260811T174032Z.csv,20260811T174032Z,NVIDIA L40S,modal,32,8,1,1,compiled-gpu-resident,,9,5.825545666666667,0.11501938155371895,5.814428,5.670944,5.998481,5.767168045043945,1240.578235,2839.076171875,True,True,6.67572021484375e-06,3.344140623084968e-06,0.0,0,0.01974396702644547,5.282486,0.03366643905209313,1179.298146,5.282486,0.03366643905209313,1179.298146,8.0,0.908513442766855,0.908513442766855,-0.5319420000000008,61.28008899999986,,,True,0.8871297577444994,0.9336365959532005,0.8841746255491914,0.938417330131184,L40S,unknown,21,21
pilot-009-modal-l40s-sub256-20260811T174032Z.csv,20260811T174032Z,NVIDIA L40S,modal,32,8,1,64,compiled-gpu-host-visible,,9,0.3443697777777778,0.13504638889079726,0.301297,0.249426,0.669374,0.2648960053920746,15866.333395,147.11767578125,True,True,6.67572021484375e-06,3.344140623084968e-06,0.0,0,0.3921551704166759,0.440879,0.2485997512679205,20258.803148,0.440879,0.2485997512679205,20258.803148,8.0,1.463270460708205,1.463270460708205,0.13958200000000004,0.0,0.0,0.0,False,1.0776010819381616,2.228465109990567,1.165370983537751,2.228465109990567,L40S,unknown,21,21
pilot-009-modal-l40s-sub256-20260811T174032Z.csv,20260811T174032Z,NVIDIA L40S,modal,32,8,1,64,compiled-gpu-resident,,9,0.21035133333333333,0.0215224482866146,0.197365,0.192724,0.249765,0.1686719954013824,15866.333395,96.36962890625,True,True,6.67572021484375e-06,3.344140623084968e-06,0.0,0,0.10231667156827118,0.440879,0.2485997512679205,20258.803148,0.440879,0.2485997512679205,20258.803148,8.0,2.233825652977985,2.233825652977985,0.243514,0.0,0.0,0.0,False,1.9207414642255978,3.329087195023985,1.9704887562572275,3.329087195023985,L40S,unknown,21,21
pilot-009-modal-l40s-sub256-20260811T174032Z.csv,20260811T174032Z,NVIDIA L40S,modal,64,8,1,1,compiled-gpu-host-visible,,9,8.473939,0.2545721206411849,8.412924,8.130688,8.924535,8.372096061706543,1221.10922,2053.9365234375,True,True,6.437301635742188e-06,3.861380264424952e-06,0.0,0,0.03004176931662889,5.310316,0.039215934867893355,1136.082168,5.310316,0.039215934867893355,1136.082168,8.0,0.6312093155720888,0.6312093155720888,-3.102608,85.02705200000014,,,True,0.60499310346795,0.6572960839774613,0.6089490407853441,0.6584019086549806,L40S,unknown,21,21
pilot-009-modal-l40s-sub256-20260811T174032Z.csv,20260811T174032Z,NVIDIA L40S,modal,64,8,1,1,compiled-gpu-resident,,9,5.762494111111112,0.15908609767233314,5.722196,5.574252,6.013121,5.68012809753418,1221.10922,1397.0205078125,True,True,6.437301635742188e-06,3.861380264424952e-06,0.0,0,0.02760716012977556,5.310316,0.039215934867893355,1136.082168,5.310316,0.039215934867893355,1136.082168,8.0,0.9280206410266268,0.9280206410266268,-0.41188,85.02705200000014,,,True,0.8860554217985113,0.9744502958303654,0.8860554217985113,0.9744502958303654,L40S,unknown,21,21
pilot-009-modal-l40s-sub256-20260811T174032Z.csv,20260811T174032Z,NVIDIA L40S,modal,64,8,1,64,compiled-gpu-host-visible,,9,0.3542698888888889,0.12225926242154868,0.304187,0.264425,0.630763,0.266431987285614,15376.690793,74.264404296875,True,True,6.437301635742188e-06,3.861380264424952e-06,0.0,0,0.34510204297914054,0.488731,0.12708619815819325,19555.158702,0.488731,0.12708619815819325,19555.158702,8.0,1.6066794438947096,1.6066794438947096,0.18454400000000004,0.0,0.0,0.0,False,1.0428750949732004,1.9659714080085957,1.0428750949732004,1.9561726872484853,L40S,unknown,21,21
pilot-009-modal-l40s-sub256-20260811T174032Z.csv,20260811T174032Z,NVIDIA L40S,modal,64,8,1,64,compiled-gpu-resident,,9,0.24081177777777776,0.09419955125659804,0.209624,0.190094,0.48802,0.1774400025606155,15376.690793,51.177734375,True,True,6.437301635742188e-06,3.861380264424952e-06,0.0,0,0.39117501696086404,0.488731,0.12708619815819325,19555.158702,0.488731,0.12708619815819325,19555.158702,8.0,2.331464908598252,2.331464908598252,0.279107,0.0,0.0,0.0,False,2.036021638743655,2.860233501290402,2.0511972857173926,2.860233501290402,L40S,unknown,21,21
pilot-009-modal-l40s-sub256-20260811T174032Z.csv,20260811T174032Z,NVIDIA L40S,modal,128,8,1,1,compiled-gpu-host-visible,,9,8.494631666666667,0.08824554589892872,8.520687,8.368823,8.604809,8.478591918945312,1320.881742,1040.1229248046875,True,True,6.198883056640625e-06,5.0133430704590864e-06,0.0,0,0.010388389910442896,5.646354,0.06941072976791793,1149.528719,5.317137,0.022300960418307016,1149.528719,1.0,0.6626641725015834,0.624026795022514,-3.203550000000001,171.35302300000012,,,True,0.6443097012159505,0.6994739091693146,0.6109846445207368,0.6367361985092249,L40S,unknown,21,21
pilot-009-modal-l40s-sub256-20260811T174032Z.csv,20260811T174032Z,NVIDIA L40S,modal,128,8,1,1,compiled-gpu-resident,,9,6.248844555555555,0.21398663568206266,6.306958,5.853789,6.536773,6.242688179016113,1320.881742,769.892333984375,True,True,6.198883056640625e-06,5.0133430704590864e-06,0.0,0,0.034244192471041254,5.646354,0.06941072976791793,1149.528719,5.317137,0.022300960418307016,1149.528719,1.0,0.8952579040481956,0.8430588882944836,-0.9898210000000001,171.35302300000012,,,True,0.8669486523090413,0.946304224635712,0.8197161354971543,0.8787526776468616,L40S,unknown,21,21
pilot-009-modal-l40s-sub256-20260811T174032Z.csv,20260811T174032Z,NVIDIA L40S,modal,128,8,1,64,compiled-gpu-host-visible,,9,0.24671766666666667,0.019899049726054763,0.238855,0.229315,0.291636,0.2046400010585785,16268.279889,29.1571044921875,True,True,6.198883056640625e-06,5.0133430704590864e-06,0.0,0,0.08065514721708118,0.641724,0.1261811660253816,20161.766147,0.596793,0.12060940658278471,20161.766147,1.0,2.6866676435494337,2.498557702371732,0.357938,0.0,0.0,0.0,False,2.2414959253721918,2.855948690539818,2.1164522310429787,2.7050090860502407,L40S,unknown,21,21
pilot-009-modal-l40s-sub256-20260811T174032Z.csv,20260811T174032Z,NVIDIA L40S,modal,128,8,1,64,compiled-gpu-resident,,9,0.21850355555555556,0.0250031297696464,0.209754,0.194974,0.272546,0.1769919991493225,16268.279889,25.604736328125,True,True,6.198883056640625e-06,5.0133430704590864e-06,0.0,0,0.11442893780869957,0.641724,0.1261811660253816,20161.766147,0.596793,0.12060940658278471,20161.766147,1.0,3.059412454589662,2.845204382276381,0.387039,0.0,0.0,0.0,False,2.5732326406683623,3.374363456331083,2.394251258887856,3.193889786011971,L40S,unknown,21,21
pilot-009-modal-l40s-sub256-20260811T174032Z.csv,20260811T174032Z,NVIDIA L40S,modal,256,8,1,1,compiled-gpu-host-visible,,9,8.566638888888889,0.2761024398069695,8.616469,8.129318,8.908885,8.573568344116211,1351.593704,525.9075317382812,True,True,6.437301635742188e-06,4.720264314528322e-06,0.0,0,0.03222996129381387,9.081229,0.2018541870995777,1191.69243,5.446479,0.030228097674182382,1191.69243,1.0,1.053938568107191,0.6321010381398691,-3.1699900000000003,159.90127399999983,,,True,0.9439803354870689,1.3215433605178846,0.6082381309559636,0.6583270690784698,L40S,unknown,21,21
pilot-009-modal-l40s-sub256-20260811T174032Z.csv,20260811T174032Z,NVIDIA L40S,modal,256,8,1,1,compiled-gpu-resident,,9,5.922298888888889,0.2431796321284146,5.89159,5.585722,6.495013,5.850592136383057,1351.593704,359.5941162109375,True,True,6.437301635742188e-06,4.720264314528322e-06,0.0,0,0.04106169524551617,9.081229,0.2018541870995777,1191.69243,5.446479,0.030228097674182382,1191.69243,1.0,1.541388487657831,0.9244497665316155,-0.4451109999999998,159.90127399999983,,,True,1.3775728849667335,1.941576754835738,0.8941565085470836,0.9539461312183343,L40S,unknown,21,21
pilot-009-modal-l40s-sub256-20260811T174032Z.csv,20260811T174032Z,NVIDIA L40S,modal,256,8,1,64,compiled-gpu-host-visible,,9,0.38079277777777776,0.08498946422759968,0.356308,0.245215,0.552543,0.31836798787117,16039.955462,21.747314453125,True,True,6.437301635742188e-06,4.720264314528322e-06,0.0,0,0.2231908512645102,2.119086,0.6840694703929512,19876.299978,0.710326,0.19102587692360237,19876.299978,1.0,5.947343309720803,1.9935729761891396,0.354018,0.0,0.0,0.0,False,4.557196895665362,8.589771701106141,1.5720393936040722,2.4447507270366,L40S,unknown,21,21
pilot-009-modal-l40s-sub256-20260811T174032Z.csv,20260811T174032Z,NVIDIA L40S,modal,256,8,1,64,compiled-gpu-resident,,9,0.254861,0.03573349602263959,0.248825,0.207605,0.329447,0.1994560062885284,16039.955462,15.18707275390625,True,True,6.437301635742188e-06,4.720264314528322e-06,0.0,0,0.14020778393963607,2.119086,0.6840694703929512,19876.299978,0.710326,0.19102587692360237,19876.299978,1.0,8.51637094343414,2.854721189591078,0.46150100000000005,0.0,0.0,0.0,False,6.815254337656185,12.805357178105446,2.412757993835648,3.391184926113787,L40S,unknown,21,21
pilot-010-modal-a100-80gb-sub256-20260811T173809Z.csv,20260811T173809Z,NVIDIA A100 80GB PCIe,modal,8,8,1,1,compiled-gpu-host-visible,,9,9.845354,0.29732749600104247,9.728547,9.491755,10.300174,9.688063621520996,1325.433576,19001.068359375,True,True,6.67572021484375e-06,3.699329909068183e-06,0.0,0,0.030199777072621507,5.926989,0.07598646043561151,1595.48373,5.926989,0.07598646043561151,1595.48373,8.0,0.6092368161453092,0.6092368161453092,-3.801558000000001,0.0,,,True,0.5452308360273488,0.6461388160701993,0.5452308360273488,0.6461388160701993,A100-80GB,unknown,24,24
pilot-010-modal-a100-80gb-sub256-20260811T173809Z.csv,20260811T173809Z,NVIDIA A100 80GB PCIe,modal,8,8,1,1,compiled-gpu-resident,,9,7.717483222222222,0.3467957949300918,7.71416,7.241506,8.229263,7.659488201141357,1325.433576,15066.71875,True,True,6.67572021484375e-06,3.699329909068183e-06,0.0,0,0.04493638469229263,5.926989,0.07598646043561151,1595.48373,5.926989,0.07598646043561151,1595.48373,8.0,0.7683259097555664,0.7683259097555664,-1.7871709999999998,0.0,,,True,0.6916373202467062,0.8286705694495645,0.6932518989659213,0.8286705694495645,A100-80GB,unknown,24,24
pilot-010-modal-a100-80gb-sub256-20260811T173809Z.csv,20260811T173809Z,NVIDIA A100 80GB PCIe,modal,8,8,1,64,compiled-gpu-host-visible,,9,0.43964955555555557,0.25657857438663456,0.313356,0.295572,0.907376,0.2731840014457702,22315.463798,612.0234375,True,True,6.67572021484375e-06,3.699329909068183e-06,0.0,0,0.5835979387319372,0.771773,0.23471138311241546,27067.637832,0.730273,0.336688525450019,27067.637832,1.0,2.4629271499508545,2.3304899220056416,0.4169169999999999,0.0,0.0,0.0,False,0.9434063366531202,2.894354523523942,0.8531139996595286,2.8579954569499333,A100-80GB,unknown,24,24
pilot-010-modal-a100-80gb-sub256-20260811T173809Z.csv,20260811T173809Z,NVIDIA A100 80GB PCIe,modal,8,8,1,64,compiled-gpu-resident,,9,0.4593052222222222,0.14608537126863336,0.445842,0.208279,0.636448,0.3900159895420074,22315.463798,870.78515625,True,True,6.67572021484375e-06,3.699329909068183e-06,0.0,0,0.318057283480992,0.771773,0.23471138311241546,27067.637832,0.730273,0.336688525450019,27067.637832,1.0,1.7310459759286922,1.6379636732295295,0.28443099999999993,0.0,0.0,0.0,False,1.1599878460843391,2.3057882517144663,1.1482359516994807,2.1258787057292015,A100-80GB,unknown,24,24
pilot-010-modal-a100-80gb-sub256-20260811T173809Z.csv,20260811T173809Z,NVIDIA A100 80GB PCIe,modal,16,8,1,1,compiled-gpu-host-visible,,9,10.632580333333333,0.33695942082022295,10.546719,10.090609,11.213158,10.495136260986328,2204.503426,10299.5302734375,True,True,3.933906555175781e-06,3.540320903994143e-06,0.0,0,0.03169121795993857,5.780682,0.47921142633700253,17809.899286,5.780682,0.47921142633700253,17809.899286,8.0,0.5481024003768376,0.5481024003768376,-4.766037,0.0,,,False,0.5212700265532301,0.5616888434551514,0.5212700265532301,0.5656225506309877,A100-80GB,unknown,24,24
pilot-010-modal-a100-80gb-sub256-20260811T173809Z.csv,20260811T173809Z,NVIDIA A100 80GB PCIe,modal,16,8,1,1,compiled-gpu-resident,,9,7.602991666666666,0.19873110427912372,7.580541,7.271874,7.95974,7.508063793182373,2204.503426,7402.8720703125,True,True,3.933906555175781e-06,3.540320903994143e-06,0.0,0,0.026138540326225583,5.780682,0.47921142633700253,17809.899286,5.780682,0.47921142633700253,17809.899286,8.0,0.7625685290799166,0.7625685290799166,-1.7998590000000005,0.0,,,False,0.7262579817260968,0.7870637465056913,0.7262579817260968,0.7870637465056913,A100-80GB,unknown,24,24
pilot-010-modal-a100-80gb-sub256-20260811T173809Z.csv,20260811T173809Z,NVIDIA A100 80GB PCIe,modal,16,8,1,64,compiled-gpu-host-visible,,9,0.5954611111111112,0.22865923433050137,0.61102,0.32174,0.966384,0.5447360277175903,22595.356651,596.69921875,True,True,3.933906555175781e-06,3.540320903994143e-06,0.0,0,0.38400364031133893,0.698915,0.17242883672566323,28744.731326,0.698915,0.17242883672566323,28744.731326,8.0,1.1438496284900657,1.1438496284900657,0.08789499999999995,0.0,0.0,0.0,False,0.8258292676874794,1.9951830961201567,0.90593414720415,1.9780295976385283,A100-80GB,unknown,24,24
pilot-010-modal-a100-80gb-sub256-20260811T173809Z.csv,20260811T173809Z,NVIDIA A100 80GB PCIe,modal,16,8,1,64,compiled-gpu-resident,,9,0.37351355555555554,0.09071934868057518,0.3537,0.231051,0.547351,0.3065919876098633,22595.356651,345.41015625,True,True,3.933906555175781e-06,3.540320903994143e-06,0.0,0,0.24288100747947766,0.698915,0.17242883672566323,28744.731326,0.698915,0.17242883672566323,28744.731326,8.0,1.9760107435679952,1.9760107435679952,0.34521499999999994,0.0,0.0,0.0,False,1.572143785806515,2.4211585552231836,1.572143785806515,2.4211585552231836,A100-80GB,unknown,24,24
pilot-010-modal-a100-80gb-sub256-20260811T173809Z.csv,20260811T173809Z,NVIDIA A100 80GB PCIe,modal,32,8,1,1,compiled-gpu-host-visible,,9,12.159590666666666,3.9498957658721525,10.842459,9.932087,22.605388,10.787936210632324,1657.06722,5294.16943359375,True,True,6.67572021484375e-06,3.344140623084968e-06,0.0,0,0.32483788921448503,6.615608,0.06875224455851822,1659.455747,6.07334,0.07269156905014708,1659.455747,1.0,0.610157529763313,0.5601441518017269,-4.769119,0.0,,,False,0.5482809358189062,0.6379307849938134,0.5101448106767265,0.6038007072725515,A100-80GB,unknown,24,24
pilot-010-modal-a100-80gb-sub256-20260811T173809Z.csv,20260811T173809Z,NVIDIA A100 80GB PCIe,modal,32,8,1,1,compiled-gpu-resident,,9,7.139574333333333,0.11019202520826982,7.112931,6.987517,7.324216,7.058047771453857,1657.06722,3473.11083984375,True,True,6.67572021484375e-06,3.344140623084968e-06,0.0,0,0.01543397688203958,6.615608,0.06875224455851822,1659.455747,6.07334,0.07269156905014708,1659.455747,1.0,0.9300818467098866,0.8538449199071382,-1.0395909999999997,0.0,,,True,0.8302577132936613,0.94102324430751,0.796434594501309,0.914093158971018,A100-80GB,unknown,24,24
pilot-010-modal-a100-80gb-sub256-20260811T173809Z.csv,20260811T173809Z,NVIDIA A100 80GB PCIe,modal,32,8,1,64,compiled-gpu-host-visible,,9,0.4206094444444444,0.10172794692599363,0.423891,0.279201,0.63785,0.3785920143127441,22778.058226,206.97802734375,True,True,6.67572021484375e-06,3.344140623084968e-06,0.0,0,0.24185844676017543,0.779236,0.24116694369679473,28858.771239,0.779236,0.24116694369679473,28858.771239,8.0,1.8382933348431554,1.8382933348431554,0.355345,0.0,0.0,0.0,False,1.4233434703409262,2.550085580078502,1.4233434703409262,2.550085580078502,A100-80GB,unknown,24,24
pilot-010-modal-a100-80gb-sub256-20260811T173809Z.csv,20260811T173809Z,NVIDIA A100 80GB PCIe,modal,32,8,1,64,compiled-gpu-resident,,9,0.4402034444444445,0.08243049306705486,0.46025,0.255867,0.534749,0.4072639942169189,22778.058226,224.7314453125,True,True,6.67572021484375e-06,3.344140623084968e-06,0.0,0,0.18725544769665683,0.779236,0.24116694369679473,28858.771239,0.779236,0.24116694369679473,28858.771239,8.0,1.6930711569799024,1.6930711569799024,0.31898600000000005,0.0,0.0,0.0,False,1.2664599813071329,2.329118328102777,1.3060122007122958,2.329118328102777,A100-80GB,unknown,24,24
pilot-010-modal-a100-80gb-sub256-20260811T173809Z.csv,20260811T173809Z,NVIDIA A100 80GB PCIe,modal,64,8,1,1,compiled-gpu-host-visible,,9,11.374400999999999,0.29086134651969525,11.330377,10.948374,11.912843,11.267423629760742,1484.343655,2766.205322265625,True,True,6.437301635742188e-06,3.861380264424952e-06,0.0,0,0.02557157484773882,6.516569,0.0654593764456929,1517.340095,6.232398,0.048251448820464685,1517.340095,1.0,0.5751414096812488,0.5500609556063315,-5.0979790000000005,0.0,,,True,0.5065498870038261,0.5870976349002927,0.5271777862096292,0.5639356580250285,A100-80GB,unknown,24,24
pilot-010-modal-a100-80gb-sub256-20260811T173809Z.csv,20260811T173809Z,NVIDIA A100 80GB PCIe,modal,64,8,1,1,compiled-gpu-resident,,9,6.852315666666666,0.22945728550538533,6.770152,6.512942,7.23572,6.720704078674316,1484.343655,1652.869140625,True,True,6.437301635742188e-06,3.861380264424952e-06,0.0,0,0.03348609385022767,6.516569,0.0654593764456929,1517.340095,6.232398,0.048251448820464685,1517.340095,1.0,0.9625439724248436,0.920569877899344,-0.5377540000000005,0.0,,,True,0.853911649939065,0.9800913092252133,0.867573983840528,0.9422342638136041,A100-80GB,unknown,24,24
pilot-010-modal-a100-80gb-sub256-20260811T173809Z.csv,20260811T173809Z,NVIDIA A100 80GB PCIe,modal,64,8,1,64,compiled-gpu-host-visible,,9,0.5522617777777779,0.12203747188033864,0.56254,0.313174,0.693985,0.4970560073852539,21591.113005,137.3388671875,True,True,6.437301635742188e-06,3.861380264424952e-06,0.0,0,0.2209775812684338,0.666583,0.2537755610693453,27453.131865,0.666583,0.2537755610693453,27453.131865,8.0,1.1849521811782273,1.1849521811782273,0.104043,0.0,0.0,0.0,False,0.9615681787892387,1.6815761314282116,0.9615951834576337,1.6815761314282116,A100-80GB,unknown,24,24
pilot-010-modal-a100-80gb-sub256-20260811T173809Z.csv,20260811T173809Z,NVIDIA A100 80GB PCIe,modal,64,8,1,64,compiled-gpu-resident,,9,0.2940227777777778,0.10595468094045891,0.254786,0.244866,0.573841,0.2152960002422332,21591.113005,62.20361328125,True,True,6.437301635742188e-06,3.861380264424952e-06,0.0,0,0.36036215201170363,0.666583,0.2537755610693453,27453.131865,0.666583,0.2537755610693453,27453.131865,8.0,2.616246575557527,2.616246575557527,0.411797,0.0,0.0,0.0,False,2.2026017525942536,3.568073978216327,2.2026017525942536,3.308178773184022,A100-80GB,unknown,24,24
pilot-010-modal-a100-80gb-sub256-20260811T173809Z.csv,20260811T173809Z,NVIDIA A100 80GB PCIe,modal,128,8,1,1,compiled-gpu-host-visible,,9,10.117808777777778,0.5271646641322749,10.160286,8.834052,10.647195,10.11843204498291,1691.41332,1240.269287109375,True,True,6.198883056640625e-06,5.0133430704590864e-06,0.0,0,0.052102651444659795,6.83824,0.06476244671213016,1507.333261,6.508597,0.045127927098694176,1507.333261,1.0,0.6730361724069579,0.6405919085348583,-3.6516889999999993,184.08005900000012,,,True,0.634755630620173,0.7219538737368091,0.6108945819276232,0.6648903175151372,A100-80GB,unknown,24,24
pilot-010-modal-a100-80gb-sub256-20260811T173809Z.csv,20260811T173809Z,NVIDIA A100 80GB PCIe,modal,128,8,1,1,compiled-gpu-resident,,9,7.407050333333334,0.16765148580984907,7.35803,7.141245,7.683397,7.302656173706055,1691.41332,898.197021484375,True,True,6.198883056640625e-06,5.0133430704590864e-06,0.0,0,0.02263404165830776,6.83824,0.06476244671213016,1507.333261,6.508597,0.045127927098694176,1507.333261,1.0,0.9293574502957992,0.8845570077860514,-0.8494330000000003,184.08005900000012,,,True,0.8800318759027148,0.999725448420748,0.8462092858254404,0.9124470392837946,A100-80GB,unknown,24,24
pilot-010-modal-a100-80gb-sub256-20260811T173809Z.csv,20260811T173809Z,NVIDIA A100 80GB PCIe,modal,128,8,1,64,compiled-gpu-host-visible,,9,0.394063,0.07076288807524746,0.408212,0.306672,0.497949,0.340032011270523,23066.698703,49.83056640625,True,True,6.198883056640625e-06,5.0133430704590864e-06,0.0,0,0.17957252539631344,0.725624,0.24230124932025693,26572.140947,0.725624,0.24230124932025693,26572.140947,8.0,1.7775665585529088,1.7775665585529088,0.317412,0.0,0.0,0.0,False,1.4489226238399933,2.5930084934045983,1.4489226238399933,2.5930084934045983,A100-80GB,unknown,24,24
pilot-010-modal-a100-80gb-sub256-20260811T173809Z.csv,20260811T173809Z,NVIDIA A100 80GB PCIe,modal,128,8,1,64,compiled-gpu-resident,,9,0.354665,0.17079262554191268,0.274883,0.243624,0.700447,0.2296960055828094,23066.698703,33.5550537109375,True,True,6.198883056640625e-06,5.0133430704590864e-06,0.0,0,0.48156041769532565,0.725624,0.24230124932025693,26572.140947,0.725624,0.24230124932025693,26572.140947,8.0,2.6397558233866776,2.6397558233866776,0.45074100000000006,0.0,0.0,0.0,False,1.3422790689139164,3.278057979737185,1.3629203792275648,3.3755514552579227,A100-80GB,unknown,24,24
pilot-010-modal-a100-80gb-sub256-20260811T173809Z.csv,20260811T173809Z,NVIDIA A100 80GB PCIe,modal,256,8,1,1,compiled-gpu-host-visible,,9,10.660264111111111,0.3388378531412347,10.794139,10.148643,11.092255,10.7291841506958,2019.155518,658.8219604492188,True,True,6.437301635742188e-06,4.720264314528322e-06,0.0,0,0.03178512742363171,9.910743,0.02349146811873375,1693.98404,6.24286,0.06472318363248428,1693.98404,1.0,0.9181596605342955,0.5783564580741457,-4.551278999999999,325.171478,,,True,0.8980343869946459,0.9709281239842021,0.5454282360765728,0.6224276040716188,A100-80GB,unknown,24,24
pilot-010-modal-a100-80gb-sub256-20260811T173809Z.csv,20260811T173809Z,NVIDIA A100 80GB PCIe,modal,256,8,1,1,compiled-gpu-resident,,9,7.745424222222223,0.28847771038451914,7.768997,7.318476,8.265262,7.690944194793701,2019.155518,474.1819458007813,True,True,6.437301635742188e-06,4.720264314528322e-06,0.0,0,0.03724492062769838,9.910743,0.02349146811873375,1693.98404,6.24286,0.06472318363248428,1693.98404,1.0,1.2756785721503046,0.8035606140663976,-1.5261369999999994,325.171478,,,True,1.2384265264310064,1.324925433412649,0.7608195272282121,0.8517069835398314,A100-80GB,unknown,24,24
pilot-010-modal-a100-80gb-sub256-20260811T173809Z.csv,20260811T173809Z,NVIDIA A100 80GB PCIe,modal,256,8,1,64,compiled-gpu-host-visible,,9,0.5895391111111111,0.15127604930675945,0.658841,0.322262,0.753938,0.5949440002441406,23872.257934,40.21246337890625,True,True,6.437301635742188e-06,4.720264314528322e-06,0.0,0,0.2566005315943292,1.579797,0.08263034343309897,26909.390377,0.967005,0.20044908680947246,26909.390377,1.0,2.397842575067429,1.4677365252010728,0.308164,0.0,0.0,0.0,False,2.163367608675072,3.5108640547872105,1.24885010060211,2.331339180650456,A100-80GB,unknown,24,24
pilot-010-modal-a100-80gb-sub256-20260811T173809Z.csv,20260811T173809Z,NVIDIA A100 80GB PCIe,modal,256,8,1,64,compiled-gpu-resident,,9,0.460672,0.15013450431446462,0.432048,0.280794,0.743269,0.3789759874343872,23872.257934,26.3701171875,True,True,6.437301635742188e-06,4.720264314528322e-06,0.0,0,0.3259032550588371,1.579797,0.08263034343309897,26909.390377,0.967005,0.20044908680947246,26909.390377,1.0,3.6565312187534715,2.238188812354183,0.534957,0.0,0.0,0.0,False,2.655923944216339,4.763514606992382,1.6046801488954787,3.134160899492985,A100-80GB,unknown,24,24
pilot-011-modal-h100-sub256-20260811T173725Z.csv,20260811T173725Z,NVIDIA H100 80GB HBM3,modal,8,8,1,1,compiled-gpu-host-visible,,9,5.691225111111112,0.15578848651733257,5.668946,5.482699,6.004231,5.625152111053467,906.022334,11072.16015625,True,True,6.67572021484375e-06,3.699329909068183e-06,0.0,0,0.027373453601964026,3.743225,0.04118685479403463,1194.252276,3.743225,0.04118685479403463,1194.252276,8.0,0.6603035202663775,0.6603035202663775,-1.9257210000000002,0.0,,,True,0.6209968742762674,0.6839996375662897,0.6202540152946843,0.6839996375662897,H100!,unknown,24,24
pilot-011-modal-h100-sub256-20260811T173725Z.csv,20260811T173725Z,NVIDIA H100 80GB HBM3,modal,8,8,1,1,compiled-gpu-resident,,9,4.454699000000001,0.09705914325425502,4.487051,4.315003,4.564667,4.4418559074401855,906.022334,8763.771484375,True,True,6.67572021484375e-06,3.699329909068183e-06,0.0,0,0.021788036240889676,3.743225,0.04118685479403463,1194.252276,3.743225,0.04118685479403463,1194.252276,8.0,0.8342283161033828,0.8342283161033828,-0.7438260000000003,0.0,,,True,0.793522931192887,0.879312372432935,0.793522931192887,0.8782769242859458,H100!,unknown,24,24
pilot-011-modal-h100-sub256-20260811T173725Z.csv,20260811T173725Z,NVIDIA H100 80GB HBM3,modal,8,8,1,64,compiled-gpu-host-visible,,9,0.36319344444444446,0.08019406110041927,0.386675,0.22268,0.471087,0.3466559946537018,11944.368852,755.224609375,True,True,6.67572021484375e-06,3.699329909068183e-06,0.0,0,0.220802611740659,0.573467,0.1638841667961136,15337.694402,0.573467,0.1638841667961136,15337.694402,8.0,1.483072347578716,1.483072347578716,0.18679199999999996,0.0,0.0,0.0,False,1.3672696935317556,2.3375583033467877,1.2743120121411144,2.3375583033467877,H100!,unknown,24,24
pilot-011-modal-h100-sub256-20260811T173725Z.csv,20260811T173725Z,NVIDIA H100 80GB HBM3,modal,8,8,1,64,compiled-gpu-resident,,9,0.302274,0.056918389980743486,0.313086,0.18293,0.361452,0.2739839851856231,11944.368852,611.49609375,True,True,6.67572021484375e-06,3.699329909068183e-06,0.0,0,0.18830064769296562,0.573467,0.1638841667961136,15337.694402,0.573467,0.1638841667961136,15337.694402,8.0,1.8316596717834717,1.8316596717834717,0.260381,0.0,0.0,0.0,False,1.589209707315957,2.3427550960168,1.5731948281154082,2.385926813018141,H100!,unknown,24,24
pilot-011-modal-h100-sub256-20260811T173725Z.csv,20260811T173725Z,NVIDIA H100 80GB HBM3,modal,16,8,1,1,compiled-gpu-host-visible,,9,5.990142222222222,0.17857093242376962,6.04438,5.66907,6.205266,5.997600078582764,1441.591471,5902.71484375,True,True,3.933906555175781e-06,3.540320903994143e-06,0.0,0,0.029810800111107115,3.679274,0.06279727483768868,24518.103531,3.679274,0.06279727483768868,24518.103531,8.0,0.6087099090394713,0.6087099090394713,-2.3651060000000004,0.0,,,True,0.5788414729818533,0.6377527812685514,0.5788414729818533,0.6377527812685514,H100!,unknown,24,24
pilot-011-modal-h100-sub256-20260811T173725Z.csv,20260811T173725Z,NVIDIA H100 80GB HBM3,modal,16,8,1,1,compiled-gpu-resident,,9,4.474140888888889,0.20525672134393366,4.416298,4.114799,4.761503,4.368192195892334,1441.591471,4312.791015625,True,True,3.933906555175781e-06,3.540320903994143e-06,0.0,0,0.04587623108911692,3.679274,0.06279727483768868,24518.103531,3.679274,0.06279727483768868,24518.103531,8.0,0.8331127111440396,0.8331127111440396,-0.7370240000000003,0.0,,,True,0.7630040795966259,0.871947743163128,0.7630040795966259,0.871947743163128,H100!,unknown,24,24
pilot-011-modal-h100-sub256-20260811T173725Z.csv,20260811T173725Z,NVIDIA H100 80GB HBM3,modal,16,8,1,64,compiled-gpu-host-visible,,9,0.35136911111111113,0.17545016822408896,0.245123,0.197784,0.706783,0.2205120027065277,12475.872588,239.3779296875,True,True,3.933906555175781e-06,3.540320903994143e-06,0.0,0,0.4993329313133832,0.592258,0.16666092342940383,17108.617839,0.592258,0.16666092342940383,17108.617839,8.0,2.4161665775957375,2.4161665775957375,0.34713499999999997,0.0,0.0,0.0,False,1.2252464025337508,2.9232433019452757,1.2252464025337508,2.9232433019452757,H100!,unknown,24,24
pilot-011-modal-h100-sub256-20260811T173725Z.csv,20260811T173725Z,NVIDIA H100 80GB HBM3,modal,16,8,1,64,compiled-gpu-resident,,9,0.22303322222222224,0.08958584267307218,0.177484,0.148555,0.384055,0.1405439972877502,12475.872588,173.32421875,True,True,3.933906555175781e-06,3.540320903994143e-06,0.0,0,0.4016703959189187,0.592258,0.16666092342940383,17108.617839,0.592258,0.16666092342940383,17108.617839,8.0,3.336965585630254,3.336965585630254,0.414774,0.0,0.0,0.0,False,1.875992921565691,3.9968109760270027,1.875992921565691,3.9958187980900077,H100!,unknown,24,24
pilot-011-modal-h100-sub256-20260811T173725Z.csv,20260811T173725Z,NVIDIA H100 80GB HBM3,modal,32,8,1,1,compiled-gpu-host-visible,,9,5.816249555555555,0.14039040369903427,5.806873,5.533397,5.98455,5.762464046478272,1291.812973,2835.38720703125,True,True,6.67572021484375e-06,3.344140623084968e-06,0.0,0,0.02413761692273613,3.878554,0.054115036979984744,1293.378327,3.878554,0.054115036979984744,1293.378327,8.0,0.6679247161079637,0.6679247161079637,-1.9283190000000006,0.0,,,True,0.6185598659857506,0.6951683448303079,0.6189266062067517,0.6951683448303079,H100!,unknown,24,24
pilot-011-modal-h100-sub256-20260811T173725Z.csv,20260811T173725Z,NVIDIA H100 80GB HBM3,modal,32,8,1,1,compiled-gpu-resident,,9,4.494343,0.2314711262323012,4.550545,4.18041,4.826619,4.493824005126953,1291.812973,2221.94580078125,True,True,6.67572021484375e-06,3.344140623084968e-06,0.0,0,0.051502772759511505,3.878554,0.054115036979984744,1293.378327,3.878554,0.054115036979984744,1293.378327,8.0,0.8523273585911139,0.8523273585911139,-0.6719909999999998,0.0,,,True,0.7941534308079748,0.9255972159645565,0.7909388413168691,0.9255972159645565,H100!,unknown,24,24
pilot-011-modal-h100-sub256-20260811T173725Z.csv,20260811T173725Z,NVIDIA H100 80GB HBM3,modal,32,8,1,64,compiled-gpu-host-visible,,9,0.3512438888888889,0.07415720472827379,0.372167,0.232672,0.457104,0.3306559920310974,12339.109467,181.72216796875,True,True,6.67572021484375e-06,3.344140623084968e-06,0.0,0,0.21112738776142062,0.725459,0.16540190408518682,14945.947953,0.693293,0.2167594780340613,14945.947953,1.0,1.9492835205700665,1.8628545787240673,0.321126,0.0,0.0,0.0,False,1.7424901632439207,2.6836449324149356,1.6366931596028234,2.594648575188523,H100!,unknown,24,24
pilot-011-modal-h100-sub256-20260811T173725Z.csv,20260811T173725Z,NVIDIA H100 80GB HBM3,modal,32,8,1,64,compiled-gpu-resident,,9,0.14843977777777778,0.006821225765538359,0.14711,0.142382,0.162181,0.1269759982824325,12339.109467,71.8310546875,True,True,6.67572021484375e-06,3.344140623084968e-06,0.0,0,0.04595281579948264,0.725459,0.16540190408518682,14945.947953,0.693293,0.2167594780340613,14945.947953,1.0,4.93140507103528,4.712752362177962,0.5461830000000001,0.0,0.0,0.0,False,4.416353126505318,5.2540147112496145,4.164397694082548,5.065297893638916,H100!,unknown,24,24
pilot-011-modal-h100-sub256-20260811T173725Z.csv,20260811T173725Z,NVIDIA H100 80GB HBM3,modal,64,8,1,1,compiled-gpu-host-visible,,9,5.743196,0.1494647348632779,5.726962,5.51445,5.961508,5.682752132415772,1183.640584,1398.18408203125,True,True,6.437301635742188e-06,3.861380264424952e-06,0.0,0,0.02602466202847298,3.87141,0.03744368642284861,1199.958795,3.87141,0.03744368642284861,1199.958795,8.0,0.6759971517184853,0.6759971517184853,-1.8555520000000003,0.0,,,True,0.6366408451473383,0.6922364147027362,0.6366408451473383,0.6922364147027362,H100!,unknown,24,24
pilot-011-modal-h100-sub256-20260811T173725Z.csv,20260811T173725Z,NVIDIA H100 80GB HBM3,modal,64,8,1,1,compiled-gpu-resident,,9,4.408079666666667,0.23787682404870822,4.378195,4.019951,4.844071,4.328832149505615,1183.640584,1068.895263671875,True,True,6.437301635742188e-06,3.861380264424952e-06,0.0,0,0.0539638214453115,3.87141,0.03744368642284861,1199.958795,3.87141,0.03744368642284861,1199.958795,8.0,0.8842479606321784,0.8842479606321784,-0.5067849999999998,0.0,,,True,0.8276989788583021,0.9126477231983499,0.8294712889318037,0.9091220660248701,H100!,unknown,24,24
pilot-011-modal-h100-sub256-20260811T173725Z.csv,20260811T173725Z,NVIDIA H100 80GB HBM3,modal,64,8,1,64,compiled-gpu-host-visible,,9,0.3438012222222222,0.06203569277798422,0.366154,0.203807,0.395487,0.3254719972610473,14034.628397,89.39306640625,True,True,6.437301635742188e-06,3.861380264424952e-06,0.0,0,0.18044058243017624,0.461403,0.3317597390494216,17551.940475,0.461403,0.3317597390494216,17551.940475,8.0,1.260133714229532,1.260133714229532,0.09524900000000003,0.0,0.0,0.0,False,1.0895272076639984,1.9327535093973622,1.0895272076639984,1.9327535093973622,H100!,unknown,24,24
pilot-011-modal-h100-sub256-20260811T173725Z.csv,20260811T173725Z,NVIDIA H100 80GB HBM3,modal,64,8,1,64,compiled-gpu-resident,,9,0.23985944444444446,0.15999880639094713,0.186876,0.171047,0.664104,0.1647679954767227,14034.628397,45.6240234375,True,True,6.437301635742188e-06,3.861380264424952e-06,0.0,0,0.6670523512698521,0.461403,0.3317597390494216,17551.940475,0.461403,0.3317597390494216,17551.940475,8.0,2.469032941629744,2.469032941629744,0.274527,0.0,0.0,0.0,False,2.083888733687193,3.884941426308552,2.083888733687193,3.884941426308552,H100!,unknown,24,24
pilot-011-modal-h100-sub256-20260811T173725Z.csv,20260811T173725Z,NVIDIA H100 80GB HBM3,modal,128,8,1,1,compiled-gpu-host-visible,,9,5.656822666666667,0.20481877577385324,5.575439,5.455342,6.107271,5.5311360359191895,1282.274869,680.5955810546875,True,True,6.198883056640625e-06,5.0133430704590864e-06,0.0,0,0.036207388465748835,4.003235,0.030757883167744707,1254.0099,4.003235,0.030757883167744707,1254.0099,8.0,0.7180125188348397,0.7180125188348397,-1.5722040000000002,28.264969000000065,,,True,0.6717655624013675,0.7325800544390088,0.6717655624013675,0.7330428731574461,H100!,unknown,24,24
pilot-011-modal-h100-sub256-20260811T173725Z.csv,20260811T173725Z,NVIDIA H100 80GB HBM3,modal,128,8,1,1,compiled-gpu-resident,,9,4.328651777777778,0.10477975585338252,4.362748,4.138972,4.465719,4.318624019622803,1282.274869,532.56201171875,True,True,6.198883056640625e-06,5.0133430704590864e-06,0.0,0,0.024206094930365095,4.003235,0.030757883167744707,1254.0099,4.003235,0.030757883167744707,1254.0099,8.0,0.9175948278470359,0.9175948278470359,-0.35951299999999975,28.264969000000065,,,True,0.8775587877178649,0.9495292400530028,0.8775587877178649,0.9483226850556757,H100!,unknown,24,24
pilot-011-modal-h100-sub256-20260811T173725Z.csv,20260811T173725Z,NVIDIA H100 80GB HBM3,modal,128,8,1,64,compiled-gpu-host-visible,,9,0.3095826666666667,0.06457300292304827,0.319818,0.193852,0.380783,0.2811839878559112,13562.401622,39.040283203125,True,True,6.198883056640625e-06,5.0133430704590864e-06,0.0,0,0.20858080853917832,0.508066,0.37856426981391567,17506.516584,0.508066,0.37856426981391567,17506.516584,8.0,1.5886097718077157,1.5886097718077157,0.18824800000000003,0.0,0.0,0.0,False,1.2880172319174625,2.75754647956025,1.2880172319174625,2.75754647956025,H100!,unknown,24,24
pilot-011-modal-h100-sub256-20260811T173725Z.csv,20260811T173725Z,NVIDIA H100 80GB HBM3,modal,128,8,1,64,compiled-gpu-resident,,9,0.2570728888888889,0.14242520901989617,0.189234,0.141289,0.534367,0.1591999977827072,13562.401622,23.099853515625,True,True,6.198883056640625e-06,5.0133430704590864e-06,0.0,0,0.5540265627989059,0.508066,0.37856426981391567,17506.516584,0.508066,0.37856426981391567,17506.516584,8.0,2.6848557870150183,2.6848557870150183,0.318832,0.0,0.0,0.0,False,1.4245070875604287,4.719624128523795,1.4245070875604287,4.719624128523795,H100!,unknown,24,24
pilot-011-modal-h100-sub256-20260811T173725Z.csv,20260811T173725Z,NVIDIA H100 80GB HBM3,modal,256,8,1,1,compiled-gpu-host-visible,,9,5.943830222222222,0.15215201285620367,5.991017,5.685246,6.115533,5.945695877075195,1290.480384,365.6626586914063,True,True,6.437301635742188e-06,4.720264314528322e-06,0.0,0,0.025598310713410406,5.710698,0.04020947000635784,1139.026811,4.215091,0.03444631218162871,1139.026811,1.0,0.9532101144096236,0.7035685260115269,-1.7759260000000001,151.453573,,,True,0.9356862233550955,1.0237927290241684,0.6808628688349809,0.7378094530858987,H100!,unknown,24,24
pilot-011-modal-h100-sub256-20260811T173725Z.csv,20260811T173725Z,NVIDIA H100 80GB HBM3,modal,256,8,1,1,compiled-gpu-resident,,9,4.408328666666667,0.10496339000218129,4.446104,4.235833,4.520829,4.407616138458252,1290.480384,271.36865234375,True,True,6.437301635742188e-06,4.720264314528322e-06,0.0,0,0.02381024599999908,5.710698,0.04020947000635784,1139.026811,4.215091,0.03444631218162871,1139.026811,1.0,1.2844274447921147,0.9480414763127448,-0.2310129999999999,151.453573,,,True,1.2629966494352973,1.3812019018041644,0.916824437783287,0.9872273915963312,H100!,unknown,24,24
pilot-011-modal-h100-sub256-20260811T173725Z.csv,20260811T173725Z,NVIDIA H100 80GB HBM3,modal,256,8,1,64,compiled-gpu-host-visible,,9,0.435137,0.12060303354600994,0.447031,0.201889,0.669442,0.4025920033454895,14320.627948,27.28460693359375,True,True,6.437301635742188e-06,4.720264314528322e-06,0.0,0,0.27716106317323036,1.459636,0.3427142429149048,17096.27766,0.968841,0.12531445584510753,17096.27766,1.0,3.2651784775552475,2.1672792267202943,0.5218099999999999,0.0,0.0,0.0,False,2.979819582682131,6.079824306502448,2.0239157349464167,2.513281072026801,H100!,unknown,24,24
pilot-011-modal-h100-sub256-20260811T173725Z.csv,20260811T173725Z,NVIDIA H100 80GB HBM3,modal,256,8,1,64,compiled-gpu-resident,,9,0.32730744444444443,0.08958997698000475,0.322163,0.204666,0.51578,0.2814080119132995,14320.627948,19.66326904296875,True,True,6.437301635742188e-06,4.720264314528322e-06,0.0,0,0.2737181157980393,1.459636,0.3427142429149048,17096.27766,0.968841,0.12531445584510753,17096.27766,1.0,4.530737545900678,3.007300652154344,0.646678,0.0,0.0,0.0,False,4.06611980959794,8.076595984760978,2.506032400846671,3.952957442503541,H100!,unknown,24,24
