requested_gpu,agent_count,state_width,action_count,observation_horizon,placements,wall_ms_median_of_placement_medians,wall_ms_placement_min,wall_ms_placement_max,device_ms_median_of_placement_medians,wall_to_device_ratio_median,tuned_cpu_wall_ms_median_of_placements,speedup_median_of_placements,speedup_placement_min,speedup_placement_max,placements_speedup_gt_one,compile_ms_median_of_placements,ns_per_agent_step_median_of_placements,gpu_price_usd_per_second,cost_usd_per_billion_median,cost_usd_per_billion_placement_min,cost_usd_per_billion_placement_max,fraction_placements_speedup_gt_one
A10,8,8,1,1,3,4.736552,4.5104845000000005,4.844595999999999,4.695199966430664,1.0088072997667812,4.168322,0.8800329860202105,0.8258494619571994,0.9279730370429163,0,867.711067,9251.078125,0.000306,2.83082990625,2.695719251953125,2.895403078125,0.0
A10,16,8,1,1,3,4.700626,4.5671420000000005,4.706284999999999,4.660799980163574,1.008329464787627,4.1727005,0.8876903842169108,0.8842144069048093,0.9196705510798656,0,879.5271,4590.455078125,0.000306,1.40467925390625,1.36479048046875,1.406370322265625,0.0
A10,32,8,1,1,3,4.6560425,4.646224,4.9724395,4.619776010513306,1.0091886951221736,4.5197585,0.9089619893816707,0.9041776358355836,0.9818791560630741,0,1013.337855,2273.458251953125,0.000306,0.6956782250976563,0.6942112031250001,0.7429523862304688,0.0
A10,64,8,1,1,3,4.7261524999999995,4.7088255,4.865754,4.690576076507568,1.0092231954905913,4.539939,0.9521293102775029,0.9320374050811608,0.9605993458738373,0,958.222708,1153.8458251953125,0.000306,0.35307682250976563,0.3517823737792969,0.3635060361328125,0.0
A10,128,8,1,1,3,4.7443729999999995,4.742312500000001,5.013662,4.702704191207886,1.0094480401209658,4.7335265,0.9977138180324355,0.9393265840417643,1.0178273785205,1,1206.677564,579.1470947265625,0.000306,0.17721901098632814,0.17714204406738282,0.18727790185546875,0.3333333333333333
A10,256,8,1,1,3,4.706925999999999,4.678756,4.913696,4.667536020278931,1.0091843213653564,4.8585329999999995,1.0359017936803578,1.031405847468178,1.0384241024751022,3,1190.690082,287.2879638671875,0.000306,0.08791011694335937,0.08738399267578126,0.09177191015625,1.0
A100-80GB,8,8,1,1,3,7.3283195,6.507452499999999,7.504296500000001,7.278543949127197,1.008067166176272,6.1729785,0.8423457110460317,0.8257708373591663,0.849513208866414,0,1851.034223,14313.1240234375,0.000694,9.933308072265625,8.820648505859374,10.171839396484375,0.0
A100-80GB,16,8,1,1,3,7.2105175,6.416543,7.8487565,7.156208038330078,1.0070232866097744,6.2023365,0.8832231779635857,0.7902317392570403,0.9005460426384099,0,1475.708967,7041.52099609375,0.000694,4.886815571289062,4.348711759765624,5.319372081054687,0.0
A100-80GB,32,8,1,1,3,6.864095000000001,6.5548195,7.4334645,6.81990385055542,1.0070043754949276,6.226672,0.8603111039136929,0.8376540978974204,0.9180580251293141,0,1547.964379,3351.60888671875,0.000694,2.3260165673828124,2.221213248535156,2.5189572084960936,0.0
A100-80GB,64,8,1,1,3,7.121763,6.248209,7.708695499999999,7.073375940322876,1.0068064897338684,6.300407,0.8846695684762327,0.8278974049500335,0.9146708280724926,0,1510.230972,1738.711669921875,0.000694,1.2066658989257812,1.0586565053710937,1.306111981689453,0.0
A100-80GB,128,8,1,1,3,7.305225500000001,6.677212,7.8571115,7.2501280307769775,1.0074321450153718,6.1430755,0.840915246216561,0.8265337713484148,0.8617846041132138,0,2105.412372,891.7511596679688,0.000694,0.6188753048095703,0.5656720126953124,0.6656293189697265,0.0
A100-80GB,256,8,1,1,3,7.1993165,6.4488585,7.7351545,7.1535680294036865,1.0063951961326532,6.6559455,0.9161273270300471,0.8604799684350195,0.9431844675810542,0,1749.201373,439.4114074707031,0.000694,0.304951516784668,0.2731633178100586,0.32764875628662105,0.0
H100!,8,8,1,1,3,3.4062970000000004,3.162528,4.0230715,3.3724639415740967,1.0100321483081927,2.7008375,0.8502941098610849,0.7928954815155578,0.8540039803600158,0,917.556329,6652.923828125,0.001097,7.298257439453126,6.775963312500001,8.619744991210938,0.0
H100!,16,8,1,1,3,3.359126,3.2329945,4.0527415,3.3276480436325073,1.0094595209453494,2.8259225,0.8412671927162005,0.841015195045955,0.8455866232771077,0,844.079163,3280.396484375,0.001097,3.5985949433593754,3.4634716469726565,4.341657642089844,0.0
H100!,32,8,1,1,3,3.3327755000000003,3.137487,3.9088935,3.3042880296707153,1.0086213641406205,2.818701,0.8739989974144857,0.8457518365698499,0.8849866150839828,0,968.338068,1627.331787109375,0.001097,1.7851829704589846,1.680577753417969,2.093777426513672,0.0
H100!,64,8,1,1,3,3.3431604999999998,3.0610365,4.0177095000000005,3.3145439624786377,1.0086336273844327,2.9359705,0.8550872744518249,0.8495232171464859,0.959142597613586,0,944.725131,816.2012939453125,0.001097,0.8953728194580078,0.8198137305908204,1.076032060913086,0.0
H100!,128,8,1,1,3,3.3530914999999997,3.3101545000000003,3.894715,3.3236160278320312,1.008868495013004,2.9734555,0.8867803040865423,0.7948152817343502,0.8920801128769065,0,1098.099665,409.31292724609375,0.001097,0.44901628118896486,0.44326653887939454,0.521545697631836,0.0
H100!,256,8,1,1,3,3.3296445,3.3009575,3.978358,3.300784111022949,1.0089043596825176,3.143855,0.9264183195330445,0.8544298929357287,0.9442014004798409,0,1119.263204,203.22537231445312,0.001097,0.2229382334289551,0.22101747909545902,0.26637321325683594,0.0
L4,8,8,1,1,3,7.6732005,7.4946345,8.013027000000001,7.620543956756592,1.0069098142523962,6.959801000000001,0.9126382576771548,0.893033226487435,0.928637814158916,0,1401.543692,14986.7197265625,0.000222,3.327051779296875,3.249626677734375,3.47439842578125,0.0
L4,16,8,1,1,3,7.8605955000000005,7.760696,7.9936585000000004,7.80404806137085,1.0067487568576945,8.4601085,1.0583525053015461,1.034223348008993,1.0793007349125139,3,1432.974208,7676.36279296875,0.000222,1.7041525400390625,1.682494640625,1.7330001826171875,1.0
L4,32,8,1,1,3,7.7490369999999995,7.497839,7.9641795,7.695919990539551,1.0070043116556318,8.522224,1.0866957799440613,1.0700693021798415,1.1400047515581615,3,1544.713703,3783.70947265625,0.000222,0.8399835029296875,0.8127540322265625,0.8633046137695313,1.0
L4,64,8,1,1,3,7.697405,7.5958380000000005,7.9255815,7.644207954406738,1.006808638710618,8.6929805,1.1229257390692111,1.1017172683165266,1.1293391084397926,3,1143.945849,1879.249267578125,0.000222,0.41719333740234377,0.4116884853515625,0.4295603254394531,1.0
L4,128,8,1,1,3,8.028969,7.6841715,8.1677885,7.971776008605957,1.0069904582667384,8.6426005,1.1171614935865364,1.0581322594237106,1.1228218943317443,3,1924.480838,980.0987548828125,0.000222,0.21758192358398437,0.20823804602050783,0.2213438778076172,1.0
L4,256,8,1,1,3,7.6530565,7.559446,7.9778579999999994,7.602352142333984,1.0066695618299062,8.903075999999999,1.1633359821660796,1.1477795794309702,1.1722722802702739,3,1716.15437,467.1054992675781,0.000222,0.10369742083740234,0.10242901684570313,0.10809841772460937,1.0
L40S,8,8,1,1,3,3.3456335,3.072687,5.8395315,3.308016061782837,1.0076497897487111,2.7856535,0.886433440764897,0.7130093598118263,0.9065855064313416,0,1013.485228,6534.4404296875,0.000542,3.5416667128906245,3.2527272539062495,6.181691548828124,0.0
L40S,16,8,1,1,3,3.318921,3.2449760000000003,5.934937,3.280128002166748,1.0118266719492734,2.765607,0.8332849742431351,0.7358031307473459,0.8810258643015082,0,997.618484,3241.1337890625,0.000542,1.7566945136718748,1.7175556562499998,3.1413436074218746,0.0
L40S,32,8,1,1,3,3.1962580000000003,3.025829,5.698961499999999,3.1505759954452515,1.0138274945068568,2.8787965,0.8977581266341246,0.8756577222489549,0.9514075316219126,0,996.827445,1560.6728515625,0.000542,0.8458846855468749,0.8007809169921875,1.508221256347656,0.0
L40S,64,8,1,1,3,3.0662304999999996,2.9254615,5.8663,3.0279840230941772,1.007767882442198,2.8782284999999996,0.8928041525322605,0.8386632331343277,0.9386862794561596,0,915.001809,748.5914306640625,0.000542,0.4057365554199218,0.3871094074707031,0.7762535644531249,0.0
L40S,128,8,1,1,3,3.2415209999999997,2.719138,5.7719135,3.19923198223114,1.0132184905639032,2.842003,0.8767498344141532,0.8706679336064201,0.9896557291318057,0,1135.567,395.6934814453125,0.000542,0.21446586694335937,0.17990390576171872,0.381881972290039,0.0
L40S,256,8,1,1,3,3.249384,3.1054370000000002,5.930697,3.2093600034713745,1.0119701968112615,3.0100935,0.906233533765087,0.8425158430028584,0.9692978798153045,0,1100.961318,198.32666015625,0.000542,0.10749304980468749,0.10273113122558593,0.19619371179199216,0.0
T4,8,8,1,1,3,6.1604255000000006,6.127168,6.399515,6.115823984146118,1.0072928056741826,6.3286545,1.0108166611393714,1.008541194137368,1.0273080163050425,3,1053.155891,12032.0810546875,0.000164,1.97326129296875,1.9626085,2.0498446484375,1.0
T4,16,8,1,1,3,6.2687295,6.1963335,6.6070530000000005,6.224079847335815,1.0073815603192129,7.300838000000001,1.1202704793084493,1.1050067253887625,1.1679547665918588,3,1060.500713,6121.80615234375,0.000164,1.0039762089843751,0.992381537109375,1.05816083203125,1.0
T4,32,8,1,1,3,6.330823499999999,6.1470365000000005,6.875017,6.289072036743164,1.0066387319167132,7.227349,1.1518613888171967,1.0512481641863578,1.1523071208666615,3,1245.41291,3091.222412109375,0.000164,0.5069604755859375,0.49224315722656253,0.550538470703125,1.0
T4,64,8,1,1,3,6.167933,6.1541855000000005,6.562678999999999,6.121392011642456,1.0074374418303547,7.547283,1.1500308029693362,1.1235313353760492,1.2441047641479117,3,863.347145,1505.843017578125,0.000164,0.2469582548828125,0.24640781787109375,0.2627635146484375,1.0
T4,128,8,1,1,3,6.5721295,6.01282,6.5946915,6.524399995803833,1.007315539241442,7.261353,1.133757204563701,1.1048706511337003,1.1659675493362516,3,1452.268965,802.2619018554688,0.000164,0.13157095190429688,0.120373837890625,0.1320226325683594,1.0
T4,256,8,1,1,3,6.2192715,6.158647,6.7670645,6.175679922103882,1.0086565271159023,7.5292984999999994,1.2004881118311044,1.128772010374661,1.2225572434984502,3,1395.130835,379.5942077636719,0.000164,0.062253450073242185,0.061646613037109374,0.0677367296142578,1.0
A10,8,8,1,64,3,0.18036049999999998,0.17092000000000002,0.219993,0.15579200536012644,1.1557394993962227,0.47014049999999996,2.4966248153004678,2.2005063797484463,2.7506465012871515,3,10326.704295,352.2666015625,0.000306,0.107793580078125,0.10215140625000001,0.13148019140625,1.0
A10,16,8,1,64,3,0.184401,0.1752675,0.1967375,0.15721600502729416,1.1540474752882361,0.4824585,2.6163551173800577,2.3720642988754053,2.770351034846734,3,10490.127894,180.0791015625,0.000306,0.055104205078125,0.0523748583984375,0.0587906982421875,1.0
A10,32,8,1,64,3,0.2108295,0.1700855,0.252164,0.1825600042939186,1.1548504329599378,0.48839449999999995,2.3165377710424773,2.014847480211291,2.7771855919522825,3,11366.25861,102.944091796875,0.000306,0.03150089208984375,0.02541316552734375,0.03767684765625,1.0
A10,64,8,1,64,3,0.1672555,0.166356,0.1735425,0.14566399902105326,1.1590517458984189,0.504076,2.9741622846483375,2.904625668064019,3.1393427348577747,3,11099.470422,40.8338623046875,0.000306,0.012495161865234375,0.012427962890625,0.012964844970703125,1.0
A10,128,8,1,64,3,0.19273200000000001,0.17652099999999998,0.24711349999999999,0.16883199661970133,1.1463593413974087,0.5784294999999999,2.976254591868501,2.733707385472668,3.2768310852533125,3,11475.604362,23.52685546875,0.000306,0.007199217773437501,0.006593679931640626,0.009230557983398438,1.0
A10,256,8,1,64,3,0.17365799999999998,0.168572,0.210405,0.14963199943304056,1.1605672627378805,0.6777805,3.9029615681396774,3.495979183004206,4.0036838858173365,3,11550.1846,10.5992431640625,0.000306,0.0032433684082031253,0.00314837841796875,0.003929683227539063,1.0
A100-80GB,8,8,1,64,3,0.2884285,0.223787,0.4913015,0.24897600710391993,1.158459015207891,0.5595245,1.7610534326531533,1.3920647504638188,2.5002547064842906,3,17470.291548,563.3369140625,0.000694,0.390955818359375,0.30333628515625,0.665943830078125,1.0
A100-80GB,16,8,1,64,3,0.2594935,0.24194349999999998,0.263131,0.22551999986171722,1.1662400693445292,0.566371,2.182601876347577,2.0358110598903205,2.5167404786654735,3,16513.604013,253.41162109375,0.000694,0.17586766503906248,0.16397342675781248,0.178332923828125,1.0
A100-80GB,32,8,1,64,3,0.2571775,0.23682150000000002,0.404915,0.2151519954204559,1.1953293739963542,0.6283704999999999,2.443333884185047,1.3591309287134337,2.7156254816391248,3,16683.33722,125.574951171875,0.000694,0.08714901611328124,0.08025103564453125,0.1372124072265625,1.0
A100-80GB,64,8,1,64,3,0.2538855,0.2306145,0.286089,0.2150880023837089,1.1570527529847259,0.5899844999999999,2.5583148501069966,1.9119067842524533,2.612063312004821,3,19732.043653,61.9837646484375,0.000694,0.04301673266601562,0.03907384350585937,0.04847308740234375,1.0
A100-80GB,128,8,1,64,3,0.30189449999999995,0.29097300000000004,0.30684100000000003,0.26553599536418915,1.1369249565805353,0.6782935,2.246789855396505,2.048803777852373,2.3702456928993407,3,18450.946005,36.85235595703125,0.000694,0.025575535034179687,0.024650300537109374,0.025994586669921875,1.0
A100-80GB,256,8,1,64,3,0.2637695,0.2257105,0.28132,0.2316159978508949,1.1500850343857725,0.9107395,3.2697659169599995,3.237379141191526,5.543863107751275,3,18132.689787,16.099212646484375,0.000694,0.011172853576660155,0.009560735290527343,0.0119162646484375,1.0
H100!,8,8,1,64,3,0.145126,0.12149499999999999,0.21611550000000002,0.12508799508213994,1.1601912709904891,0.340874,2.2937240742527183,1.7332167290175853,2.805662784476728,3,11674.901025,283.44921875,0.001097,0.31094379296875,0.26031252929687504,0.46304434277343753,1.0
H100!,16,8,1,64,3,0.1237305,0.118436,0.14442549999999998,0.10353599861264226,1.1841705136296063,0.340237,2.8671790706414346,2.3504367303557894,2.8727498395758047,3,9578.293049,120.83056640625,0.001097,0.13255113134765625,0.12687919140625,0.15472145849609376,1.0
H100!,32,8,1,64,3,0.1233975,0.121587,0.1478225,0.10379200056195255,1.1855391104859538,0.36179150000000004,2.83754938309123,2.6731350098936226,2.9755771587423,3,9958.765089,60.252685546875,0.001097,0.06609719604492188,0.06512741162109376,0.07918031372070314,1.0
H100!,64,8,1,64,3,0.123946,0.116264,0.15031299999999997,0.1028959974646568,1.2002762524270818,0.390038,3.0330506833621094,2.773642332998477,3.354761577100392,3,10650.156415,30.26025390625,0.001097,0.033195498535156256,0.031138087890625003,0.04025716821289063,1.0
H100!,128,8,1,64,3,0.1210665,0.120021,0.1610625,0.10200000181794161,1.1766764496163815,0.4478835,3.590890130630686,2.958767559177338,3.7317094508461017,3,10726.152752,14.77862548828125,0.001097,0.016212152160644533,0.016072148071289063,0.02156806182861328,1.0
H100!,256,8,1,64,3,0.122803,0.11978749999999999,0.1812455,0.1044160015881061,1.1760936842269234,0.5884915,4.519026408149639,3.5944644142889066,4.912795575498278,3,10687.902738,7.49530029296875,0.001097,0.00822234442138672,0.008020439910888673,0.012135395111083986,1.0
L4,8,8,1,64,3,0.375464,0.33362899999999995,0.3945435,0.3228159993886947,1.142888780057404,0.8857444999999999,2.420499701702427,2.2449856606432497,2.58506454774615,3,17518.706168,733.328125,0.000222,0.16279884375,0.14465944921875,0.171071595703125,1.0
L4,16,8,1,64,3,0.34007,0.328285,0.352335,0.29179200530052185,1.1654534525363565,0.906108,2.721587949495104,2.5717229341393844,2.852602405387126,3,17118.870606,332.099609375,0.000222,0.07372611328125,0.071171162109375,0.07638512695312501,1.0
L4,32,8,1,64,3,0.3302165,0.3260845,0.340736,0.2900959998369217,1.1383007700403736,0.9110535,2.7498701609398677,2.6737811678249437,2.9677951573901855,3,17349.258578,161.238525390625,0.000222,0.03579495263671875,0.03534705029296875,0.03693525,1.0
L4,64,8,1,64,3,0.347823,0.3306395,0.3484625,0.30135999619960785,1.1481920161282602,0.947094,2.8393129072600223,2.722919415909816,2.96464755891954,3,17296.361596,84.917724609375,0.000222,0.01885173486328125,0.017920402587890624,0.018886395263671876,1.0
L4,128,8,1,64,3,0.345892,0.318911,0.3549375,0.30401600897312164,1.1408379822911245,1.0899109999999999,3.114885571218762,3.083409050889241,3.4176024031783157,3,18608.313496,42.22314453125,0.000222,0.009373538085937501,0.008642363525390625,0.009618667602539063,1.0
L4,256,8,1,64,3,0.33739549999999996,0.332958,0.3431225,0.2943360060453415,1.1312173609799845,1.284937,3.8083999342018497,3.668348767568434,3.937418533268461,3,18238.520226,20.592987060546875,0.000222,0.004571643127441407,0.004511515869140625,0.004649242858886719,1.0
L40S,8,8,1,64,3,0.17271399999999998,0.1442115,0.1917255,0.15296000242233276,1.1852466443215581,0.322423,2.2357648315148237,1.5307213080584088,2.2405548557703594,3,8110.727504,337.33203125,0.000542,0.18283396093749998,0.15266139257812497,0.20295941601562498,1.0
L40S,16,8,1,64,3,0.1146915,0.105347,0.22226,0.09662400186061855,1.1869876820610687,0.319143,2.782621205581931,1.8425920093584092,2.940786163820517,3,8557.157639,112.00341796875,0.000542,0.060705852539062494,0.055759837890625,0.11764152343749999,1.0
L40S,32,8,1,64,3,0.18031049999999998,0.1093555,0.281763,0.15833599865436548,1.1943968697626803,0.3293665,1.8266628953943338,1.809105524855996,2.9307030739194646,3,9174.660815,88.042236328125,0.000542,0.04771889208984374,0.028940762207031248,0.0745681376953125,1.0
L40S,64,8,1,64,3,0.1281795,0.112366,0.252046,0.10678400099277491,1.1775209398424649,0.36956,2.8831443405536765,1.7487700657816432,3.1978712421906983,3,9794.770873,31.2938232421875,0.000542,0.016961252197265624,0.014868743164062498,0.033351790039062496,1.0
L40S,128,8,1,64,3,0.1230285,0.1117355,0.1999095,0.1037119999527931,1.1862513504319583,0.431047,3.503635336527715,2.4290091266298,3.5412424878395856,3,9202.813979,15.01812744140625,0.000542,0.008139825073242186,0.007392656372070312,0.01322643420410156,1.0
L40S,256,8,1,64,3,0.187224,0.12088199999999999,0.1951505,0.15952000021934504,1.1736710114252826,0.570039,3.6558143586616483,3.0446897833611075,4.12438576462997,3,9491.693269,11.42724609375,0.000542,0.006193567382812499,0.003998904052734374,0.006455784362792968,1.0
T4,8,8,1,64,3,0.2625005,0.2415215,0.2634935,0.22748799622058866,1.1582743018427126,0.817342,3.175351574137503,3.113677878708802,3.2789213382659517,3,13427.154652,512.6962890625,0.000164,0.08408219140625,0.07736235546875,0.08440026171875,1.0
T4,16,8,1,64,3,0.25556049999999997,0.2414015,0.2902195,0.21999999880790705,1.1550381001095835,0.8142735000000001,3.0150805777888214,2.882857630173024,3.373108700650162,3,13586.326986,249.57080078125,0.000164,0.040929611328125,0.038661958984375,0.046480466796875,1.0
T4,32,8,1,64,3,0.2356355,0.23452800000000001,0.25655550000000005,0.20412799715995786,1.1509272788242237,0.8279894999999999,3.417532587407245,3.2273309283956095,3.6141015145313133,3,13776.696551,115.056396484375,0.000164,0.0188692490234375,0.0187805625,0.0205444833984375,1.0
T4,64,8,1,64,3,0.24391200000000002,0.2379145,0.248214,0.2113759964704513,1.1539247789381657,0.86056,3.5102885466889697,3.467008307347692,3.668500658850133,3,14201.816628,59.548828125,0.000164,0.0097660078125,0.00952587353515625,0.009938255859375,1.0
T4,128,8,1,64,3,0.25939900000000005,0.239045,0.2631,0.21944000571966166,1.175309155428329,0.9777075,3.7161060433295323,3.681810646918453,4.104595369072769,3,14866.082706,31.664916992187504,0.000164,0.0051930463867187505,0.00478556884765625,0.005267138671875,1.0
T4,256,8,1,64,3,0.2426355,0.2406185,0.26058950000000003,0.2114240005612373,1.1476251483081863,1.161596,4.74395360290252,4.45757023978326,4.798391002141072,3,14629.158511,14.809295654296875,0.000164,0.0024287244873046876,0.0024085347900390623,0.0026084398193359374,1.0
