placement_id,provider,requested_gpu,device_name,device_uuid,source_file,source_sha256,agents,steps,mechanism,analysis_unit,technical_repetitions,status_ok_rows,field_exact_rows,checksum_equal_rows,wall_ns_median,wall_ns_p95,wall_ns_p99,device_time_scope,device_ns_rows,device_ns_median,device_ns_p95,device_ns_p99
native-dispatch-001-lambda-h100-p1,lambda,H100 (80 GB SXM5),NVIDIA H100 80GB HBM3,7964af6ebe675c48d8719797603d3893,data/raw/native-dispatch-001-lambda-h100-p1-20260811T210728Z-p2682.csv,2ec4c6246c6c6287f443c749ebe6385ee9690a9a4eed00a9119cb96aad024395,32,1,cpu_cpp,placement,50,50,50,50,174.0,178.0,178.0,,0,,,
native-dispatch-001-lambda-h100-p1,lambda,H100 (80 GB SXM5),NVIDIA H100 80GB HBM3,7964af6ebe675c48d8719797603d3893,data/raw/native-dispatch-001-lambda-h100-p1-20260811T210728Z-p2682.csv,2ec4c6246c6c6287f443c749ebe6385ee9690a9a4eed00a9119cb96aad024395,32,1,cuda_device_graph,placement,50,50,50,50,16211.0,16938.4,16973.67,complete_parent_and_child_execution_environment,50,11056.0,12003.2,12064.0
native-dispatch-001-lambda-h100-p1,lambda,H100 (80 GB SXM5),NVIDIA H100 80GB HBM3,7964af6ebe675c48d8719797603d3893,data/raw/native-dispatch-001-lambda-h100-p1-20260811T210728Z-p2682.csv,2ec4c6246c6c6287f443c749ebe6385ee9690a9a4eed00a9119cb96aad024395,32,1,cuda_host_graph,placement,50,50,50,50,9140.0,9394.7,9427.99,transition_kernels,50,3600.0,3793.6,3840.0
native-dispatch-001-lambda-h100-p1,lambda,H100 (80 GB SXM5),NVIDIA H100 80GB HBM3,7964af6ebe675c48d8719797603d3893,data/raw/native-dispatch-001-lambda-h100-p1-20260811T210728Z-p2682.csv,2ec4c6246c6c6287f443c749ebe6385ee9690a9a4eed00a9119cb96aad024395,32,1,cuda_host_launch,placement,50,50,50,50,10113.0,10795.8,18012.519999999993,transition_kernels,50,5136.0,5571.2,10344.639999999981
native-dispatch-001-lambda-h100-p1,lambda,H100 (80 GB SXM5),NVIDIA H100 80GB HBM3,7964af6ebe675c48d8719797603d3893,data/raw/native-dispatch-001-lambda-h100-p1-20260811T210728Z-p2682.csv,2ec4c6246c6c6287f443c749ebe6385ee9690a9a4eed00a9119cb96aad024395,32,8,cpu_cpp,placement,50,50,50,50,1240.5,1253.0,1254.51,,0,,,
native-dispatch-001-lambda-h100-p1,lambda,H100 (80 GB SXM5),NVIDIA H100 80GB HBM3,7964af6ebe675c48d8719797603d3893,data/raw/native-dispatch-001-lambda-h100-p1-20260811T210728Z-p2682.csv,2ec4c6246c6c6287f443c749ebe6385ee9690a9a4eed00a9119cb96aad024395,32,8,cuda_device_graph,placement,50,50,50,50,23510.5,24175.75,24453.42,complete_parent_and_child_execution_environment,50,18464.0,19232.0,19506.239999999998
native-dispatch-001-lambda-h100-p1,lambda,H100 (80 GB SXM5),NVIDIA H100 80GB HBM3,7964af6ebe675c48d8719797603d3893,data/raw/native-dispatch-001-lambda-h100-p1-20260811T210728Z-p2682.csv,2ec4c6246c6c6287f443c749ebe6385ee9690a9a4eed00a9119cb96aad024395,32,8,cuda_host_graph,placement,50,50,50,50,16098.5,16393.35,19171.80999999999,transition_kernels,50,10528.0,10784.0,10881.279999999999
native-dispatch-001-lambda-h100-p1,lambda,H100 (80 GB SXM5),NVIDIA H100 80GB HBM3,7964af6ebe675c48d8719797603d3893,data/raw/native-dispatch-001-lambda-h100-p1-20260811T210728Z-p2682.csv,2ec4c6246c6c6287f443c749ebe6385ee9690a9a4eed00a9119cb96aad024395,32,8,cuda_host_launch,placement,50,50,50,50,28065.5,29239.35,29332.16,transition_kernels,50,23136.0,24280.0,24368.32
native-dispatch-001-lambda-h100-p1,lambda,H100 (80 GB SXM5),NVIDIA H100 80GB HBM3,7964af6ebe675c48d8719797603d3893,data/raw/native-dispatch-001-lambda-h100-p1-20260811T210728Z-p2682.csv,2ec4c6246c6c6287f443c749ebe6385ee9690a9a4eed00a9119cb96aad024395,32,64,cpu_cpp,placement,50,50,50,50,9766.0,9831.9,12580.37999999999,,0,,,
native-dispatch-001-lambda-h100-p1,lambda,H100 (80 GB SXM5),NVIDIA H100 80GB HBM3,7964af6ebe675c48d8719797603d3893,data/raw/native-dispatch-001-lambda-h100-p1-20260811T210728Z-p2682.csv,2ec4c6246c6c6287f443c749ebe6385ee9690a9a4eed00a9119cb96aad024395,32,64,cuda_device_graph,placement,50,50,50,50,77915.5,78820.25,81152.78,complete_parent_and_child_execution_environment,50,72848.0,73763.2,76059.2
native-dispatch-001-lambda-h100-p1,lambda,H100 (80 GB SXM5),NVIDIA H100 80GB HBM3,7964af6ebe675c48d8719797603d3893,data/raw/native-dispatch-001-lambda-h100-p1-20260811T210728Z-p2682.csv,2ec4c6246c6c6287f443c749ebe6385ee9690a9a4eed00a9119cb96aad024395,32,64,cuda_host_graph,placement,50,50,50,50,70657.0,71022.5,71095.51,transition_kernels,50,65183.0,65376.0,65408.0
native-dispatch-001-lambda-h100-p1,lambda,H100 (80 GB SXM5),NVIDIA H100 80GB HBM3,7964af6ebe675c48d8719797603d3893,data/raw/native-dispatch-001-lambda-h100-p1-20260811T210728Z-p2682.csv,2ec4c6246c6c6287f443c749ebe6385ee9690a9a4eed00a9119cb96aad024395,32,64,cuda_host_launch,placement,50,50,50,50,160961.5,174374.75,176492.77,transition_kernels,50,156000.0,169438.4,171511.68
native-dispatch-001-lambda-h100-p1,lambda,H100 (80 GB SXM5),NVIDIA H100 80GB HBM3,7964af6ebe675c48d8719797603d3893,data/raw/native-dispatch-001-lambda-h100-p1-20260811T210728Z-p2682.csv,2ec4c6246c6c6287f443c749ebe6385ee9690a9a4eed00a9119cb96aad024395,256,1,cpu_cpp,placement,50,50,50,50,1122.0,1135.4,1145.02,,0,,,
native-dispatch-001-lambda-h100-p1,lambda,H100 (80 GB SXM5),NVIDIA H100 80GB HBM3,7964af6ebe675c48d8719797603d3893,data/raw/native-dispatch-001-lambda-h100-p1-20260811T210728Z-p2682.csv,2ec4c6246c6c6287f443c749ebe6385ee9690a9a4eed00a9119cb96aad024395,256,1,cuda_device_graph,placement,50,50,50,50,16340.0,17044.45,17287.17,complete_parent_and_child_execution_environment,50,11280.0,12049.6,12291.199999999999
native-dispatch-001-lambda-h100-p1,lambda,H100 (80 GB SXM5),NVIDIA H100 80GB HBM3,7964af6ebe675c48d8719797603d3893,data/raw/native-dispatch-001-lambda-h100-p1-20260811T210728Z-p2682.csv,2ec4c6246c6c6287f443c749ebe6385ee9690a9a4eed00a9119cb96aad024395,256,1,cuda_host_graph,placement,50,50,50,50,9142.5,9298.55,9373.539999999999,transition_kernels,50,3536.0,3680.0,3794.24
native-dispatch-001-lambda-h100-p1,lambda,H100 (80 GB SXM5),NVIDIA H100 80GB HBM3,7964af6ebe675c48d8719797603d3893,data/raw/native-dispatch-001-lambda-h100-p1-20260811T210728Z-p2682.csv,2ec4c6246c6c6287f443c749ebe6385ee9690a9a4eed00a9119cb96aad024395,256,1,cuda_host_launch,placement,50,50,50,50,9855.0,10173.65,10814.31,transition_kernels,50,4864.0,5216.0,5847.359999999999
native-dispatch-001-lambda-h100-p1,lambda,H100 (80 GB SXM5),NVIDIA H100 80GB HBM3,7964af6ebe675c48d8719797603d3893,data/raw/native-dispatch-001-lambda-h100-p1-20260811T210728Z-p2682.csv,2ec4c6246c6c6287f443c749ebe6385ee9690a9a4eed00a9119cb96aad024395,256,8,cpu_cpp,placement,50,50,50,50,9552.0,9589.2,9609.57,,0,,,
native-dispatch-001-lambda-h100-p1,lambda,H100 (80 GB SXM5),NVIDIA H100 80GB HBM3,7964af6ebe675c48d8719797603d3893,data/raw/native-dispatch-001-lambda-h100-p1-20260811T210728Z-p2682.csv,2ec4c6246c6c6287f443c749ebe6385ee9690a9a4eed00a9119cb96aad024395,256,8,cuda_device_graph,placement,50,50,50,50,23332.5,24342.65,25311.969999999998,complete_parent_and_child_execution_environment,50,18304.0,19412.8,20367.359999999997
native-dispatch-001-lambda-h100-p1,lambda,H100 (80 GB SXM5),NVIDIA H100 80GB HBM3,7964af6ebe675c48d8719797603d3893,data/raw/native-dispatch-001-lambda-h100-p1-20260811T210728Z-p2682.csv,2ec4c6246c6c6287f443c749ebe6385ee9690a9a4eed00a9119cb96aad024395,256,8,cuda_host_graph,placement,50,50,50,50,16370.0,16586.5,17039.54,transition_kernels,50,10816.0,10979.2,11105.279999999999
native-dispatch-001-lambda-h100-p1,lambda,H100 (80 GB SXM5),NVIDIA H100 80GB HBM3,7964af6ebe675c48d8719797603d3893,data/raw/native-dispatch-001-lambda-h100-p1-20260811T210728Z-p2682.csv,2ec4c6246c6c6287f443c749ebe6385ee9690a9a4eed00a9119cb96aad024395,256,8,cuda_host_launch,placement,50,50,50,50,26667.5,28819.85,33220.36,transition_kernels,50,21712.0,23913.6,28295.039999999997
native-dispatch-001-lambda-h100-p1,lambda,H100 (80 GB SXM5),NVIDIA H100 80GB HBM3,7964af6ebe675c48d8719797603d3893,data/raw/native-dispatch-001-lambda-h100-p1-20260811T210728Z-p2682.csv,2ec4c6246c6c6287f443c749ebe6385ee9690a9a4eed00a9119cb96aad024395,256,64,cpu_cpp,placement,50,50,50,50,77712.0,82949.75,83635.56,,0,,,
native-dispatch-001-lambda-h100-p1,lambda,H100 (80 GB SXM5),NVIDIA H100 80GB HBM3,7964af6ebe675c48d8719797603d3893,data/raw/native-dispatch-001-lambda-h100-p1-20260811T210728Z-p2682.csv,2ec4c6246c6c6287f443c749ebe6385ee9690a9a4eed00a9119cb96aad024395,256,64,cuda_device_graph,placement,50,50,50,50,79419.5,80179.75,80387.6,complete_parent_and_child_execution_environment,50,74336.0,75185.6,75200.0
native-dispatch-001-lambda-h100-p1,lambda,H100 (80 GB SXM5),NVIDIA H100 80GB HBM3,7964af6ebe675c48d8719797603d3893,data/raw/native-dispatch-001-lambda-h100-p1-20260811T210728Z-p2682.csv,2ec4c6246c6c6287f443c749ebe6385ee9690a9a4eed00a9119cb96aad024395,256,64,cuda_host_graph,placement,50,50,50,50,72067.5,72385.55,74638.76999999999,transition_kernels,50,66464.0,66673.6,69265.91999999998
native-dispatch-001-lambda-h100-p1,lambda,H100 (80 GB SXM5),NVIDIA H100 80GB HBM3,7964af6ebe675c48d8719797603d3893,data/raw/native-dispatch-001-lambda-h100-p1-20260811T210728Z-p2682.csv,2ec4c6246c6c6287f443c749ebe6385ee9690a9a4eed00a9119cb96aad024395,256,64,cuda_host_launch,placement,50,50,50,50,160984.0,171752.0,174655.79,transition_kernels,50,156032.0,166726.4,169701.44
native-dispatch-001-lambda-h100-p1,lambda,H100 (80 GB SXM5),NVIDIA H100 80GB HBM3,7964af6ebe675c48d8719797603d3893,data/raw/native-dispatch-001-lambda-h100-p1-20260811T210728Z-p2682.csv,2ec4c6246c6c6287f443c749ebe6385ee9690a9a4eed00a9119cb96aad024395,2048,1,cpu_cpp,placement,50,50,50,50,8670.0,8701.1,8713.61,,0,,,
native-dispatch-001-lambda-h100-p1,lambda,H100 (80 GB SXM5),NVIDIA H100 80GB HBM3,7964af6ebe675c48d8719797603d3893,data/raw/native-dispatch-001-lambda-h100-p1-20260811T210728Z-p2682.csv,2ec4c6246c6c6287f443c749ebe6385ee9690a9a4eed00a9119cb96aad024395,2048,1,cuda_device_graph,placement,50,50,50,50,16494.0,17333.05,23096.469999999983,complete_parent_and_child_execution_environment,50,11568.0,12344.0,13117.119999999997
native-dispatch-001-lambda-h100-p1,lambda,H100 (80 GB SXM5),NVIDIA H100 80GB HBM3,7964af6ebe675c48d8719797603d3893,data/raw/native-dispatch-001-lambda-h100-p1-20260811T210728Z-p2682.csv,2ec4c6246c6c6287f443c749ebe6385ee9690a9a4eed00a9119cb96aad024395,2048,1,cuda_host_graph,placement,50,50,50,50,9316.5,9607.55,9650.89,transition_kernels,50,3760.0,3968.0,4000.64
native-dispatch-001-lambda-h100-p1,lambda,H100 (80 GB SXM5),NVIDIA H100 80GB HBM3,7964af6ebe675c48d8719797603d3893,data/raw/native-dispatch-001-lambda-h100-p1-20260811T210728Z-p2682.csv,2ec4c6246c6c6287f443c749ebe6385ee9690a9a4eed00a9119cb96aad024395,2048,1,cuda_host_launch,placement,50,50,50,50,9979.0,10532.599999999999,15958.419999999995,transition_kernels,50,5008.0,5612.799999999999,10939.519999999995
native-dispatch-001-lambda-h100-p1,lambda,H100 (80 GB SXM5),NVIDIA H100 80GB HBM3,7964af6ebe675c48d8719797603d3893,data/raw/native-dispatch-001-lambda-h100-p1-20260811T210728Z-p2682.csv,2ec4c6246c6c6287f443c749ebe6385ee9690a9a4eed00a9119cb96aad024395,2048,8,cpu_cpp,placement,50,50,50,50,75529.0,78715.89999999998,81037.83,,0,,,
native-dispatch-001-lambda-h100-p1,lambda,H100 (80 GB SXM5),NVIDIA H100 80GB HBM3,7964af6ebe675c48d8719797603d3893,data/raw/native-dispatch-001-lambda-h100-p1-20260811T210728Z-p2682.csv,2ec4c6246c6c6287f443c749ebe6385ee9690a9a4eed00a9119cb96aad024395,2048,8,cuda_device_graph,placement,50,50,50,50,24201.0,24992.6,25802.179999999997,complete_parent_and_child_execution_environment,50,19200.0,20003.2,20160.64
native-dispatch-001-lambda-h100-p1,lambda,H100 (80 GB SXM5),NVIDIA H100 80GB HBM3,7964af6ebe675c48d8719797603d3893,data/raw/native-dispatch-001-lambda-h100-p1-20260811T210728Z-p2682.csv,2ec4c6246c6c6287f443c749ebe6385ee9690a9a4eed00a9119cb96aad024395,2048,8,cuda_host_graph,placement,50,50,50,50,16868.5,17067.25,17167.18,transition_kernels,50,11296.0,11520.0,11664.32
native-dispatch-001-lambda-h100-p1,lambda,H100 (80 GB SXM5),NVIDIA H100 80GB HBM3,7964af6ebe675c48d8719797603d3893,data/raw/native-dispatch-001-lambda-h100-p1-20260811T210728Z-p2682.csv,2ec4c6246c6c6287f443c749ebe6385ee9690a9a4eed00a9119cb96aad024395,2048,8,cuda_host_launch,placement,50,50,50,50,27168.0,32328.799999999996,35436.549999999996,transition_kernels,50,22256.0,27111.999999999993,30537.919999999995
native-dispatch-001-lambda-h100-p1,lambda,H100 (80 GB SXM5),NVIDIA H100 80GB HBM3,7964af6ebe675c48d8719797603d3893,data/raw/native-dispatch-001-lambda-h100-p1-20260811T210728Z-p2682.csv,2ec4c6246c6c6287f443c749ebe6385ee9690a9a4eed00a9119cb96aad024395,2048,64,cpu_cpp,placement,50,50,50,50,625035.0,631964.35,632428.89,,0,,,
native-dispatch-001-lambda-h100-p1,lambda,H100 (80 GB SXM5),NVIDIA H100 80GB HBM3,7964af6ebe675c48d8719797603d3893,data/raw/native-dispatch-001-lambda-h100-p1-20260811T210728Z-p2682.csv,2ec4c6246c6c6287f443c749ebe6385ee9690a9a4eed00a9119cb96aad024395,2048,64,cuda_device_graph,placement,50,50,50,50,83643.0,84719.1,85225.37,complete_parent_and_child_execution_environment,50,78592.0,79601.6,79936.64
native-dispatch-001-lambda-h100-p1,lambda,H100 (80 GB SXM5),NVIDIA H100 80GB HBM3,7964af6ebe675c48d8719797603d3893,data/raw/native-dispatch-001-lambda-h100-p1-20260811T210728Z-p2682.csv,2ec4c6246c6c6287f443c749ebe6385ee9690a9a4eed00a9119cb96aad024395,2048,64,cuda_host_graph,placement,50,50,50,50,75884.0,76568.0,79040.34999999999,transition_kernels,50,70784.0,71043.2,71088.32
native-dispatch-001-lambda-h100-p1,lambda,H100 (80 GB SXM5),NVIDIA H100 80GB HBM3,7964af6ebe675c48d8719797603d3893,data/raw/native-dispatch-001-lambda-h100-p1-20260811T210728Z-p2682.csv,2ec4c6246c6c6287f443c749ebe6385ee9690a9a4eed00a9119cb96aad024395,2048,64,cuda_host_launch,placement,50,50,50,50,164041.5,173596.7,181302.24,transition_kernels,50,159056.0,168593.6,176295.68
native-dispatch-001-lambda-h100-p1,lambda,H100 (80 GB SXM5),NVIDIA H100 80GB HBM3,7964af6ebe675c48d8719797603d3893,data/raw/native-dispatch-001-lambda-h100-p1-20260811T210728Z-p2682.csv,2ec4c6246c6c6287f443c749ebe6385ee9690a9a4eed00a9119cb96aad024395,16384,1,cpu_cpp,placement,50,50,50,50,68827.0,75610.95,78253.51,,0,,,
native-dispatch-001-lambda-h100-p1,lambda,H100 (80 GB SXM5),NVIDIA H100 80GB HBM3,7964af6ebe675c48d8719797603d3893,data/raw/native-dispatch-001-lambda-h100-p1-20260811T210728Z-p2682.csv,2ec4c6246c6c6287f443c749ebe6385ee9690a9a4eed00a9119cb96aad024395,16384,1,cuda_device_graph,placement,50,50,50,50,16751.5,17344.65,17699.34,complete_parent_and_child_execution_environment,50,11808.0,12401.6,12771.84
native-dispatch-001-lambda-h100-p1,lambda,H100 (80 GB SXM5),NVIDIA H100 80GB HBM3,7964af6ebe675c48d8719797603d3893,data/raw/native-dispatch-001-lambda-h100-p1-20260811T210728Z-p2682.csv,2ec4c6246c6c6287f443c749ebe6385ee9690a9a4eed00a9119cb96aad024395,16384,1,cuda_host_graph,placement,50,50,50,50,8979.5,9419.35,10741.439999999995,transition_kernels,50,3952.0,4241.6,4384.0
native-dispatch-001-lambda-h100-p1,lambda,H100 (80 GB SXM5),NVIDIA H100 80GB HBM3,7964af6ebe675c48d8719797603d3893,data/raw/native-dispatch-001-lambda-h100-p1-20260811T210728Z-p2682.csv,2ec4c6246c6c6287f443c749ebe6385ee9690a9a4eed00a9119cb96aad024395,16384,1,cuda_host_launch,placement,50,50,50,50,10533.5,10925.25,10987.52,transition_kernels,50,5520.0,5937.6,6064.96
native-dispatch-001-lambda-h100-p1,lambda,H100 (80 GB SXM5),NVIDIA H100 80GB HBM3,7964af6ebe675c48d8719797603d3893,data/raw/native-dispatch-001-lambda-h100-p1-20260811T210728Z-p2682.csv,2ec4c6246c6c6287f443c749ebe6385ee9690a9a4eed00a9119cb96aad024395,16384,8,cpu_cpp,placement,50,50,50,50,610964.0,625975.4,635107.47,,0,,,
native-dispatch-001-lambda-h100-p1,lambda,H100 (80 GB SXM5),NVIDIA H100 80GB HBM3,7964af6ebe675c48d8719797603d3893,data/raw/native-dispatch-001-lambda-h100-p1-20260811T210728Z-p2682.csv,2ec4c6246c6c6287f443c749ebe6385ee9690a9a4eed00a9119cb96aad024395,16384,8,cuda_device_graph,placement,50,50,50,50,25912.5,26864.3,33641.73999999998,complete_parent_and_child_execution_environment,50,20944.0,21955.2,28677.439999999984
native-dispatch-001-lambda-h100-p1,lambda,H100 (80 GB SXM5),NVIDIA H100 80GB HBM3,7964af6ebe675c48d8719797603d3893,data/raw/native-dispatch-001-lambda-h100-p1-20260811T210728Z-p2682.csv,2ec4c6246c6c6287f443c749ebe6385ee9690a9a4eed00a9119cb96aad024395,16384,8,cuda_host_graph,placement,50,50,50,50,17517.0,18232.5,19063.839999999997,transition_kernels,50,12544.0,13158.4,14045.759999999997
native-dispatch-001-lambda-h100-p1,lambda,H100 (80 GB SXM5),NVIDIA H100 80GB HBM3,7964af6ebe675c48d8719797603d3893,data/raw/native-dispatch-001-lambda-h100-p1-20260811T210728Z-p2682.csv,2ec4c6246c6c6287f443c749ebe6385ee9690a9a4eed00a9119cb96aad024395,16384,8,cuda_host_launch,placement,50,50,50,50,27979.0,31795.49999999999,34260.79,transition_kernels,50,22960.0,24542.399999999998,28837.12
native-dispatch-001-lambda-h100-p1,lambda,H100 (80 GB SXM5),NVIDIA H100 80GB HBM3,7964af6ebe675c48d8719797603d3893,data/raw/native-dispatch-001-lambda-h100-p1-20260811T210728Z-p2682.csv,2ec4c6246c6c6287f443c749ebe6385ee9690a9a4eed00a9119cb96aad024395,16384,64,cpu_cpp,placement,50,50,50,50,5011056.0,5038903.35,5044558.81,,0,,,
native-dispatch-001-lambda-h100-p1,lambda,H100 (80 GB SXM5),NVIDIA H100 80GB HBM3,7964af6ebe675c48d8719797603d3893,data/raw/native-dispatch-001-lambda-h100-p1-20260811T210728Z-p2682.csv,2ec4c6246c6c6287f443c749ebe6385ee9690a9a4eed00a9119cb96aad024395,16384,64,cuda_device_graph,placement,50,50,50,50,90648.5,91925.35,92858.15,complete_parent_and_child_execution_environment,50,85696.0,86880.0,87933.76
native-dispatch-001-lambda-h100-p1,lambda,H100 (80 GB SXM5),NVIDIA H100 80GB HBM3,7964af6ebe675c48d8719797603d3893,data/raw/native-dispatch-001-lambda-h100-p1-20260811T210728Z-p2682.csv,2ec4c6246c6c6287f443c749ebe6385ee9690a9a4eed00a9119cb96aad024395,16384,64,cuda_host_graph,placement,50,50,50,50,83042.5,83868.0,86563.65999999999,transition_kernels,50,78080.0,78819.2,78992.96
native-dispatch-001-lambda-h100-p1,lambda,H100 (80 GB SXM5),NVIDIA H100 80GB HBM3,7964af6ebe675c48d8719797603d3893,data/raw/native-dispatch-001-lambda-h100-p1-20260811T210728Z-p2682.csv,2ec4c6246c6c6287f443c749ebe6385ee9690a9a4eed00a9119cb96aad024395,16384,64,cuda_host_launch,placement,50,50,50,50,164254.0,174003.6,177913.34,transition_kernels,50,159312.0,169044.8,172930.24
native-dispatch-001-local,local,GTX 1660 Ti,NVIDIA GeForce GTX 1660 Ti,50798f9011b9a145d0237e476534cf0c,data/raw/native-dispatch-001-local-20260811T205817Z-p3867952.csv,a5c1f4a349075b6e76116c4f52163b488ccdae32a7bf66e95fed752e363d3ac6,32,1,cpu_cpp,placement,50,50,50,50,158.0,176.0,180.54999999999998,,0,,,
native-dispatch-001-local,local,GTX 1660 Ti,NVIDIA GeForce GTX 1660 Ti,50798f9011b9a145d0237e476534cf0c,data/raw/native-dispatch-001-local-20260811T205817Z-p3867952.csv,a5c1f4a349075b6e76116c4f52163b488ccdae32a7bf66e95fed752e363d3ac6,32,1,cuda_device_graph,placement,50,50,50,50,11554.0,12056.05,12793.579999999998,complete_parent_and_child_execution_environment,50,8800.0,9571.2,10056.319999999998
native-dispatch-001-local,local,GTX 1660 Ti,NVIDIA GeForce GTX 1660 Ti,50798f9011b9a145d0237e476534cf0c,data/raw/native-dispatch-001-local-20260811T205817Z-p3867952.csv,a5c1f4a349075b6e76116c4f52163b488ccdae32a7bf66e95fed752e363d3ac6,32,1,cuda_host_graph,placement,50,50,50,50,5793.5,6131.4,6253.469999999999,transition_kernels,50,3248.0,3936.0,4048.96
native-dispatch-001-local,local,GTX 1660 Ti,NVIDIA GeForce GTX 1660 Ti,50798f9011b9a145d0237e476534cf0c,data/raw/native-dispatch-001-local-20260811T205817Z-p3867952.csv,a5c1f4a349075b6e76116c4f52163b488ccdae32a7bf66e95fed752e363d3ac6,32,1,cuda_host_launch,placement,50,50,50,50,6347.5,6650.75,8008.149999999996,transition_kernels,50,3888.0,4195.2,5423.999999999996
native-dispatch-001-local,local,GTX 1660 Ti,NVIDIA GeForce GTX 1660 Ti,50798f9011b9a145d0237e476534cf0c,data/raw/native-dispatch-001-local-20260811T205817Z-p3867952.csv,a5c1f4a349075b6e76116c4f52163b488ccdae32a7bf66e95fed752e363d3ac6,32,8,cpu_cpp,placement,50,50,50,50,1136.0,1162.95,1179.08,,0,,,
native-dispatch-001-local,local,GTX 1660 Ti,NVIDIA GeForce GTX 1660 Ti,50798f9011b9a145d0237e476534cf0c,data/raw/native-dispatch-001-local-20260811T205817Z-p3867952.csv,a5c1f4a349075b6e76116c4f52163b488ccdae32a7bf66e95fed752e363d3ac6,32,8,cuda_device_graph,placement,50,50,50,50,20462.0,20703.0,21718.469999999998,complete_parent_and_child_execution_environment,50,17808.0,18353.6,19345.92
native-dispatch-001-local,local,GTX 1660 Ti,NVIDIA GeForce GTX 1660 Ti,50798f9011b9a145d0237e476534cf0c,data/raw/native-dispatch-001-local-20260811T205817Z-p3867952.csv,a5c1f4a349075b6e76116c4f52163b488ccdae32a7bf66e95fed752e363d3ac6,32,8,cuda_host_graph,placement,50,50,50,50,13274.5,13671.199999999999,13766.14,transition_kernels,50,10624.0,11537.6,11600.32
native-dispatch-001-local,local,GTX 1660 Ti,NVIDIA GeForce GTX 1660 Ti,50798f9011b9a145d0237e476534cf0c,data/raw/native-dispatch-001-local-20260811T205817Z-p3867952.csv,a5c1f4a349075b6e76116c4f52163b488ccdae32a7bf66e95fed752e363d3ac6,32,8,cuda_host_launch,placement,50,50,50,50,17814.5,18114.15,18226.75,transition_kernels,50,15168.0,16017.05,16047.32
native-dispatch-001-local,local,GTX 1660 Ti,NVIDIA GeForce GTX 1660 Ti,50798f9011b9a145d0237e476534cf0c,data/raw/native-dispatch-001-local-20260811T205817Z-p3867952.csv,a5c1f4a349075b6e76116c4f52163b488ccdae32a7bf66e95fed752e363d3ac6,32,64,cpu_cpp,placement,50,50,50,50,9041.5,9084.55,10572.649999999994,,0,,,
native-dispatch-001-local,local,GTX 1660 Ti,NVIDIA GeForce GTX 1660 Ti,50798f9011b9a145d0237e476534cf0c,data/raw/native-dispatch-001-local-20260811T205817Z-p3867952.csv,a5c1f4a349075b6e76116c4f52163b488ccdae32a7bf66e95fed752e363d3ac6,32,64,cuda_device_graph,placement,50,50,50,50,102460.5,102859.45,102908.5,complete_parent_and_child_execution_environment,50,99840.0,100177.6,100272.96
native-dispatch-001-local,local,GTX 1660 Ti,NVIDIA GeForce GTX 1660 Ti,50798f9011b9a145d0237e476534cf0c,data/raw/native-dispatch-001-local-20260811T205817Z-p3867952.csv,a5c1f4a349075b6e76116c4f52163b488ccdae32a7bf66e95fed752e363d3ac6,32,64,cuda_host_graph,placement,50,50,50,50,84536.0,84916.8,85096.85,transition_kernels,50,81920.0,82659.2,82880.64
native-dispatch-001-local,local,GTX 1660 Ti,NVIDIA GeForce GTX 1660 Ti,50798f9011b9a145d0237e476534cf0c,data/raw/native-dispatch-001-local-20260811T205817Z-p3867952.csv,a5c1f4a349075b6e76116c4f52163b488ccdae32a7bf66e95fed752e363d3ac6,32,64,cuda_host_launch,placement,50,50,50,50,109717.0,111012.05,115587.23999999998,transition_kernels,50,107008.0,108454.4,113358.39999999998
native-dispatch-001-local,local,GTX 1660 Ti,NVIDIA GeForce GTX 1660 Ti,50798f9011b9a145d0237e476534cf0c,data/raw/native-dispatch-001-local-20260811T205817Z-p3867952.csv,a5c1f4a349075b6e76116c4f52163b488ccdae32a7bf66e95fed752e363d3ac6,256,1,cpu_cpp,placement,50,50,50,50,1047.0,1060.55,1066.0,,0,,,
native-dispatch-001-local,local,GTX 1660 Ti,NVIDIA GeForce GTX 1660 Ti,50798f9011b9a145d0237e476534cf0c,data/raw/native-dispatch-001-local-20260811T205817Z-p3867952.csv,a5c1f4a349075b6e76116c4f52163b488ccdae32a7bf66e95fed752e363d3ac6,256,1,cuda_device_graph,placement,50,50,50,50,11577.5,11931.55,12105.65,complete_parent_and_child_execution_environment,50,8640.0,9588.8,9777.6
native-dispatch-001-local,local,GTX 1660 Ti,NVIDIA GeForce GTX 1660 Ti,50798f9011b9a145d0237e476534cf0c,data/raw/native-dispatch-001-local-20260811T205817Z-p3867952.csv,a5c1f4a349075b6e76116c4f52163b488ccdae32a7bf66e95fed752e363d3ac6,256,1,cuda_host_graph,placement,50,50,50,50,5894.5,6285.799999999999,6604.129999999999,transition_kernels,50,3344.0,3921.6,4016.3199999999997
native-dispatch-001-local,local,GTX 1660 Ti,NVIDIA GeForce GTX 1660 Ti,50798f9011b9a145d0237e476534cf0c,data/raw/native-dispatch-001-local-20260811T205817Z-p3867952.csv,a5c1f4a349075b6e76116c4f52163b488ccdae32a7bf66e95fed752e363d3ac6,256,1,cuda_host_launch,placement,50,50,50,50,6410.5,6749.349999999999,8149.189999999995,transition_kernels,50,3968.0,4096.0,4193.92
native-dispatch-001-local,local,GTX 1660 Ti,NVIDIA GeForce GTX 1660 Ti,50798f9011b9a145d0237e476534cf0c,data/raw/native-dispatch-001-local-20260811T205817Z-p3867952.csv,a5c1f4a349075b6e76116c4f52163b488ccdae32a7bf66e95fed752e363d3ac6,256,8,cpu_cpp,placement,50,50,50,50,8730.5,8763.75,10067.929999999995,,0,,,
native-dispatch-001-local,local,GTX 1660 Ti,NVIDIA GeForce GTX 1660 Ti,50798f9011b9a145d0237e476534cf0c,data/raw/native-dispatch-001-local-20260811T205817Z-p3867952.csv,a5c1f4a349075b6e76116c4f52163b488ccdae32a7bf66e95fed752e363d3ac6,256,8,cuda_device_graph,placement,50,50,50,50,21584.0,21945.75,22304.1,complete_parent_and_child_execution_environment,50,18640.0,19508.8,19633.6
native-dispatch-001-local,local,GTX 1660 Ti,NVIDIA GeForce GTX 1660 Ti,50798f9011b9a145d0237e476534cf0c,data/raw/native-dispatch-001-local-20260811T205817Z-p3867952.csv,a5c1f4a349075b6e76116c4f52163b488ccdae32a7bf66e95fed752e363d3ac6,256,8,cuda_host_graph,placement,50,50,50,50,14299.0,14475.15,14508.24,transition_kernels,50,11840.0,12192.0,12288.0
native-dispatch-001-local,local,GTX 1660 Ti,NVIDIA GeForce GTX 1660 Ti,50798f9011b9a145d0237e476534cf0c,data/raw/native-dispatch-001-local-20260811T205817Z-p3867952.csv,a5c1f4a349075b6e76116c4f52163b488ccdae32a7bf66e95fed752e363d3ac6,256,8,cuda_host_launch,placement,50,50,50,50,18609.5,18872.4,18939.15,transition_kernels,50,16160.0,16384.0,16384.0
native-dispatch-001-local,local,GTX 1660 Ti,NVIDIA GeForce GTX 1660 Ti,50798f9011b9a145d0237e476534cf0c,data/raw/native-dispatch-001-local-20260811T205817Z-p3867952.csv,a5c1f4a349075b6e76116c4f52163b488ccdae32a7bf66e95fed752e363d3ac6,256,64,cpu_cpp,placement,50,50,50,50,70673.5,73459.75,73610.46,,0,,,
native-dispatch-001-local,local,GTX 1660 Ti,NVIDIA GeForce GTX 1660 Ti,50798f9011b9a145d0237e476534cf0c,data/raw/native-dispatch-001-local-20260811T205817Z-p3867952.csv,a5c1f4a349075b6e76116c4f52163b488ccdae32a7bf66e95fed752e363d3ac6,256,64,cuda_device_graph,placement,50,50,50,50,109917.5,110349.1,110431.54,complete_parent_and_child_execution_environment,50,106912.0,108003.2,108178.24
native-dispatch-001-local,local,GTX 1660 Ti,NVIDIA GeForce GTX 1660 Ti,50798f9011b9a145d0237e476534cf0c,data/raw/native-dispatch-001-local-20260811T205817Z-p3867952.csv,a5c1f4a349075b6e76116c4f52163b488ccdae32a7bf66e95fed752e363d3ac6,256,64,cuda_host_graph,placement,50,50,50,50,92378.5,92684.85,92859.76,transition_kernels,50,89856.0,90112.0,90160.32
native-dispatch-001-local,local,GTX 1660 Ti,NVIDIA GeForce GTX 1660 Ti,50798f9011b9a145d0237e476534cf0c,data/raw/native-dispatch-001-local-20260811T205817Z-p3867952.csv,a5c1f4a349075b6e76116c4f52163b488ccdae32a7bf66e95fed752e363d3ac6,256,64,cuda_host_launch,placement,50,50,50,50,115785.0,116617.85,117092.34,transition_kernels,50,112928.0,114324.8,114531.2
native-dispatch-001-local,local,GTX 1660 Ti,NVIDIA GeForce GTX 1660 Ti,50798f9011b9a145d0237e476534cf0c,data/raw/native-dispatch-001-local-20260811T205817Z-p3867952.csv,a5c1f4a349075b6e76116c4f52163b488ccdae32a7bf66e95fed752e363d3ac6,2048,1,cpu_cpp,placement,50,50,50,50,8139.0,8214.2,8225.61,,0,,,
native-dispatch-001-local,local,GTX 1660 Ti,NVIDIA GeForce GTX 1660 Ti,50798f9011b9a145d0237e476534cf0c,data/raw/native-dispatch-001-local-20260811T205817Z-p3867952.csv,a5c1f4a349075b6e76116c4f52163b488ccdae32a7bf66e95fed752e363d3ac6,2048,1,cuda_device_graph,placement,50,50,50,50,11669.5,12090.35,13303.029999999995,complete_parent_and_child_execution_environment,50,8768.0,9553.6,9680.32
native-dispatch-001-local,local,GTX 1660 Ti,NVIDIA GeForce GTX 1660 Ti,50798f9011b9a145d0237e476534cf0c,data/raw/native-dispatch-001-local-20260811T205817Z-p3867952.csv,a5c1f4a349075b6e76116c4f52163b488ccdae32a7bf66e95fed752e363d3ac6,2048,1,cuda_host_graph,placement,50,50,50,50,6025.5,6231.65,6283.26,transition_kernels,50,3536.0,4032.0,4096.0
native-dispatch-001-local,local,GTX 1660 Ti,NVIDIA GeForce GTX 1660 Ti,50798f9011b9a145d0237e476534cf0c,data/raw/native-dispatch-001-local-20260811T205817Z-p3867952.csv,a5c1f4a349075b6e76116c4f52163b488ccdae32a7bf66e95fed752e363d3ac6,2048,1,cuda_host_launch,placement,50,50,50,50,6618.0,6872.599999999999,25207.36999999993,transition_kernels,50,4096.0,4291.2,9980.479999999978
native-dispatch-001-local,local,GTX 1660 Ti,NVIDIA GeForce GTX 1660 Ti,50798f9011b9a145d0237e476534cf0c,data/raw/native-dispatch-001-local-20260811T205817Z-p3867952.csv,a5c1f4a349075b6e76116c4f52163b488ccdae32a7bf66e95fed752e363d3ac6,2048,8,cpu_cpp,placement,50,50,50,50,69257.0,70891.34999999999,72186.36,,0,,,
native-dispatch-001-local,local,GTX 1660 Ti,NVIDIA GeForce GTX 1660 Ti,50798f9011b9a145d0237e476534cf0c,data/raw/native-dispatch-001-local-20260811T205817Z-p3867952.csv,a5c1f4a349075b6e76116c4f52163b488ccdae32a7bf66e95fed752e363d3ac6,2048,8,cuda_device_graph,placement,50,50,50,50,22116.5,22321.15,22371.75,complete_parent_and_child_execution_environment,50,19216.0,19921.6,19968.64
native-dispatch-001-local,local,GTX 1660 Ti,NVIDIA GeForce GTX 1660 Ti,50798f9011b9a145d0237e476534cf0c,data/raw/native-dispatch-001-local-20260811T205817Z-p3867952.csv,a5c1f4a349075b6e76116c4f52163b488ccdae32a7bf66e95fed752e363d3ac6,2048,8,cuda_host_graph,placement,50,50,50,50,14788.0,15156.15,16147.339999999997,transition_kernels,50,12272.0,12384.0,12497.6
native-dispatch-001-local,local,GTX 1660 Ti,NVIDIA GeForce GTX 1660 Ti,50798f9011b9a145d0237e476534cf0c,data/raw/native-dispatch-001-local-20260811T205817Z-p3867952.csv,a5c1f4a349075b6e76116c4f52163b488ccdae32a7bf66e95fed752e363d3ac6,2048,8,cuda_host_launch,placement,50,50,50,50,19422.0,19816.1,21303.899999999994,transition_kernels,50,16768.0,17553.6,19100.159999999996
native-dispatch-001-local,local,GTX 1660 Ti,NVIDIA GeForce GTX 1660 Ti,50798f9011b9a145d0237e476534cf0c,data/raw/native-dispatch-001-local-20260811T205817Z-p3867952.csv,a5c1f4a349075b6e76116c4f52163b488ccdae32a7bf66e95fed752e363d3ac6,2048,64,cpu_cpp,placement,50,50,50,50,568404.5,598380.85,607622.72,,0,,,
native-dispatch-001-local,local,GTX 1660 Ti,NVIDIA GeForce GTX 1660 Ti,50798f9011b9a145d0237e476534cf0c,data/raw/native-dispatch-001-local-20260811T205817Z-p3867952.csv,a5c1f4a349075b6e76116c4f52163b488ccdae32a7bf66e95fed752e363d3ac6,2048,64,cuda_device_graph,placement,50,50,50,50,114245.0,114856.85,115098.28,complete_parent_and_child_execution_environment,50,111184.0,112227.2,112465.6
native-dispatch-001-local,local,GTX 1660 Ti,NVIDIA GeForce GTX 1660 Ti,50798f9011b9a145d0237e476534cf0c,data/raw/native-dispatch-001-local-20260811T205817Z-p3867952.csv,a5c1f4a349075b6e76116c4f52163b488ccdae32a7bf66e95fed752e363d3ac6,2048,64,cuda_host_graph,placement,50,50,50,50,97393.0,98004.15,112345.86999999997,transition_kernels,50,94656.0,95488.0,104691.83999999997
native-dispatch-001-local,local,GTX 1660 Ti,NVIDIA GeForce GTX 1660 Ti,50798f9011b9a145d0237e476534cf0c,data/raw/native-dispatch-001-local-20260811T205817Z-p3867952.csv,a5c1f4a349075b6e76116c4f52163b488ccdae32a7bf66e95fed752e363d3ac6,2048,64,cuda_host_launch,placement,50,50,50,50,121389.0,122407.4,126764.41999999998,transition_kernels,50,118768.0,120169.6,123778.55999999998
native-dispatch-001-local,local,GTX 1660 Ti,NVIDIA GeForce GTX 1660 Ti,50798f9011b9a145d0237e476534cf0c,data/raw/native-dispatch-001-local-20260811T205817Z-p3867952.csv,a5c1f4a349075b6e76116c4f52163b488ccdae32a7bf66e95fed752e363d3ac6,16384,1,cpu_cpp,placement,50,50,50,50,64811.5,66425.4,67905.18,,0,,,
native-dispatch-001-local,local,GTX 1660 Ti,NVIDIA GeForce GTX 1660 Ti,50798f9011b9a145d0237e476534cf0c,data/raw/native-dispatch-001-local-20260811T205817Z-p3867952.csv,a5c1f4a349075b6e76116c4f52163b488ccdae32a7bf66e95fed752e363d3ac6,16384,1,cuda_device_graph,placement,50,50,50,50,12474.5,13035.1,13232.41,complete_parent_and_child_execution_environment,50,9872.0,10240.0,10240.0
native-dispatch-001-local,local,GTX 1660 Ti,NVIDIA GeForce GTX 1660 Ti,50798f9011b9a145d0237e476534cf0c,data/raw/native-dispatch-001-local-20260811T205817Z-p3867952.csv,a5c1f4a349075b6e76116c4f52163b488ccdae32a7bf66e95fed752e363d3ac6,16384,1,cuda_host_graph,placement,50,50,50,50,6629.0,6870.55,7163.29,transition_kernels,50,4096.0,4529.6,4880.32
native-dispatch-001-local,local,GTX 1660 Ti,NVIDIA GeForce GTX 1660 Ti,50798f9011b9a145d0237e476534cf0c,data/raw/native-dispatch-001-local-20260811T205817Z-p3867952.csv,a5c1f4a349075b6e76116c4f52163b488ccdae32a7bf66e95fed752e363d3ac6,16384,1,cuda_host_launch,placement,50,50,50,50,7283.0,7951.849999999999,10050.119999999999,transition_kernels,50,4880.0,5908.799999999999,7956.799999999999
native-dispatch-001-local,local,GTX 1660 Ti,NVIDIA GeForce GTX 1660 Ti,50798f9011b9a145d0237e476534cf0c,data/raw/native-dispatch-001-local-20260811T205817Z-p3867952.csv,a5c1f4a349075b6e76116c4f52163b488ccdae32a7bf66e95fed752e363d3ac6,16384,8,cpu_cpp,placement,50,50,50,50,554509.5,596614.65,627253.82,,0,,,
native-dispatch-001-local,local,GTX 1660 Ti,NVIDIA GeForce GTX 1660 Ti,50798f9011b9a145d0237e476534cf0c,data/raw/native-dispatch-001-local-20260811T205817Z-p3867952.csv,a5c1f4a349075b6e76116c4f52163b488ccdae32a7bf66e95fed752e363d3ac6,16384,8,cuda_device_graph,placement,50,50,50,50,26981.0,27629.35,30834.529999999988,complete_parent_and_child_execution_environment,50,24272.0,24980.8,27092.159999999993
native-dispatch-001-local,local,GTX 1660 Ti,NVIDIA GeForce GTX 1660 Ti,50798f9011b9a145d0237e476534cf0c,data/raw/native-dispatch-001-local-20260811T205817Z-p3867952.csv,a5c1f4a349075b6e76116c4f52163b488ccdae32a7bf66e95fed752e363d3ac6,16384,8,cuda_host_graph,placement,50,50,50,50,19498.0,19912.55,20694.719999999998,transition_kernels,50,16976.0,17827.2,18114.559999999998
native-dispatch-001-local,local,GTX 1660 Ti,NVIDIA GeForce GTX 1660 Ti,50798f9011b9a145d0237e476534cf0c,data/raw/native-dispatch-001-local-20260811T205817Z-p3867952.csv,a5c1f4a349075b6e76116c4f52163b488ccdae32a7bf66e95fed752e363d3ac6,16384,8,cuda_host_launch,placement,50,50,50,50,24384.5,24966.4,26320.549999999996,transition_kernels,50,21984.0,22464.0,22528.64
native-dispatch-001-local,local,GTX 1660 Ti,NVIDIA GeForce GTX 1660 Ti,50798f9011b9a145d0237e476534cf0c,data/raw/native-dispatch-001-local-20260811T205817Z-p3867952.csv,a5c1f4a349075b6e76116c4f52163b488ccdae32a7bf66e95fed752e363d3ac6,16384,64,cpu_cpp,placement,50,50,50,50,4636033.5,4700980.5,4766733.1,,0,,,
native-dispatch-001-local,local,GTX 1660 Ti,NVIDIA GeForce GTX 1660 Ti,50798f9011b9a145d0237e476534cf0c,data/raw/native-dispatch-001-local-20260811T205817Z-p3867952.csv,a5c1f4a349075b6e76116c4f52163b488ccdae32a7bf66e95fed752e363d3ac6,16384,64,cuda_device_graph,placement,50,50,50,50,155674.0,158022.45,161918.09,complete_parent_and_child_execution_environment,50,153168.0,154872.0,155652.48
native-dispatch-001-local,local,GTX 1660 Ti,NVIDIA GeForce GTX 1660 Ti,50798f9011b9a145d0237e476534cf0c,data/raw/native-dispatch-001-local-20260811T205817Z-p3867952.csv,a5c1f4a349075b6e76116c4f52163b488ccdae32a7bf66e95fed752e363d3ac6,16384,64,cuda_host_graph,placement,50,50,50,50,134836.5,136454.3,136707.58,transition_kernels,50,132096.0,134225.6,134497.92
native-dispatch-001-local,local,GTX 1660 Ti,NVIDIA GeForce GTX 1660 Ti,50798f9011b9a145d0237e476534cf0c,data/raw/native-dispatch-001-local-20260811T205817Z-p3867952.csv,a5c1f4a349075b6e76116c4f52163b488ccdae32a7bf66e95fed752e363d3ac6,16384,64,cuda_host_launch,placement,50,50,50,50,159578.0,161477.85,168011.58999999997,transition_kernels,50,157360.0,158566.4,159313.6
native-dispatch-001-modal-l4-p1,modal,L4,NVIDIA L4,7aa089db4b574bf77f4eca092af33188,data/raw/native-dispatch-001-modal-l4-p1-20260811T205922Z-p117.csv,2ec4c6246c6c6287f443c749ebe6385ee9690a9a4eed00a9119cb96aad024395,32,1,cpu_cpp,placement,50,50,50,50,272.0,335.84999999999997,434.65999999999985,,0,,,
native-dispatch-001-modal-l4-p1,modal,L4,NVIDIA L4,7aa089db4b574bf77f4eca092af33188,data/raw/native-dispatch-001-modal-l4-p1-20260811T205922Z-p117.csv,2ec4c6246c6c6287f443c749ebe6385ee9690a9a4eed00a9119cb96aad024395,32,1,cuda_device_graph,placement,50,50,50,50,16239.5,20088.049999999996,21616.839999999997,complete_parent_and_child_execution_environment,50,10240.0,13875.199999999997,16404.479999999996
native-dispatch-001-modal-l4-p1,modal,L4,NVIDIA L4,7aa089db4b574bf77f4eca092af33188,data/raw/native-dispatch-001-modal-l4-p1-20260811T205922Z-p117.csv,2ec4c6246c6c6287f443c749ebe6385ee9690a9a4eed00a9119cb96aad024395,32,1,cuda_host_graph,placement,50,50,50,50,10298.0,15068.3,16500.17,transition_kernels,50,5120.0,9216.0,11317.119999999995
native-dispatch-001-modal-l4-p1,modal,L4,NVIDIA L4,7aa089db4b574bf77f4eca092af33188,data/raw/native-dispatch-001-modal-l4-p1-20260811T205922Z-p117.csv,2ec4c6246c6c6287f443c749ebe6385ee9690a9a4eed00a9119cb96aad024395,32,1,cuda_host_launch,placement,50,50,50,50,11208.0,16387.949999999997,20466.75,transition_kernels,50,6144.0,9779.199999999997,14378.23999999999
native-dispatch-001-modal-l4-p1,modal,L4,NVIDIA L4,7aa089db4b574bf77f4eca092af33188,data/raw/native-dispatch-001-modal-l4-p1-20260811T205922Z-p117.csv,2ec4c6246c6c6287f443c749ebe6385ee9690a9a4eed00a9119cb96aad024395,32,8,cpu_cpp,placement,50,50,50,50,1842.5,1925.75,2035.2299999999998,,0,,,
native-dispatch-001-modal-l4-p1,modal,L4,NVIDIA L4,7aa089db4b574bf77f4eca092af33188,data/raw/native-dispatch-001-modal-l4-p1-20260811T205922Z-p117.csv,2ec4c6246c6c6287f443c749ebe6385ee9690a9a4eed00a9119cb96aad024395,32,8,cuda_device_graph,placement,50,50,50,50,22980.0,24309.8,26737.499999999996,complete_parent_and_child_execution_environment,50,17408.0,18432.0,21002.239999999998
native-dispatch-001-modal-l4-p1,modal,L4,NVIDIA L4,7aa089db4b574bf77f4eca092af33188,data/raw/native-dispatch-001-modal-l4-p1-20260811T205922Z-p117.csv,2ec4c6246c6c6287f443c749ebe6385ee9690a9a4eed00a9119cb96aad024395,32,8,cuda_host_graph,placement,50,50,50,50,16971.5,17685.45,19888.739999999994,transition_kernels,50,11264.0,12288.0,12810.239999999998
native-dispatch-001-modal-l4-p1,modal,L4,NVIDIA L4,7aa089db4b574bf77f4eca092af33188,data/raw/native-dispatch-001-modal-l4-p1-20260811T205922Z-p117.csv,2ec4c6246c6c6287f443c749ebe6385ee9690a9a4eed00a9119cb96aad024395,32,8,cuda_host_launch,placement,50,50,50,50,32180.0,39427.25,42741.46,transition_kernels,50,26624.0,32476.799999999985,37877.119999999995
native-dispatch-001-modal-l4-p1,modal,L4,NVIDIA L4,7aa089db4b574bf77f4eca092af33188,data/raw/native-dispatch-001-modal-l4-p1-20260811T205922Z-p117.csv,2ec4c6246c6c6287f443c749ebe6385ee9690a9a4eed00a9119cb96aad024395,32,64,cpu_cpp,placement,50,50,50,50,14590.5,14697.85,20811.299999999977,,0,,,
native-dispatch-001-modal-l4-p1,modal,L4,NVIDIA L4,7aa089db4b574bf77f4eca092af33188,data/raw/native-dispatch-001-modal-l4-p1-20260811T205922Z-p117.csv,2ec4c6246c6c6287f443c749ebe6385ee9690a9a4eed00a9119cb96aad024395,32,64,cuda_device_graph,placement,50,50,50,50,77284.0,81221.9,83719.06,complete_parent_and_child_execution_environment,50,71680.0,76339.2,82462.72
native-dispatch-001-modal-l4-p1,modal,L4,NVIDIA L4,7aa089db4b574bf77f4eca092af33188,data/raw/native-dispatch-001-modal-l4-p1-20260811T205922Z-p117.csv,2ec4c6246c6c6287f443c749ebe6385ee9690a9a4eed00a9119cb96aad024395,32,64,cuda_host_graph,placement,50,50,50,50,71020.5,73970.15,76487.87,transition_kernels,50,65536.0,68147.2,71684.15999999999
native-dispatch-001-modal-l4-p1,modal,L4,NVIDIA L4,7aa089db4b574bf77f4eca092af33188,data/raw/native-dispatch-001-modal-l4-p1-20260811T205922Z-p117.csv,2ec4c6246c6c6287f443c749ebe6385ee9690a9a4eed00a9119cb96aad024395,32,64,cuda_host_launch,placement,50,50,50,50,197796.5,212726.3,245632.07999999996,transition_kernels,50,191984.0,207411.2,240844.79999999996
native-dispatch-001-modal-l4-p1,modal,L4,NVIDIA L4,7aa089db4b574bf77f4eca092af33188,data/raw/native-dispatch-001-modal-l4-p1-20260811T205922Z-p117.csv,2ec4c6246c6c6287f443c749ebe6385ee9690a9a4eed00a9119cb96aad024395,256,1,cpu_cpp,placement,50,50,50,50,1736.0,1759.65,1807.35,,0,,,
native-dispatch-001-modal-l4-p1,modal,L4,NVIDIA L4,7aa089db4b574bf77f4eca092af33188,data/raw/native-dispatch-001-modal-l4-p1-20260811T205922Z-p117.csv,2ec4c6246c6c6287f443c749ebe6385ee9690a9a4eed00a9119cb96aad024395,256,1,cuda_device_graph,placement,50,50,50,50,16311.0,22744.349999999995,24002.71,complete_parent_and_child_execution_environment,50,11264.0,12815.999999999996,17883.199999999997
native-dispatch-001-modal-l4-p1,modal,L4,NVIDIA L4,7aa089db4b574bf77f4eca092af33188,data/raw/native-dispatch-001-modal-l4-p1-20260811T205922Z-p117.csv,2ec4c6246c6c6287f443c749ebe6385ee9690a9a4eed00a9119cb96aad024395,256,1,cuda_host_graph,placement,50,50,50,50,9816.0,13798.44999999999,20057.979999999996,transition_kernels,50,5120.0,5683.199999999997,15882.239999999998
native-dispatch-001-modal-l4-p1,modal,L4,NVIDIA L4,7aa089db4b574bf77f4eca092af33188,data/raw/native-dispatch-001-modal-l4-p1-20260811T205922Z-p117.csv,2ec4c6246c6c6287f443c749ebe6385ee9690a9a4eed00a9119cb96aad024395,256,1,cuda_host_launch,placement,50,50,50,50,11479.5,12697.449999999999,20223.789999999986,transition_kernels,50,6144.0,7731.199999999997,10280.959999999992
native-dispatch-001-modal-l4-p1,modal,L4,NVIDIA L4,7aa089db4b574bf77f4eca092af33188,data/raw/native-dispatch-001-modal-l4-p1-20260811T205922Z-p117.csv,2ec4c6246c6c6287f443c749ebe6385ee9690a9a4eed00a9119cb96aad024395,256,8,cpu_cpp,placement,50,50,50,50,14144.5,14351.849999999999,20914.73999999999,,0,,,
native-dispatch-001-modal-l4-p1,modal,L4,NVIDIA L4,7aa089db4b574bf77f4eca092af33188,data/raw/native-dispatch-001-modal-l4-p1-20260811T205922Z-p117.csv,2ec4c6246c6c6287f443c749ebe6385ee9690a9a4eed00a9119cb96aad024395,256,8,cuda_device_graph,placement,50,50,50,50,23609.0,30420.999999999993,36903.89999999998,complete_parent_and_child_execution_environment,50,18368.0,24217.59999999999,31324.15999999998
native-dispatch-001-modal-l4-p1,modal,L4,NVIDIA L4,7aa089db4b574bf77f4eca092af33188,data/raw/native-dispatch-001-modal-l4-p1-20260811T205922Z-p117.csv,2ec4c6246c6c6287f443c749ebe6385ee9690a9a4eed00a9119cb96aad024395,256,8,cuda_host_graph,placement,50,50,50,50,17641.0,20118.05,21331.709999999995,transition_kernels,50,12288.0,14899.199999999997,15882.239999999998
native-dispatch-001-modal-l4-p1,modal,L4,NVIDIA L4,7aa089db4b574bf77f4eca092af33188,data/raw/native-dispatch-001-modal-l4-p1-20260811T205922Z-p117.csv,2ec4c6246c6c6287f443c749ebe6385ee9690a9a4eed00a9119cb96aad024395,256,8,cuda_host_launch,placement,50,50,50,50,31742.0,36019.45,43566.21999999998,transition_kernels,50,26624.0,30720.0,38475.83999999998
native-dispatch-001-modal-l4-p1,modal,L4,NVIDIA L4,7aa089db4b574bf77f4eca092af33188,data/raw/native-dispatch-001-modal-l4-p1-20260811T205922Z-p117.csv,2ec4c6246c6c6287f443c749ebe6385ee9690a9a4eed00a9119cb96aad024395,256,64,cpu_cpp,placement,50,50,50,50,116042.0,125224.95,135924.24999999997,,0,,,
native-dispatch-001-modal-l4-p1,modal,L4,NVIDIA L4,7aa089db4b574bf77f4eca092af33188,data/raw/native-dispatch-001-modal-l4-p1-20260811T205922Z-p117.csv,2ec4c6246c6c6287f443c749ebe6385ee9690a9a4eed00a9119cb96aad024395,256,64,cuda_device_graph,placement,50,50,50,50,81166.0,84870.5,88176.01999999999,complete_parent_and_child_execution_environment,50,75776.0,78950.4,79872.0
native-dispatch-001-modal-l4-p1,modal,L4,NVIDIA L4,7aa089db4b574bf77f4eca092af33188,data/raw/native-dispatch-001-modal-l4-p1-20260811T205922Z-p117.csv,2ec4c6246c6c6287f443c749ebe6385ee9690a9a4eed00a9119cb96aad024395,256,64,cuda_host_graph,placement,50,50,50,50,75053.0,77800.75,79641.42,transition_kernels,50,69632.0,72243.2,74250.23999999999
native-dispatch-001-modal-l4-p1,modal,L4,NVIDIA L4,7aa089db4b574bf77f4eca092af33188,data/raw/native-dispatch-001-modal-l4-p1-20260811T205922Z-p117.csv,2ec4c6246c6c6287f443c749ebe6385ee9690a9a4eed00a9119cb96aad024395,256,64,cuda_host_launch,placement,50,50,50,50,191464.0,204036.25,211641.25,transition_kernels,50,186368.0,198641.6,206346.24
native-dispatch-001-modal-l4-p1,modal,L4,NVIDIA L4,7aa089db4b574bf77f4eca092af33188,data/raw/native-dispatch-001-modal-l4-p1-20260811T205922Z-p117.csv,2ec4c6246c6c6287f443c749ebe6385ee9690a9a4eed00a9119cb96aad024395,2048,1,cpu_cpp,placement,50,50,50,50,13330.5,13431.5,13455.55,,0,,,
native-dispatch-001-modal-l4-p1,modal,L4,NVIDIA L4,7aa089db4b574bf77f4eca092af33188,data/raw/native-dispatch-001-modal-l4-p1-20260811T205922Z-p117.csv,2ec4c6246c6c6287f443c749ebe6385ee9690a9a4eed00a9119cb96aad024395,2048,1,cuda_device_graph,placement,50,50,50,50,16304.0,19995.949999999997,29792.909999999985,complete_parent_and_child_execution_environment,50,10240.0,13831.999999999996,24637.439999999988
native-dispatch-001-modal-l4-p1,modal,L4,NVIDIA L4,7aa089db4b574bf77f4eca092af33188,data/raw/native-dispatch-001-modal-l4-p1-20260811T205922Z-p117.csv,2ec4c6246c6c6287f443c749ebe6385ee9690a9a4eed00a9119cb96aad024395,2048,1,cuda_host_graph,placement,50,50,50,50,10289.5,12695.699999999995,18991.779999999995,transition_kernels,50,5120.0,7766.399999999997,13854.719999999994
native-dispatch-001-modal-l4-p1,modal,L4,NVIDIA L4,7aa089db4b574bf77f4eca092af33188,data/raw/native-dispatch-001-modal-l4-p1-20260811T205922Z-p117.csv,2ec4c6246c6c6287f443c749ebe6385ee9690a9a4eed00a9119cb96aad024395,2048,1,cuda_host_launch,placement,50,50,50,50,11234.5,15447.75,19620.15999999999,transition_kernels,50,6144.0,10240.0,16404.479999999996
native-dispatch-001-modal-l4-p1,modal,L4,NVIDIA L4,7aa089db4b574bf77f4eca092af33188,data/raw/native-dispatch-001-modal-l4-p1-20260811T205922Z-p117.csv,2ec4c6246c6c6287f443c749ebe6385ee9690a9a4eed00a9119cb96aad024395,2048,8,cpu_cpp,placement,50,50,50,50,113653.0,121323.75,122262.24,,0,,,
native-dispatch-001-modal-l4-p1,modal,L4,NVIDIA L4,7aa089db4b574bf77f4eca092af33188,data/raw/native-dispatch-001-modal-l4-p1-20260811T205922Z-p117.csv,2ec4c6246c6c6287f443c749ebe6385ee9690a9a4eed00a9119cb96aad024395,2048,8,cuda_device_graph,placement,50,50,50,50,23927.5,29329.499999999996,33050.469999999994,complete_parent_and_child_execution_environment,50,18432.0,23654.399999999994,28170.239999999998
native-dispatch-001-modal-l4-p1,modal,L4,NVIDIA L4,7aa089db4b574bf77f4eca092af33188,data/raw/native-dispatch-001-modal-l4-p1-20260811T205922Z-p117.csv,2ec4c6246c6c6287f443c749ebe6385ee9690a9a4eed00a9119cb96aad024395,2048,8,cuda_host_graph,placement,50,50,50,50,17758.5,20791.5,32130.51999999999,transition_kernels,50,12288.0,15923.199999999997,17428.479999999996
native-dispatch-001-modal-l4-p1,modal,L4,NVIDIA L4,7aa089db4b574bf77f4eca092af33188,data/raw/native-dispatch-001-modal-l4-p1-20260811T205922Z-p117.csv,2ec4c6246c6c6287f443c749ebe6385ee9690a9a4eed00a9119cb96aad024395,2048,8,cuda_host_launch,placement,50,50,50,50,31851.5,38158.299999999996,42351.34,transition_kernels,50,26624.0,33331.2,37908.479999999996
native-dispatch-001-modal-l4-p1,modal,L4,NVIDIA L4,7aa089db4b574bf77f4eca092af33188,data/raw/native-dispatch-001-modal-l4-p1-20260811T205922Z-p117.csv,2ec4c6246c6c6287f443c749ebe6385ee9690a9a4eed00a9119cb96aad024395,2048,64,cpu_cpp,placement,50,50,50,50,935676.5,948709.65,950820.36,,0,,,
native-dispatch-001-modal-l4-p1,modal,L4,NVIDIA L4,7aa089db4b574bf77f4eca092af33188,data/raw/native-dispatch-001-modal-l4-p1-20260811T205922Z-p117.csv,2ec4c6246c6c6287f443c749ebe6385ee9690a9a4eed00a9119cb96aad024395,2048,64,cuda_device_graph,placement,50,50,50,50,81809.0,91396.59999999999,96993.46999999999,complete_parent_and_child_execution_environment,50,75776.0,80435.2,90643.84
native-dispatch-001-modal-l4-p1,modal,L4,NVIDIA L4,7aa089db4b574bf77f4eca092af33188,data/raw/native-dispatch-001-modal-l4-p1-20260811T205922Z-p117.csv,2ec4c6246c6c6287f443c749ebe6385ee9690a9a4eed00a9119cb96aad024395,2048,64,cuda_host_graph,placement,50,50,50,50,75411.5,79224.75,86843.37999999998,transition_kernels,50,69632.0,72704.0,81528.95999999996
native-dispatch-001-modal-l4-p1,modal,L4,NVIDIA L4,7aa089db4b574bf77f4eca092af33188,data/raw/native-dispatch-001-modal-l4-p1-20260811T205922Z-p117.csv,2ec4c6246c6c6287f443c749ebe6385ee9690a9a4eed00a9119cb96aad024395,2048,64,cuda_host_launch,placement,50,50,50,50,195745.0,210704.19999999998,223839.69999999995,transition_kernels,50,189952.0,203417.59999999998,218275.83999999997
native-dispatch-001-modal-l4-p1,modal,L4,NVIDIA L4,7aa089db4b574bf77f4eca092af33188,data/raw/native-dispatch-001-modal-l4-p1-20260811T205922Z-p117.csv,2ec4c6246c6c6287f443c749ebe6385ee9690a9a4eed00a9119cb96aad024395,16384,1,cpu_cpp,placement,50,50,50,50,105914.0,116701.9,120991.09,,0,,,
native-dispatch-001-modal-l4-p1,modal,L4,NVIDIA L4,7aa089db4b574bf77f4eca092af33188,data/raw/native-dispatch-001-modal-l4-p1-20260811T205922Z-p117.csv,2ec4c6246c6c6287f443c749ebe6385ee9690a9a4eed00a9119cb96aad024395,16384,1,cuda_device_graph,placement,50,50,50,50,18613.5,23181.85,26910.119999999988,complete_parent_and_child_execution_environment,50,13312.0,16384.0,17408.0
native-dispatch-001-modal-l4-p1,modal,L4,NVIDIA L4,7aa089db4b574bf77f4eca092af33188,data/raw/native-dispatch-001-modal-l4-p1-20260811T205922Z-p117.csv,2ec4c6246c6c6287f443c749ebe6385ee9690a9a4eed00a9119cb96aad024395,16384,1,cuda_host_graph,placement,50,50,50,50,11867.5,15688.599999999999,16680.809999999998,transition_kernels,50,6624.0,11220.8,11786.239999999998
native-dispatch-001-modal-l4-p1,modal,L4,NVIDIA L4,7aa089db4b574bf77f4eca092af33188,data/raw/native-dispatch-001-modal-l4-p1-20260811T205922Z-p117.csv,2ec4c6246c6c6287f443c749ebe6385ee9690a9a4eed00a9119cb96aad024395,16384,1,cuda_host_launch,placement,50,50,50,50,13130.0,15390.1,16614.68,transition_kernels,50,8192.0,10803.199999999997,11786.239999999998
native-dispatch-001-modal-l4-p1,modal,L4,NVIDIA L4,7aa089db4b574bf77f4eca092af33188,data/raw/native-dispatch-001-modal-l4-p1-20260811T205922Z-p117.csv,2ec4c6246c6c6287f443c749ebe6385ee9690a9a4eed00a9119cb96aad024395,16384,8,cpu_cpp,placement,50,50,50,50,911959.0,929136.45,933435.08,,0,,,
native-dispatch-001-modal-l4-p1,modal,L4,NVIDIA L4,7aa089db4b574bf77f4eca092af33188,data/raw/native-dispatch-001-modal-l4-p1-20260811T205922Z-p117.csv,2ec4c6246c6c6287f443c749ebe6385ee9690a9a4eed00a9119cb96aad024395,16384,8,cuda_device_graph,placement,50,50,50,50,28246.5,35586.99999999999,46362.5,complete_parent_and_child_execution_environment,50,22528.0,29696.0,40458.24
native-dispatch-001-modal-l4-p1,modal,L4,NVIDIA L4,7aa089db4b574bf77f4eca092af33188,data/raw/native-dispatch-001-modal-l4-p1-20260811T205922Z-p117.csv,2ec4c6246c6c6287f443c749ebe6385ee9690a9a4eed00a9119cb96aad024395,16384,8,cuda_host_graph,placement,50,50,50,50,20699.5,22709.85,24127.119999999995,transition_kernels,50,15360.0,17408.0,18954.239999999998
native-dispatch-001-modal-l4-p1,modal,L4,NVIDIA L4,7aa089db4b574bf77f4eca092af33188,data/raw/native-dispatch-001-modal-l4-p1-20260811T205922Z-p117.csv,2ec4c6246c6c6287f443c749ebe6385ee9690a9a4eed00a9119cb96aad024395,16384,8,cuda_host_launch,placement,50,50,50,50,36000.5,46704.44999999999,48954.93,transition_kernels,50,30720.0,41940.8,44036.159999999996
native-dispatch-001-modal-l4-p1,modal,L4,NVIDIA L4,7aa089db4b574bf77f4eca092af33188,data/raw/native-dispatch-001-modal-l4-p1-20260811T205922Z-p117.csv,2ec4c6246c6c6287f443c749ebe6385ee9690a9a4eed00a9119cb96aad024395,16384,64,cpu_cpp,placement,50,50,50,50,7516688.0,7656761.45,8592202.929999998,,0,,,
native-dispatch-001-modal-l4-p1,modal,L4,NVIDIA L4,7aa089db4b574bf77f4eca092af33188,data/raw/native-dispatch-001-modal-l4-p1-20260811T205922Z-p117.csv,2ec4c6246c6c6287f443c749ebe6385ee9690a9a4eed00a9119cb96aad024395,16384,64,cuda_device_graph,placement,50,50,50,50,94138.0,102062.65,103781.09,complete_parent_and_child_execution_environment,50,88064.0,98304.0,100372.48
native-dispatch-001-modal-l4-p1,modal,L4,NVIDIA L4,7aa089db4b574bf77f4eca092af33188,data/raw/native-dispatch-001-modal-l4-p1-20260811T205922Z-p117.csv,2ec4c6246c6c6287f443c749ebe6385ee9690a9a4eed00a9119cb96aad024395,16384,64,cuda_host_graph,placement,50,50,50,50,87202.0,97454.0,103959.9,transition_kernels,50,81920.0,94771.2,99368.95999999999
native-dispatch-001-modal-l4-p1,modal,L4,NVIDIA L4,7aa089db4b574bf77f4eca092af33188,data/raw/native-dispatch-001-modal-l4-p1-20260811T205922Z-p117.csv,2ec4c6246c6c6287f443c749ebe6385ee9690a9a4eed00a9119cb96aad024395,16384,64,cuda_host_launch,placement,50,50,50,50,209165.5,259003.74999999997,283953.05,transition_kernels,50,203760.0,255470.39999999997,280657.92
native-dispatch-001-modal-l4-p2,modal,L4,NVIDIA L4,d7010c62a5ce188be02cf3696c792ce7,data/raw/native-dispatch-001-modal-l4-p2-20260811T210009Z-p117.csv,2ec4c6246c6c6287f443c749ebe6385ee9690a9a4eed00a9119cb96aad024395,32,1,cpu_cpp,placement,50,50,50,50,160.0,180.0,195.09999999999997,,0,,,
native-dispatch-001-modal-l4-p2,modal,L4,NVIDIA L4,d7010c62a5ce188be02cf3696c792ce7,data/raw/native-dispatch-001-modal-l4-p2-20260811T210009Z-p117.csv,2ec4c6246c6c6287f443c749ebe6385ee9690a9a4eed00a9119cb96aad024395,32,1,cuda_device_graph,placement,50,50,50,50,13866.0,14839.949999999999,15001.8,complete_parent_and_child_execution_environment,50,9216.0,10240.0,20162.55999999996
native-dispatch-001-modal-l4-p2,modal,L4,NVIDIA L4,d7010c62a5ce188be02cf3696c792ce7,data/raw/native-dispatch-001-modal-l4-p2-20260811T210009Z-p117.csv,2ec4c6246c6c6287f443c749ebe6385ee9690a9a4eed00a9119cb96aad024395,32,1,cuda_host_graph,placement,50,50,50,50,8336.0,9840.5,20618.08999999996,transition_kernels,50,4048.0,5120.0,15658.87999999996
native-dispatch-001-modal-l4-p2,modal,L4,NVIDIA L4,d7010c62a5ce188be02cf3696c792ce7,data/raw/native-dispatch-001-modal-l4-p2-20260811T210009Z-p117.csv,2ec4c6246c6c6287f443c749ebe6385ee9690a9a4eed00a9119cb96aad024395,32,1,cuda_host_launch,placement,50,50,50,50,8895.0,9693.0,9958.3,transition_kernels,50,4096.0,5120.0,5642.239999999998
native-dispatch-001-modal-l4-p2,modal,L4,NVIDIA L4,d7010c62a5ce188be02cf3696c792ce7,data/raw/native-dispatch-001-modal-l4-p2-20260811T210009Z-p117.csv,2ec4c6246c6c6287f443c749ebe6385ee9690a9a4eed00a9119cb96aad024395,32,8,cpu_cpp,placement,50,50,50,50,1130.0,1171.0,1195.1,,0,,,
native-dispatch-001-modal-l4-p2,modal,L4,NVIDIA L4,d7010c62a5ce188be02cf3696c792ce7,data/raw/native-dispatch-001-modal-l4-p2-20260811T210009Z-p117.csv,2ec4c6246c6c6287f443c749ebe6385ee9690a9a4eed00a9119cb96aad024395,32,8,cuda_device_graph,placement,50,50,50,50,20640.5,21820.0,26273.199999999986,complete_parent_and_child_execution_environment,50,16287.0,16823.999999999996,17930.239999999998
native-dispatch-001-modal-l4-p2,modal,L4,NVIDIA L4,d7010c62a5ce188be02cf3696c792ce7,data/raw/native-dispatch-001-modal-l4-p2-20260811T210009Z-p117.csv,2ec4c6246c6c6287f443c749ebe6385ee9690a9a4eed00a9119cb96aad024395,32,8,cuda_host_graph,placement,50,50,50,50,14885.0,16048.55,21856.099999999977,transition_kernels,50,10240.0,11264.0,11264.0
native-dispatch-001-modal-l4-p2,modal,L4,NVIDIA L4,d7010c62a5ce188be02cf3696c792ce7,data/raw/native-dispatch-001-modal-l4-p2-20260811T210009Z-p117.csv,2ec4c6246c6c6287f443c749ebe6385ee9690a9a4eed00a9119cb96aad024395,32,8,cuda_host_launch,placement,50,50,50,50,22365.0,23447.95,31894.909999999974,transition_kernels,50,17472.0,19009.6,27741.119999999974
native-dispatch-001-modal-l4-p2,modal,L4,NVIDIA L4,d7010c62a5ce188be02cf3696c792ce7,data/raw/native-dispatch-001-modal-l4-p2-20260811T210009Z-p117.csv,2ec4c6246c6c6287f443c749ebe6385ee9690a9a4eed00a9119cb96aad024395,32,64,cpu_cpp,placement,50,50,50,50,9020.0,9246.5,9760.8,,0,,,
native-dispatch-001-modal-l4-p2,modal,L4,NVIDIA L4,d7010c62a5ce188be02cf3696c792ce7,data/raw/native-dispatch-001-modal-l4-p2-20260811T210009Z-p117.csv,2ec4c6246c6c6287f443c749ebe6385ee9690a9a4eed00a9119cb96aad024395,32,64,cuda_device_graph,placement,50,50,50,50,72651.5,74875.55,76857.01,complete_parent_and_child_execution_environment,50,67584.0,70195.2,71680.0
native-dispatch-001-modal-l4-p2,modal,L4,NVIDIA L4,d7010c62a5ce188be02cf3696c792ce7,data/raw/native-dispatch-001-modal-l4-p2-20260811T210009Z-p117.csv,2ec4c6246c6c6287f443c749ebe6385ee9690a9a4eed00a9119cb96aad024395,32,64,cuda_host_graph,placement,50,50,50,50,66901.5,75512.55,79139.20999999999,transition_kernels,50,62464.0,67327.99999999999,73768.95999999999
native-dispatch-001-modal-l4-p2,modal,L4,NVIDIA L4,d7010c62a5ce188be02cf3696c792ce7,data/raw/native-dispatch-001-modal-l4-p2-20260811T210009Z-p117.csv,2ec4c6246c6c6287f443c749ebe6385ee9690a9a4eed00a9119cb96aad024395,32,64,cuda_host_launch,placement,50,50,50,50,125247.5,148803.5,157201.41,transition_kernels,50,120832.0,144384.0,153598.72
native-dispatch-001-modal-l4-p2,modal,L4,NVIDIA L4,d7010c62a5ce188be02cf3696c792ce7,data/raw/native-dispatch-001-modal-l4-p2-20260811T210009Z-p117.csv,2ec4c6246c6c6287f443c749ebe6385ee9690a9a4eed00a9119cb96aad024395,256,1,cpu_cpp,placement,50,50,50,50,1060.0,1125.5,1140.0,,0,,,
native-dispatch-001-modal-l4-p2,modal,L4,NVIDIA L4,d7010c62a5ce188be02cf3696c792ce7,data/raw/native-dispatch-001-modal-l4-p2-20260811T210009Z-p117.csv,2ec4c6246c6c6287f443c749ebe6385ee9690a9a4eed00a9119cb96aad024395,256,1,cuda_device_graph,placement,50,50,50,50,13915.0,16560.999999999996,22104.29999999999,complete_parent_and_child_execution_environment,50,9216.0,11827.199999999997,17469.439999999988
native-dispatch-001-modal-l4-p2,modal,L4,NVIDIA L4,d7010c62a5ce188be02cf3696c792ce7,data/raw/native-dispatch-001-modal-l4-p2-20260811T210009Z-p117.csv,2ec4c6246c6c6287f443c749ebe6385ee9690a9a4eed00a9119cb96aad024395,256,1,cuda_host_graph,placement,50,50,50,50,8460.0,9857.999999999998,12274.189999999995,transition_kernels,50,4096.0,5654.399999999997,7710.719999999994
native-dispatch-001-modal-l4-p2,modal,L4,NVIDIA L4,d7010c62a5ce188be02cf3696c792ce7,data/raw/native-dispatch-001-modal-l4-p2-20260811T210009Z-p117.csv,2ec4c6246c6c6287f443c749ebe6385ee9690a9a4eed00a9119cb96aad024395,256,1,cuda_host_launch,placement,50,50,50,50,8905.5,11756.499999999996,22011.69999999996,transition_kernels,50,4096.0,6707.199999999997,7737.279999999998
native-dispatch-001-modal-l4-p2,modal,L4,NVIDIA L4,d7010c62a5ce188be02cf3696c792ce7,data/raw/native-dispatch-001-modal-l4-p2-20260811T210009Z-p117.csv,2ec4c6246c6c6287f443c749ebe6385ee9690a9a4eed00a9119cb96aad024395,256,8,cpu_cpp,placement,50,50,50,50,8840.0,8946.5,16876.70999999997,,0,,,
native-dispatch-001-modal-l4-p2,modal,L4,NVIDIA L4,d7010c62a5ce188be02cf3696c792ce7,data/raw/native-dispatch-001-modal-l4-p2-20260811T210009Z-p117.csv,2ec4c6246c6c6287f443c749ebe6385ee9690a9a4eed00a9119cb96aad024395,256,8,cuda_device_graph,placement,50,50,50,50,21095.5,24464.999999999993,29557.299999999985,complete_parent_and_child_execution_environment,50,16384.0,17408.0,24621.759999999987
native-dispatch-001-modal-l4-p2,modal,L4,NVIDIA L4,d7010c62a5ce188be02cf3696c792ce7,data/raw/native-dispatch-001-modal-l4-p2-20260811T210009Z-p117.csv,2ec4c6246c6c6287f443c749ebe6385ee9690a9a4eed00a9119cb96aad024395,256,8,cuda_host_graph,placement,50,50,50,50,15410.5,18329.449999999997,26848.099999999973,transition_kernels,50,11264.0,12851.199999999997,14858.239999999998
native-dispatch-001-modal-l4-p2,modal,L4,NVIDIA L4,d7010c62a5ce188be02cf3696c792ce7,data/raw/native-dispatch-001-modal-l4-p2-20260811T210009Z-p117.csv,2ec4c6246c6c6287f443c749ebe6385ee9690a9a4eed00a9119cb96aad024395,256,8,cuda_host_launch,placement,50,50,50,50,22275.5,23876.499999999996,35872.99999999996,transition_kernels,50,17408.0,18995.199999999997,31387.199999999968
native-dispatch-001-modal-l4-p2,modal,L4,NVIDIA L4,d7010c62a5ce188be02cf3696c792ce7,data/raw/native-dispatch-001-modal-l4-p2-20260811T210009Z-p117.csv,2ec4c6246c6c6287f443c749ebe6385ee9690a9a4eed00a9119cb96aad024395,256,64,cpu_cpp,placement,50,50,50,50,72091.0,88512.95,93460.29999999999,,0,,,
native-dispatch-001-modal-l4-p2,modal,L4,NVIDIA L4,d7010c62a5ce188be02cf3696c792ce7,data/raw/native-dispatch-001-modal-l4-p2-20260811T210009Z-p117.csv,2ec4c6246c6c6287f443c749ebe6385ee9690a9a4eed00a9119cb96aad024395,256,64,cuda_device_graph,placement,50,50,50,50,77132.0,81469.05,89429.50999999998,complete_parent_and_child_execution_environment,50,72704.0,76339.2,84613.11999999997
native-dispatch-001-modal-l4-p2,modal,L4,NVIDIA L4,d7010c62a5ce188be02cf3696c792ce7,data/raw/native-dispatch-001-modal-l4-p2-20260811T210009Z-p117.csv,2ec4c6246c6c6287f443c749ebe6385ee9690a9a4eed00a9119cb96aad024395,256,64,cuda_host_graph,placement,50,50,50,50,71362.0,73275.5,79609.79999999999,transition_kernels,50,66560.0,68608.0,69652.48
native-dispatch-001-modal-l4-p2,modal,L4,NVIDIA L4,d7010c62a5ce188be02cf3696c792ce7,data/raw/native-dispatch-001-modal-l4-p2-20260811T210009Z-p117.csv,2ec4c6246c6c6287f443c749ebe6385ee9690a9a4eed00a9119cb96aad024395,256,64,cuda_host_launch,placement,50,50,50,50,128002.5,147966.5,150620.2,transition_kernels,50,123696.0,143462.4,146055.68
native-dispatch-001-modal-l4-p2,modal,L4,NVIDIA L4,d7010c62a5ce188be02cf3696c792ce7,data/raw/native-dispatch-001-modal-l4-p2-20260811T210009Z-p117.csv,2ec4c6246c6c6287f443c749ebe6385ee9690a9a4eed00a9119cb96aad024395,2048,1,cpu_cpp,placement,50,50,50,50,8269.5,8805.5,9675.999999999996,,0,,,
native-dispatch-001-modal-l4-p2,modal,L4,NVIDIA L4,d7010c62a5ce188be02cf3696c792ce7,data/raw/native-dispatch-001-modal-l4-p2-20260811T210009Z-p117.csv,2ec4c6246c6c6287f443c749ebe6385ee9690a9a4eed00a9119cb96aad024395,2048,1,cuda_device_graph,placement,50,50,50,50,14140.0,21797.999999999985,27749.199999999993,complete_parent_and_child_execution_environment,50,9216.0,17151.999999999985,23039.359999999993
native-dispatch-001-modal-l4-p2,modal,L4,NVIDIA L4,d7010c62a5ce188be02cf3696c792ce7,data/raw/native-dispatch-001-modal-l4-p2-20260811T210009Z-p117.csv,2ec4c6246c6c6287f443c749ebe6385ee9690a9a4eed00a9119cb96aad024395,2048,1,cuda_host_graph,placement,50,50,50,50,8290.0,10685.449999999997,12863.909999999998,transition_kernels,50,4064.0,6607.999999999997,8179.8399999999965
native-dispatch-001-modal-l4-p2,modal,L4,NVIDIA L4,d7010c62a5ce188be02cf3696c792ce7,data/raw/native-dispatch-001-modal-l4-p2-20260811T210009Z-p117.csv,2ec4c6246c6c6287f443c749ebe6385ee9690a9a4eed00a9119cb96aad024395,2048,1,cuda_host_launch,placement,50,50,50,50,9075.5,12252.999999999998,23943.099999999955,transition_kernels,50,4576.0,7625.599999999998,8665.279999999999
native-dispatch-001-modal-l4-p2,modal,L4,NVIDIA L4,d7010c62a5ce188be02cf3696c792ce7,data/raw/native-dispatch-001-modal-l4-p2-20260811T210009Z-p117.csv,2ec4c6246c6c6287f443c749ebe6385ee9690a9a4eed00a9119cb96aad024395,2048,8,cpu_cpp,placement,50,50,50,50,70302.0,83791.49999999999,92966.10999999999,,0,,,
native-dispatch-001-modal-l4-p2,modal,L4,NVIDIA L4,d7010c62a5ce188be02cf3696c792ce7,data/raw/native-dispatch-001-modal-l4-p2-20260811T210009Z-p117.csv,2ec4c6246c6c6287f443c749ebe6385ee9690a9a4eed00a9119cb96aad024395,2048,8,cuda_device_graph,placement,50,50,50,50,21625.5,27312.949999999997,30122.789999999994,complete_parent_and_child_execution_environment,50,17280.0,19355.2,24683.51999999999
native-dispatch-001-modal-l4-p2,modal,L4,NVIDIA L4,d7010c62a5ce188be02cf3696c792ce7,data/raw/native-dispatch-001-modal-l4-p2-20260811T210009Z-p117.csv,2ec4c6246c6c6287f443c749ebe6385ee9690a9a4eed00a9119cb96aad024395,2048,8,cuda_host_graph,placement,50,50,50,50,15865.5,17167.05,19350.009999999995,transition_kernels,50,11264.0,12288.0,14858.239999999998
native-dispatch-001-modal-l4-p2,modal,L4,NVIDIA L4,d7010c62a5ce188be02cf3696c792ce7,data/raw/native-dispatch-001-modal-l4-p2-20260811T210009Z-p117.csv,2ec4c6246c6c6287f443c749ebe6385ee9690a9a4eed00a9119cb96aad024395,2048,8,cuda_host_launch,placement,50,50,50,50,22580.0,26178.55,31415.999999999985,transition_kernels,50,18368.0,20999.999999999996,22026.239999999998
native-dispatch-001-modal-l4-p2,modal,L4,NVIDIA L4,d7010c62a5ce188be02cf3696c792ce7,data/raw/native-dispatch-001-modal-l4-p2-20260811T210009Z-p117.csv,2ec4c6246c6c6287f443c749ebe6385ee9690a9a4eed00a9119cb96aad024395,2048,64,cpu_cpp,placement,50,50,50,50,589932.0,605578.5,609156.4,,0,,,
native-dispatch-001-modal-l4-p2,modal,L4,NVIDIA L4,d7010c62a5ce188be02cf3696c792ce7,data/raw/native-dispatch-001-modal-l4-p2-20260811T210009Z-p117.csv,2ec4c6246c6c6287f443c749ebe6385ee9690a9a4eed00a9119cb96aad024395,2048,64,cuda_device_graph,placement,50,50,50,50,79277.0,88986.0,94575.2,complete_parent_and_child_execution_environment,50,74752.0,84531.2,89630.72
native-dispatch-001-modal-l4-p2,modal,L4,NVIDIA L4,d7010c62a5ce188be02cf3696c792ce7,data/raw/native-dispatch-001-modal-l4-p2-20260811T210009Z-p117.csv,2ec4c6246c6c6287f443c749ebe6385ee9690a9a4eed00a9119cb96aad024395,2048,64,cuda_host_graph,placement,50,50,50,50,73761.5,77171.0,78316.5,transition_kernels,50,68608.0,72660.8,73226.23999999999
native-dispatch-001-modal-l4-p2,modal,L4,NVIDIA L4,d7010c62a5ce188be02cf3696c792ce7,data/raw/native-dispatch-001-modal-l4-p2-20260811T210009Z-p117.csv,2ec4c6246c6c6287f443c749ebe6385ee9690a9a4eed00a9119cb96aad024395,2048,64,cuda_host_launch,placement,50,50,50,50,127002.5,147807.0,160091.90999999997,transition_kernels,50,121856.0,142899.2,155372.47999999998
native-dispatch-001-modal-l4-p2,modal,L4,NVIDIA L4,d7010c62a5ce188be02cf3696c792ce7,data/raw/native-dispatch-001-modal-l4-p2-20260811T210009Z-p117.csv,2ec4c6246c6c6287f443c749ebe6385ee9690a9a4eed00a9119cb96aad024395,16384,1,cpu_cpp,placement,50,50,50,50,65971.0,79201.95,82605.9,,0,,,
native-dispatch-001-modal-l4-p2,modal,L4,NVIDIA L4,d7010c62a5ce188be02cf3696c792ce7,data/raw/native-dispatch-001-modal-l4-p2-20260811T210009Z-p117.csv,2ec4c6246c6c6287f443c749ebe6385ee9690a9a4eed00a9119cb96aad024395,16384,1,cuda_device_graph,placement,50,50,50,50,14496.0,17176.999999999996,31860.78999999995,complete_parent_and_child_execution_environment,50,10112.0,11264.0,14260.479999999996
native-dispatch-001-modal-l4-p2,modal,L4,NVIDIA L4,d7010c62a5ce188be02cf3696c792ce7,data/raw/native-dispatch-001-modal-l4-p2-20260811T210009Z-p117.csv,2ec4c6246c6c6287f443c749ebe6385ee9690a9a4eed00a9119cb96aad024395,16384,1,cuda_host_graph,placement,50,50,50,50,9055.0,11997.549999999992,15385.509999999993,transition_kernels,50,4608.0,7393.599999999993,11827.19999999999
native-dispatch-001-modal-l4-p2,modal,L4,NVIDIA L4,d7010c62a5ce188be02cf3696c792ce7,data/raw/native-dispatch-001-modal-l4-p2-20260811T210009Z-p117.csv,2ec4c6246c6c6287f443c749ebe6385ee9690a9a4eed00a9119cb96aad024395,16384,1,cuda_host_launch,placement,50,50,50,50,9640.5,14580.49999999999,21241.71,transition_kernels,50,5120.0,7731.199999999997,13973.11999999999
native-dispatch-001-modal-l4-p2,modal,L4,NVIDIA L4,d7010c62a5ce188be02cf3696c792ce7,data/raw/native-dispatch-001-modal-l4-p2-20260811T210009Z-p117.csv,2ec4c6246c6c6287f443c749ebe6385ee9690a9a4eed00a9119cb96aad024395,16384,8,cpu_cpp,placement,50,50,50,50,578656.5,634363.0499999998,716265.5,,0,,,
native-dispatch-001-modal-l4-p2,modal,L4,NVIDIA L4,d7010c62a5ce188be02cf3696c792ce7,data/raw/native-dispatch-001-modal-l4-p2-20260811T210009Z-p117.csv,2ec4c6246c6c6287f443c749ebe6385ee9690a9a4eed00a9119cb96aad024395,16384,8,cuda_device_graph,placement,50,50,50,50,22770.0,27561.499999999996,34358.48999999998,complete_parent_and_child_execution_environment,50,18432.0,22067.199999999997,28236.47999999998
native-dispatch-001-modal-l4-p2,modal,L4,NVIDIA L4,d7010c62a5ce188be02cf3696c792ce7,data/raw/native-dispatch-001-modal-l4-p2-20260811T210009Z-p117.csv,2ec4c6246c6c6287f443c749ebe6385ee9690a9a4eed00a9119cb96aad024395,16384,8,cuda_host_graph,placement,50,50,50,50,17370.5,20208.999999999996,26213.699999999986,transition_kernels,50,13168.0,14855.999999999996,17428.479999999996
native-dispatch-001-modal-l4-p2,modal,L4,NVIDIA L4,d7010c62a5ce188be02cf3696c792ce7,data/raw/native-dispatch-001-modal-l4-p2-20260811T210009Z-p117.csv,2ec4c6246c6c6287f443c749ebe6385ee9690a9a4eed00a9119cb96aad024395,16384,8,cuda_host_launch,placement,50,50,50,50,22660.0,26519.449999999997,28081.2,transition_kernels,50,18432.0,22067.199999999997,23552.0
native-dispatch-001-modal-l4-p2,modal,L4,NVIDIA L4,d7010c62a5ce188be02cf3696c792ce7,data/raw/native-dispatch-001-modal-l4-p2-20260811T210009Z-p117.csv,2ec4c6246c6c6287f443c749ebe6385ee9690a9a4eed00a9119cb96aad024395,16384,64,cpu_cpp,placement,50,50,50,50,4696843.5,4891943.55,5192831.309999999,,0,,,
native-dispatch-001-modal-l4-p2,modal,L4,NVIDIA L4,d7010c62a5ce188be02cf3696c792ce7,data/raw/native-dispatch-001-modal-l4-p2-20260811T210009Z-p117.csv,2ec4c6246c6c6287f443c749ebe6385ee9690a9a4eed00a9119cb96aad024395,16384,64,cuda_device_graph,placement,50,50,50,50,89817.0,96016.5,97654.4,complete_parent_and_child_execution_environment,50,84992.0,87040.0,91658.23999999999
native-dispatch-001-modal-l4-p2,modal,L4,NVIDIA L4,d7010c62a5ce188be02cf3696c792ce7,data/raw/native-dispatch-001-modal-l4-p2-20260811T210009Z-p117.csv,2ec4c6246c6c6287f443c749ebe6385ee9690a9a4eed00a9119cb96aad024395,16384,64,cuda_host_graph,placement,50,50,50,50,83386.5,85252.5,88708.70999999999,transition_kernels,50,78848.0,80896.0,90193.91999999998
native-dispatch-001-modal-l4-p2,modal,L4,NVIDIA L4,d7010c62a5ce188be02cf3696c792ce7,data/raw/native-dispatch-001-modal-l4-p2-20260811T210009Z-p117.csv,2ec4c6246c6c6287f443c749ebe6385ee9690a9a4eed00a9119cb96aad024395,16384,64,cuda_host_launch,placement,50,50,50,50,131977.5,158573.0,165294.39999999997,transition_kernels,50,128000.0,153600.0,160838.08
native-dispatch-001-runpod-l4-p1,runpod,NVIDIA L4,NVIDIA L4,24a9aae06e1c76b84e6fef5569fe493b,data/raw/runpod-native-dispatch-001-runpod-l4-p1-ylcym8f1s0khl3/results/native-dispatch-001-runpod-l4-p1-20260811T210722Z-p5201.csv,2ec4c6246c6c6287f443c749ebe6385ee9690a9a4eed00a9119cb96aad024395,32,1,cpu_cpp,placement,50,50,50,50,371.0,638.4999999999999,726.4999999999999,,0,,,
native-dispatch-001-runpod-l4-p1,runpod,NVIDIA L4,NVIDIA L4,24a9aae06e1c76b84e6fef5569fe493b,data/raw/runpod-native-dispatch-001-runpod-l4-p1-ylcym8f1s0khl3/results/native-dispatch-001-runpod-l4-p1-20260811T210722Z-p5201.csv,2ec4c6246c6c6287f443c749ebe6385ee9690a9a4eed00a9119cb96aad024395,32,1,cuda_device_graph,placement,50,50,50,50,16585.0,26374.0,26976.81,complete_parent_and_child_execution_environment,50,12560.0,21609.6,23080.96
native-dispatch-001-runpod-l4-p1,runpod,NVIDIA L4,NVIDIA L4,24a9aae06e1c76b84e6fef5569fe493b,data/raw/runpod-native-dispatch-001-runpod-l4-p1-ylcym8f1s0khl3/results/native-dispatch-001-runpod-l4-p1-20260811T210722Z-p5201.csv,2ec4c6246c6c6287f443c749ebe6385ee9690a9a4eed00a9119cb96aad024395,32,1,cuda_host_graph,placement,50,50,50,50,10526.0,17262.5,21818.32,transition_kernels,50,6432.0,14046.4,18422.079999999998
native-dispatch-001-runpod-l4-p1,runpod,NVIDIA L4,NVIDIA L4,24a9aae06e1c76b84e6fef5569fe493b,data/raw/runpod-native-dispatch-001-runpod-l4-p1-ylcym8f1s0khl3/results/native-dispatch-001-runpod-l4-p1-20260811T210722Z-p5201.csv,2ec4c6246c6c6287f443c749ebe6385ee9690a9a4eed00a9119cb96aad024395,32,1,cuda_host_launch,placement,50,50,50,50,11863.0,21258.0,24312.76999999999,transition_kernels,50,7440.0,18278.399999999994,20779.199999999993
native-dispatch-001-runpod-l4-p1,runpod,NVIDIA L4,NVIDIA L4,24a9aae06e1c76b84e6fef5569fe493b,data/raw/runpod-native-dispatch-001-runpod-l4-p1-ylcym8f1s0khl3/results/native-dispatch-001-runpod-l4-p1-20260811T210722Z-p5201.csv,2ec4c6246c6c6287f443c749ebe6385ee9690a9a4eed00a9119cb96aad024395,32,8,cpu_cpp,placement,50,50,50,50,2564.0,2795.0,3316.8099999999986,,0,,,
native-dispatch-001-runpod-l4-p1,runpod,NVIDIA L4,NVIDIA L4,24a9aae06e1c76b84e6fef5569fe493b,data/raw/runpod-native-dispatch-001-runpod-l4-p1-ylcym8f1s0khl3/results/native-dispatch-001-runpod-l4-p1-20260811T210722Z-p5201.csv,2ec4c6246c6c6287f443c749ebe6385ee9690a9a4eed00a9119cb96aad024395,32,8,cuda_device_graph,placement,50,50,50,50,23530.5,26847.049999999996,34979.34999999998,complete_parent_and_child_execution_environment,50,19280.0,22276.799999999996,30325.43999999998
native-dispatch-001-runpod-l4-p1,runpod,NVIDIA L4,NVIDIA L4,24a9aae06e1c76b84e6fef5569fe493b,data/raw/runpod-native-dispatch-001-runpod-l4-p1-ylcym8f1s0khl3/results/native-dispatch-001-runpod-l4-p1-20260811T210722Z-p5201.csv,2ec4c6246c6c6287f443c749ebe6385ee9690a9a4eed00a9119cb96aad024395,32,8,cuda_host_graph,placement,50,50,50,50,17331.5,21961.999999999996,28182.909999999985,transition_kernels,50,12976.0,16304.0,22895.03999999998
native-dispatch-001-runpod-l4-p1,runpod,NVIDIA L4,NVIDIA L4,24a9aae06e1c76b84e6fef5569fe493b,data/raw/runpod-native-dispatch-001-runpod-l4-p1-ylcym8f1s0khl3/results/native-dispatch-001-runpod-l4-p1-20260811T210722Z-p5201.csv,2ec4c6246c6c6287f443c749ebe6385ee9690a9a4eed00a9119cb96aad024395,32,8,cuda_host_launch,placement,50,50,50,50,32755.0,37111.0,38888.719999999994,transition_kernels,50,28720.0,33051.2,35050.88
native-dispatch-001-runpod-l4-p1,runpod,NVIDIA L4,NVIDIA L4,24a9aae06e1c76b84e6fef5569fe493b,data/raw/runpod-native-dispatch-001-runpod-l4-p1-ylcym8f1s0khl3/results/native-dispatch-001-runpod-l4-p1-20260811T210722Z-p5201.csv,2ec4c6246c6c6287f443c749ebe6385ee9690a9a4eed00a9119cb96aad024395,32,64,cpu_cpp,placement,50,50,50,50,20386.0,20737.5,25482.16999999999,,0,,,
native-dispatch-001-runpod-l4-p1,runpod,NVIDIA L4,NVIDIA L4,24a9aae06e1c76b84e6fef5569fe493b,data/raw/runpod-native-dispatch-001-runpod-l4-p1-ylcym8f1s0khl3/results/native-dispatch-001-runpod-l4-p1-20260811T210722Z-p5201.csv,2ec4c6246c6c6287f443c749ebe6385ee9690a9a4eed00a9119cb96aad024395,32,64,cuda_device_graph,placement,50,50,50,50,76555.0,79618.09999999999,82774.87,complete_parent_and_child_execution_environment,50,71856.0,75051.2,78040.63999999998
native-dispatch-001-runpod-l4-p1,runpod,NVIDIA L4,NVIDIA L4,24a9aae06e1c76b84e6fef5569fe493b,data/raw/runpod-native-dispatch-001-runpod-l4-p1-ylcym8f1s0khl3/results/native-dispatch-001-runpod-l4-p1-20260811T210722Z-p5201.csv,2ec4c6246c6c6287f443c749ebe6385ee9690a9a4eed00a9119cb96aad024395,32,64,cuda_host_graph,placement,50,50,50,50,69690.0,72531.0,73213.31,transition_kernels,50,65183.0,68547.2,69072.96
native-dispatch-001-runpod-l4-p1,runpod,NVIDIA L4,NVIDIA L4,24a9aae06e1c76b84e6fef5569fe493b,data/raw/runpod-native-dispatch-001-runpod-l4-p1-ylcym8f1s0khl3/results/native-dispatch-001-runpod-l4-p1-20260811T210722Z-p5201.csv,2ec4c6246c6c6287f443c749ebe6385ee9690a9a4eed00a9119cb96aad024395,32,64,cuda_host_launch,placement,50,50,50,50,192835.0,209672.55,215765.13999999998,transition_kernels,50,188208.0,205105.6,211632.63999999998
native-dispatch-001-runpod-l4-p1,runpod,NVIDIA L4,NVIDIA L4,24a9aae06e1c76b84e6fef5569fe493b,data/raw/runpod-native-dispatch-001-runpod-l4-p1-ylcym8f1s0khl3/results/native-dispatch-001-runpod-l4-p1-20260811T210722Z-p5201.csv,2ec4c6246c6c6287f443c749ebe6385ee9690a9a4eed00a9119cb96aad024395,256,1,cpu_cpp,placement,50,50,50,50,2338.5,3432.0999999999963,4378.0,,0,,,
native-dispatch-001-runpod-l4-p1,runpod,NVIDIA L4,NVIDIA L4,24a9aae06e1c76b84e6fef5569fe493b,data/raw/runpod-native-dispatch-001-runpod-l4-p1-ylcym8f1s0khl3/results/native-dispatch-001-runpod-l4-p1-20260811T210722Z-p5201.csv,2ec4c6246c6c6287f443c749ebe6385ee9690a9a4eed00a9119cb96aad024395,256,1,cuda_device_graph,placement,50,50,50,50,19314.5,25516.699999999993,38908.58999999996,complete_parent_and_child_execution_environment,50,14816.0,22375.999999999993,34887.679999999964
native-dispatch-001-runpod-l4-p1,runpod,NVIDIA L4,NVIDIA L4,24a9aae06e1c76b84e6fef5569fe493b,data/raw/runpod-native-dispatch-001-runpod-l4-p1-ylcym8f1s0khl3/results/native-dispatch-001-runpod-l4-p1-20260811T210722Z-p5201.csv,2ec4c6246c6c6287f443c749ebe6385ee9690a9a4eed00a9119cb96aad024395,256,1,cuda_host_graph,placement,50,50,50,50,13591.0,20582.5,21612.119999999995,transition_kernels,50,9344.0,17172.8,18484.16
native-dispatch-001-runpod-l4-p1,runpod,NVIDIA L4,NVIDIA L4,24a9aae06e1c76b84e6fef5569fe493b,data/raw/runpod-native-dispatch-001-runpod-l4-p1-ylcym8f1s0khl3/results/native-dispatch-001-runpod-l4-p1-20260811T210722Z-p5201.csv,2ec4c6246c6c6287f443c749ebe6385ee9690a9a4eed00a9119cb96aad024395,256,1,cuda_host_launch,placement,50,50,50,50,13625.5,21458.1,22935.329999999998,transition_kernels,50,9984.0,18419.199999999997,19842.879999999997
native-dispatch-001-runpod-l4-p1,runpod,NVIDIA L4,NVIDIA L4,24a9aae06e1c76b84e6fef5569fe493b,data/raw/runpod-native-dispatch-001-runpod-l4-p1-ylcym8f1s0khl3/results/native-dispatch-001-runpod-l4-p1-20260811T210722Z-p5201.csv,2ec4c6246c6c6287f443c749ebe6385ee9690a9a4eed00a9119cb96aad024395,256,8,cpu_cpp,placement,50,50,50,50,7987.0,21012.649999999994,28069.279999999977,,0,,,
native-dispatch-001-runpod-l4-p1,runpod,NVIDIA L4,NVIDIA L4,24a9aae06e1c76b84e6fef5569fe493b,data/raw/runpod-native-dispatch-001-runpod-l4-p1-ylcym8f1s0khl3/results/native-dispatch-001-runpod-l4-p1-20260811T210722Z-p5201.csv,2ec4c6246c6c6287f443c749ebe6385ee9690a9a4eed00a9119cb96aad024395,256,8,cuda_device_graph,placement,50,50,50,50,24211.5,30753.55,38372.28999999998,complete_parent_and_child_execution_environment,50,20016.0,26368.0,34681.27999999998
native-dispatch-001-runpod-l4-p1,runpod,NVIDIA L4,NVIDIA L4,24a9aae06e1c76b84e6fef5569fe493b,data/raw/runpod-native-dispatch-001-runpod-l4-p1-ylcym8f1s0khl3/results/native-dispatch-001-runpod-l4-p1-20260811T210722Z-p5201.csv,2ec4c6246c6c6287f443c749ebe6385ee9690a9a4eed00a9119cb96aad024395,256,8,cuda_host_graph,placement,50,50,50,50,18503.0,24261.649999999994,28340.899999999998,transition_kernels,50,14368.0,20017.59999999999,24157.12
native-dispatch-001-runpod-l4-p1,runpod,NVIDIA L4,NVIDIA L4,24a9aae06e1c76b84e6fef5569fe493b,data/raw/runpod-native-dispatch-001-runpod-l4-p1-ylcym8f1s0khl3/results/native-dispatch-001-runpod-l4-p1-20260811T210722Z-p5201.csv,2ec4c6246c6c6287f443c749ebe6385ee9690a9a4eed00a9119cb96aad024395,256,8,cuda_host_launch,placement,50,50,50,50,27090.5,39719.0,41283.71,transition_kernels,50,23136.0,35792.0,37706.24
native-dispatch-001-runpod-l4-p1,runpod,NVIDIA L4,NVIDIA L4,24a9aae06e1c76b84e6fef5569fe493b,data/raw/runpod-native-dispatch-001-runpod-l4-p1-ylcym8f1s0khl3/results/native-dispatch-001-runpod-l4-p1-20260811T210722Z-p5201.csv,2ec4c6246c6c6287f443c749ebe6385ee9690a9a4eed00a9119cb96aad024395,256,64,cpu_cpp,placement,50,50,50,50,160897.5,170809.0,176315.9,,0,,,
native-dispatch-001-runpod-l4-p1,runpod,NVIDIA L4,NVIDIA L4,24a9aae06e1c76b84e6fef5569fe493b,data/raw/runpod-native-dispatch-001-runpod-l4-p1-ylcym8f1s0khl3/results/native-dispatch-001-runpod-l4-p1-20260811T210722Z-p5201.csv,2ec4c6246c6c6287f443c749ebe6385ee9690a9a4eed00a9119cb96aad024395,256,64,cuda_device_graph,placement,50,50,50,50,79895.0,88342.5,96681.81999999999,complete_parent_and_child_execution_environment,50,75152.0,82974.4,89506.55999999998
native-dispatch-001-runpod-l4-p1,runpod,NVIDIA L4,NVIDIA L4,24a9aae06e1c76b84e6fef5569fe493b,data/raw/runpod-native-dispatch-001-runpod-l4-p1-ylcym8f1s0khl3/results/native-dispatch-001-runpod-l4-p1-20260811T210722Z-p5201.csv,2ec4c6246c6c6287f443c749ebe6385ee9690a9a4eed00a9119cb96aad024395,256,64,cuda_host_graph,placement,50,50,50,50,73786.5,79412.55,81382.01,transition_kernels,50,69456.0,76240.0,77578.23999999999
native-dispatch-001-runpod-l4-p1,runpod,NVIDIA L4,NVIDIA L4,24a9aae06e1c76b84e6fef5569fe493b,data/raw/runpod-native-dispatch-001-runpod-l4-p1-ylcym8f1s0khl3/results/native-dispatch-001-runpod-l4-p1-20260811T210722Z-p5201.csv,2ec4c6246c6c6287f443c749ebe6385ee9690a9a4eed00a9119cb96aad024395,256,64,cuda_host_launch,placement,50,50,50,50,187853.0,203988.55,207663.92,transition_kernels,50,183168.0,199420.8,203322.56
native-dispatch-001-runpod-l4-p1,runpod,NVIDIA L4,NVIDIA L4,24a9aae06e1c76b84e6fef5569fe493b,data/raw/runpod-native-dispatch-001-runpod-l4-p1-ylcym8f1s0khl3/results/native-dispatch-001-runpod-l4-p1-20260811T210722Z-p5201.csv,2ec4c6246c6c6287f443c749ebe6385ee9690a9a4eed00a9119cb96aad024395,2048,1,cpu_cpp,placement,50,50,50,50,17767.0,20085.1,24540.519999999986,,0,,,
native-dispatch-001-runpod-l4-p1,runpod,NVIDIA L4,NVIDIA L4,24a9aae06e1c76b84e6fef5569fe493b,data/raw/runpod-native-dispatch-001-runpod-l4-p1-ylcym8f1s0khl3/results/native-dispatch-001-runpod-l4-p1-20260811T210722Z-p5201.csv,2ec4c6246c6c6287f443c749ebe6385ee9690a9a4eed00a9119cb96aad024395,2048,1,cuda_device_graph,placement,50,50,50,50,16585.0,21048.0,26721.509999999984,complete_parent_and_child_execution_environment,50,12144.0,16294.4,17395.839999999997
native-dispatch-001-runpod-l4-p1,runpod,NVIDIA L4,NVIDIA L4,24a9aae06e1c76b84e6fef5569fe493b,data/raw/runpod-native-dispatch-001-runpod-l4-p1-ylcym8f1s0khl3/results/native-dispatch-001-runpod-l4-p1-20260811T210722Z-p5201.csv,2ec4c6246c6c6287f443c749ebe6385ee9690a9a4eed00a9119cb96aad024395,2048,1,cuda_host_graph,placement,50,50,50,50,10721.0,16135.099999999995,32834.229999999945,transition_kernels,50,6400.0,12564.8,29426.23999999994
native-dispatch-001-runpod-l4-p1,runpod,NVIDIA L4,NVIDIA L4,24a9aae06e1c76b84e6fef5569fe493b,data/raw/runpod-native-dispatch-001-runpod-l4-p1-ylcym8f1s0khl3/results/native-dispatch-001-runpod-l4-p1-20260811T210722Z-p5201.csv,2ec4c6246c6c6287f443c749ebe6385ee9690a9a4eed00a9119cb96aad024395,2048,1,cuda_host_launch,placement,50,50,50,50,12073.0,18891.1,26170.499999999975,transition_kernels,50,7856.0,15113.599999999999,21820.159999999974
native-dispatch-001-runpod-l4-p1,runpod,NVIDIA L4,NVIDIA L4,24a9aae06e1c76b84e6fef5569fe493b,data/raw/runpod-native-dispatch-001-runpod-l4-p1-ylcym8f1s0khl3/results/native-dispatch-001-runpod-l4-p1-20260811T210722Z-p5201.csv,2ec4c6246c6c6287f443c749ebe6385ee9690a9a4eed00a9119cb96aad024395,2048,8,cpu_cpp,placement,50,50,50,50,156275.0,169377.49999999997,189687.04999999993,,0,,,
native-dispatch-001-runpod-l4-p1,runpod,NVIDIA L4,NVIDIA L4,24a9aae06e1c76b84e6fef5569fe493b,data/raw/runpod-native-dispatch-001-runpod-l4-p1-ylcym8f1s0khl3/results/native-dispatch-001-runpod-l4-p1-20260811T210722Z-p5201.csv,2ec4c6246c6c6287f443c749ebe6385ee9690a9a4eed00a9119cb96aad024395,2048,8,cuda_device_graph,placement,50,50,50,50,24602.0,28318.05,32361.309999999987,complete_parent_and_child_execution_environment,50,20304.0,24206.399999999998,28354.04999999999
native-dispatch-001-runpod-l4-p1,runpod,NVIDIA L4,NVIDIA L4,24a9aae06e1c76b84e6fef5569fe493b,data/raw/runpod-native-dispatch-001-runpod-l4-p1-ylcym8f1s0khl3/results/native-dispatch-001-runpod-l4-p1-20260811T210722Z-p5201.csv,2ec4c6246c6c6287f443c749ebe6385ee9690a9a4eed00a9119cb96aad024395,2048,8,cuda_host_graph,placement,50,50,50,50,18137.0,21176.05,25269.27999999999,transition_kernels,50,13920.0,16673.6,22147.839999999986
native-dispatch-001-runpod-l4-p1,runpod,NVIDIA L4,NVIDIA L4,24a9aae06e1c76b84e6fef5569fe493b,data/raw/runpod-native-dispatch-001-runpod-l4-p1-ylcym8f1s0khl3/results/native-dispatch-001-runpod-l4-p1-20260811T210722Z-p5201.csv,2ec4c6246c6c6287f443c749ebe6385ee9690a9a4eed00a9119cb96aad024395,2048,8,cuda_host_launch,placement,50,50,50,50,32068.0,39693.049999999996,40386.0,transition_kernels,50,27840.0,35236.799999999996,36180.799999999996
native-dispatch-001-runpod-l4-p1,runpod,NVIDIA L4,NVIDIA L4,24a9aae06e1c76b84e6fef5569fe493b,data/raw/runpod-native-dispatch-001-runpod-l4-p1-ylcym8f1s0khl3/results/native-dispatch-001-runpod-l4-p1-20260811T210722Z-p5201.csv,2ec4c6246c6c6287f443c749ebe6385ee9690a9a4eed00a9119cb96aad024395,2048,64,cpu_cpp,placement,50,50,50,50,1297697.0,1382834.9999999998,1431184.64,,0,,,
native-dispatch-001-runpod-l4-p1,runpod,NVIDIA L4,NVIDIA L4,24a9aae06e1c76b84e6fef5569fe493b,data/raw/runpod-native-dispatch-001-runpod-l4-p1-ylcym8f1s0khl3/results/native-dispatch-001-runpod-l4-p1-20260811T210722Z-p5201.csv,2ec4c6246c6c6287f443c749ebe6385ee9690a9a4eed00a9119cb96aad024395,2048,64,cuda_device_graph,placement,50,50,50,50,83280.0,86672.5,87964.01,complete_parent_and_child_execution_environment,50,78352.0,82699.2,83729.6
native-dispatch-001-runpod-l4-p1,runpod,NVIDIA L4,NVIDIA L4,24a9aae06e1c76b84e6fef5569fe493b,data/raw/runpod-native-dispatch-001-runpod-l4-p1-ylcym8f1s0khl3/results/native-dispatch-001-runpod-l4-p1-20260811T210722Z-p5201.csv,2ec4c6246c6c6287f443c749ebe6385ee9690a9a4eed00a9119cb96aad024395,2048,64,cuda_host_graph,placement,50,50,50,50,76756.0,80223.05,84993.54,transition_kernels,50,72240.0,76465.6,82382.72
native-dispatch-001-runpod-l4-p1,runpod,NVIDIA L4,NVIDIA L4,24a9aae06e1c76b84e6fef5569fe493b,data/raw/runpod-native-dispatch-001-runpod-l4-p1-ylcym8f1s0khl3/results/native-dispatch-001-runpod-l4-p1-20260811T210722Z-p5201.csv,2ec4c6246c6c6287f443c749ebe6385ee9690a9a4eed00a9119cb96aad024395,2048,64,cuda_host_launch,placement,50,50,50,50,188028.0,208492.24999999997,249361.06,transition_kernels,50,183648.0,204655.99999999997,244867.19999999998
native-dispatch-001-runpod-l4-p1,runpod,NVIDIA L4,NVIDIA L4,24a9aae06e1c76b84e6fef5569fe493b,data/raw/runpod-native-dispatch-001-runpod-l4-p1-ylcym8f1s0khl3/results/native-dispatch-001-runpod-l4-p1-20260811T210722Z-p5201.csv,2ec4c6246c6c6287f443c749ebe6385ee9690a9a4eed00a9119cb96aad024395,16384,1,cpu_cpp,placement,50,50,50,50,141188.0,162978.55,187963.6999999999,,0,,,
native-dispatch-001-runpod-l4-p1,runpod,NVIDIA L4,NVIDIA L4,24a9aae06e1c76b84e6fef5569fe493b,data/raw/runpod-native-dispatch-001-runpod-l4-p1-ylcym8f1s0khl3/results/native-dispatch-001-runpod-l4-p1-20260811T210722Z-p5201.csv,2ec4c6246c6c6287f443c749ebe6385ee9690a9a4eed00a9119cb96aad024395,16384,1,cuda_device_graph,placement,50,50,50,50,18287.5,20876.55,21353.8,complete_parent_and_child_execution_environment,50,13792.0,16106.749999999998,16641.92
native-dispatch-001-runpod-l4-p1,runpod,NVIDIA L4,NVIDIA L4,24a9aae06e1c76b84e6fef5569fe493b,data/raw/runpod-native-dispatch-001-runpod-l4-p1-ylcym8f1s0khl3/results/native-dispatch-001-runpod-l4-p1-20260811T210722Z-p5201.csv,2ec4c6246c6c6287f443c749ebe6385ee9690a9a4eed00a9119cb96aad024395,16384,1,cuda_host_graph,placement,50,50,50,50,12003.0,15174.549999999997,16421.829999999998,transition_kernels,50,7616.0,10948.799999999997,12405.439999999999
native-dispatch-001-runpod-l4-p1,runpod,NVIDIA L4,NVIDIA L4,24a9aae06e1c76b84e6fef5569fe493b,data/raw/runpod-native-dispatch-001-runpod-l4-p1-ylcym8f1s0khl3/results/native-dispatch-001-runpod-l4-p1-20260811T210722Z-p5201.csv,2ec4c6246c6c6287f443c749ebe6385ee9690a9a4eed00a9119cb96aad024395,16384,1,cuda_host_launch,placement,50,50,50,50,12924.5,16350.499999999998,17034.7,transition_kernels,50,8592.0,12537.599999999999,13336.639999999998
native-dispatch-001-runpod-l4-p1,runpod,NVIDIA L4,NVIDIA L4,24a9aae06e1c76b84e6fef5569fe493b,data/raw/runpod-native-dispatch-001-runpod-l4-p1-ylcym8f1s0khl3/results/native-dispatch-001-runpod-l4-p1-20260811T210722Z-p5201.csv,2ec4c6246c6c6287f443c749ebe6385ee9690a9a4eed00a9119cb96aad024395,16384,8,cpu_cpp,placement,50,50,50,50,1256349.0,1337319.15,1382945.68,,0,,,
native-dispatch-001-runpod-l4-p1,runpod,NVIDIA L4,NVIDIA L4,24a9aae06e1c76b84e6fef5569fe493b,data/raw/runpod-native-dispatch-001-runpod-l4-p1-ylcym8f1s0khl3/results/native-dispatch-001-runpod-l4-p1-20260811T210722Z-p5201.csv,2ec4c6246c6c6287f443c749ebe6385ee9690a9a4eed00a9119cb96aad024395,16384,8,cuda_device_graph,placement,50,50,50,50,25678.5,32467.5,33800.409999999996,complete_parent_and_child_execution_environment,50,21360.0,28422.399999999994,30492.159999999996
native-dispatch-001-runpod-l4-p1,runpod,NVIDIA L4,NVIDIA L4,24a9aae06e1c76b84e6fef5569fe493b,data/raw/runpod-native-dispatch-001-runpod-l4-p1-ylcym8f1s0khl3/results/native-dispatch-001-runpod-l4-p1-20260811T210722Z-p5201.csv,2ec4c6246c6c6287f443c749ebe6385ee9690a9a4eed00a9119cb96aad024395,16384,8,cuda_host_graph,placement,50,50,50,50,19158.5,25622.149999999994,29006.029999999995,transition_kernels,50,14944.0,20233.6,25026.239999999998
native-dispatch-001-runpod-l4-p1,runpod,NVIDIA L4,NVIDIA L4,24a9aae06e1c76b84e6fef5569fe493b,data/raw/runpod-native-dispatch-001-runpod-l4-p1-ylcym8f1s0khl3/results/native-dispatch-001-runpod-l4-p1-20260811T210722Z-p5201.csv,2ec4c6246c6c6287f443c749ebe6385ee9690a9a4eed00a9119cb96aad024395,16384,8,cuda_host_launch,placement,50,50,50,50,31482.5,43216.6,47904.759999999995,transition_kernels,50,27184.0,38947.2,44162.24
native-dispatch-001-runpod-l4-p1,runpod,NVIDIA L4,NVIDIA L4,24a9aae06e1c76b84e6fef5569fe493b,data/raw/runpod-native-dispatch-001-runpod-l4-p1-ylcym8f1s0khl3/results/native-dispatch-001-runpod-l4-p1-20260811T210722Z-p5201.csv,2ec4c6246c6c6287f443c749ebe6385ee9690a9a4eed00a9119cb96aad024395,16384,64,cpu_cpp,placement,50,50,50,50,9067224.0,10841345.15,11095595.44,,0,,,
native-dispatch-001-runpod-l4-p1,runpod,NVIDIA L4,NVIDIA L4,24a9aae06e1c76b84e6fef5569fe493b,data/raw/runpod-native-dispatch-001-runpod-l4-p1-ylcym8f1s0khl3/results/native-dispatch-001-runpod-l4-p1-20260811T210722Z-p5201.csv,2ec4c6246c6c6287f443c749ebe6385ee9690a9a4eed00a9119cb96aad024395,16384,64,cuda_device_graph,placement,50,50,50,50,89935.0,96060.09999999999,99608.18,complete_parent_and_child_execution_environment,50,85296.0,91948.79999999999,95564.15999999999
native-dispatch-001-runpod-l4-p1,runpod,NVIDIA L4,NVIDIA L4,24a9aae06e1c76b84e6fef5569fe493b,data/raw/runpod-native-dispatch-001-runpod-l4-p1-ylcym8f1s0khl3/results/native-dispatch-001-runpod-l4-p1-20260811T210722Z-p5201.csv,2ec4c6246c6c6287f443c749ebe6385ee9690a9a4eed00a9119cb96aad024395,16384,64,cuda_host_graph,placement,50,50,50,50,83441.0,87161.05,89244.84999999999,transition_kernels,50,79152.0,83352.0,85643.2
native-dispatch-001-runpod-l4-p1,runpod,NVIDIA L4,NVIDIA L4,24a9aae06e1c76b84e6fef5569fe493b,data/raw/runpod-native-dispatch-001-runpod-l4-p1-ylcym8f1s0khl3/results/native-dispatch-001-runpod-l4-p1-20260811T210722Z-p5201.csv,2ec4c6246c6c6287f443c749ebe6385ee9690a9a4eed00a9119cb96aad024395,16384,64,cuda_host_launch,placement,50,50,50,50,162625.5,223828.59999999992,239546.7,transition_kernels,50,158240.0,219247.9999999999,235008.64
