hardware,agent_count,state_width,action_count,mode,threads,repetitions,median_wall_ms,mean_wall_ms,std_wall_ms,p10_wall_ms,p90_wall_ms,median_ns_per_agent_step,correctness_valid,cv
NVIDIA GeForce GTX 1660 Ti,256,8,1,cpu,1.0,10,2.622089,2.6357646,0.057585129489015285,2.5786739,2.6955909,160.03961181640625,True,0.021847599550056666
NVIDIA GeForce GTX 1660 Ti,256,8,1,cpu,8.0,10,2.847635,3.1845564,0.6126829333129274,2.7837357999999996,4.0095179,173.80584716796875,True,0.1923919241351566
NVIDIA GeForce GTX 1660 Ti,256,8,1,eager-host-visible,,10,8.4113855,8.4921379,0.21206799386907832,8.3024509,8.7622907,513.3902282714844,True,0.02497227392752046
NVIDIA GeForce GTX 1660 Ti,256,8,1,eager-resident,,10,7.3016115,7.3671008,0.34109569973731574,7.0832248,7.6080064,445.6549987792969,True,0.046299855125820424
NVIDIA GeForce GTX 1660 Ti,256,8,1,graph-resident,,10,1.182533,1.183354,0.0021829328894859977,1.1817571,1.1861968,72.17608642578125,True,0.0018446998019916252
NVIDIA GeForce GTX 1660 Ti,256,8,8,cpu,1.0,10,2.601319,2.6287107,0.05923751366425026,2.5711961999999997,2.7138368,158.77191162109375,True,0.022534816655271444
NVIDIA GeForce GTX 1660 Ti,256,8,8,cpu,8.0,10,2.797812,3.0336974999999997,0.7405966823404024,2.7832469,3.0737178999999992,170.764892578125,True,0.24412344419323367
NVIDIA GeForce GTX 1660 Ti,256,8,8,eager-host-visible,,10,8.63753,8.6480487,0.2341085888694718,8.4291532,8.8655864,527.1929931640625,True,0.02707068345596525
NVIDIA GeForce GTX 1660 Ti,256,8,8,eager-resident,,10,6.808779,6.8603407,0.08490143259758451,6.7897757,6.9677758999999995,415.57489013671875,True,0.012375687492836107
NVIDIA GeForce GTX 1660 Ti,256,8,8,graph-resident,,10,1.19862,1.1993263,0.002250425641221407,1.1978892,1.2016118,73.157958984375,True,0.0018764081478254975
NVIDIA GeForce GTX 1660 Ti,256,32,1,cpu,1.0,10,2.8038689999999997,2.8017418,0.02070145747848051,2.7858433,2.819413,171.13458251953125,True,0.007388781321134057
NVIDIA GeForce GTX 1660 Ti,256,32,1,cpu,8.0,10,2.9201940000000004,3.0499053,0.3804480845368905,2.9135554,3.1299700999999995,178.2344970703125,True,0.12474095000159202
NVIDIA GeForce GTX 1660 Ti,256,32,1,eager-host-visible,,10,8.2194445,8.1680915,0.13469579753095517,7.9920216,8.302546900000001,501.6750793457031,True,0.016490485877999186
NVIDIA GeForce GTX 1660 Ti,256,32,1,eager-resident,,10,7.469664,7.4961297,0.40366166333729686,7.1067317999999995,7.729676799999999,455.912109375,True,0.05384934352687319
NVIDIA GeForce GTX 1660 Ti,256,32,1,graph-resident,,10,1.1934265000000002,1.1946542,0.00264791728638849,1.1929661,1.198668,72.84097290039062,True,0.0022164717508953552
NVIDIA GeForce GTX 1660 Ti,256,32,8,cpu,1.0,10,2.774939,2.7748639,0.007120312468954974,2.7684023,2.7840053,169.36883544921875,True,0.0025660042169833894
NVIDIA GeForce GTX 1660 Ti,256,32,8,cpu,8.0,10,2.8368314999999997,2.8568533,0.061721442123373084,2.8210591000000003,2.8803595,173.14645385742188,True,0.021604694270921466
NVIDIA GeForce GTX 1660 Ti,256,32,8,eager-host-visible,,10,8.316567,8.2878686,0.21776423083754282,8.026805000000001,8.6027879,507.6029663085938,True,0.02627505832290136
NVIDIA GeForce GTX 1660 Ti,256,32,8,eager-resident,,10,7.290841,7.293488600000001,0.16154559996085016,7.1048163,7.50836,444.9976196289063,True,0.02214929080177765
NVIDIA GeForce GTX 1660 Ti,256,32,8,graph-resident,,10,1.2099760000000002,1.2122175,0.0046523985271637565,1.2091935,1.2176107,73.85107421875,True,0.003837923909829512
NVIDIA GeForce GTX 1660 Ti,1024,8,1,cpu,1.0,10,3.6082555000000003,3.6755392000000002,0.11313865026574939,3.58937,3.8534865000000003,55.05760955810547,True,0.0307815109864015
NVIDIA GeForce GTX 1660 Ti,1024,8,1,cpu,8.0,10,3.5700535,3.5929835,0.060636087639934194,3.5600993,3.6220607,54.474693298339844,True,0.0168762499577118
NVIDIA GeForce GTX 1660 Ti,1024,8,1,eager-host-visible,,10,8.6267215,8.6432856,0.22396624810012006,8.422912,8.9263545,131.6333236694336,True,0.025912165635267225
NVIDIA GeForce GTX 1660 Ti,1024,8,1,eager-resident,,10,7.2314555,7.237749599999999,0.034508085233592736,7.2077909,7.262320900000001,110.34325408935547,True,0.004767792081891413
NVIDIA GeForce GTX 1660 Ti,1024,8,1,graph-resident,,10,1.3938245,1.3995051,0.012523616281516412,1.3931895,1.4217646,21.26807403564453,True,0.008948603532431865
NVIDIA GeForce GTX 1660 Ti,1024,8,8,cpu,1.0,10,4.105385999999999,4.1129725,0.03756304599603196,4.0733185,4.1487761,62.643218994140625,True,0.009132822063855755
NVIDIA GeForce GTX 1660 Ti,1024,8,8,cpu,8.0,10,3.7067725,3.7296239,0.06670544555223545,3.7003067,3.7489237,56.56085968017578,True,0.017885300861632578
NVIDIA GeForce GTX 1660 Ti,1024,8,8,eager-host-visible,,10,8.261700000000001,8.250190499999999,0.045812726311098,8.2169294,8.2826891,126.06353759765626,True,0.005552929512487985
NVIDIA GeForce GTX 1660 Ti,1024,8,8,eager-resident,,10,7.2321565,7.236661,0.043750087370071536,7.186639400000001,7.2968433,110.35395050048828,True,0.0060456179127461596
NVIDIA GeForce GTX 1660 Ti,1024,8,8,graph-resident,,10,1.429095,1.4310516,0.005373633887375972,1.4269175,1.4352710000000002,21.806259155273438,True,0.0037550245479450023
NVIDIA GeForce GTX 1660 Ti,1024,32,1,cpu,1.0,10,4.0481565,4.0646165000000005,0.06423264408945195,4.0014505,4.1410272,61.76996612548828,True,0.015802879334237793
NVIDIA GeForce GTX 1660 Ti,1024,32,1,cpu,8.0,10,4.2332305,4.5182183,0.5215313892626534,4.175015,5.2262423,64.5939712524414,True,0.11542855051130518
NVIDIA GeForce GTX 1660 Ti,1024,32,1,eager-host-visible,,10,8.157496,8.1823917,0.18343153616846394,8.027603599999999,8.3496887,124.4735107421875,True,0.022417838560388637
NVIDIA GeForce GTX 1660 Ti,1024,32,1,eager-resident,,10,6.8211794999999995,6.8769205,0.10209131823492362,6.8081134,6.9941201,104.08293914794922,True,0.014845499265975755
NVIDIA GeForce GTX 1660 Ti,1024,32,1,graph-resident,,10,1.5588825000000002,1.5595614,0.0026441726368248205,1.5572917,1.5634198,23.786659240722656,True,0.0016954591443625244
NVIDIA GeForce GTX 1660 Ti,1024,32,8,cpu,1.0,10,4.946083,4.9461436999999995,0.021011873558908056,4.9285957,4.9645173,75.47123718261719,True,0.004248132450924961
NVIDIA GeForce GTX 1660 Ti,1024,32,8,cpu,8.0,10,4.2321585,22.074134500000003,51.27900733073987,4.2054823,34.13800379999995,64.5776138305664,True,2.323035919290057
NVIDIA GeForce GTX 1660 Ti,1024,32,8,eager-host-visible,,10,8.457855,8.5092131,0.14606923961407234,8.4005259,8.773050000000001,129.05662536621094,True,0.01716601028761077
NVIDIA GeForce GTX 1660 Ti,1024,32,8,eager-resident,,10,7.303247000000001,7.3491677,0.33781237565648436,7.0019723,7.6605932,111.43870544433594,True,0.04596607254675715
NVIDIA GeForce GTX 1660 Ti,1024,32,8,graph-resident,,10,1.598638,1.6062674000000001,0.02010064131204656,1.5902713000000002,1.6287711,24.393280029296875,True,0.01251388237851715
NVIDIA GeForce GTX 1660 Ti,4096,8,1,cpu,1.0,10,7.115062,7.119117900000001,0.016592415412202938,7.1078787000000005,7.1332771,27.141807556152344,True,0.0023306841725718487
NVIDIA GeForce GTX 1660 Ti,4096,8,1,cpu,8.0,10,5.903305,6.226859500000001,0.5361629231228239,5.8554703,7.0698846,22.51932144165039,True,0.08610486925597467
NVIDIA GeForce GTX 1660 Ti,4096,8,1,eager-host-visible,,10,8.677521500000001,8.710664900000001,0.18974761766705356,8.5482339,8.831895600000001,33.10211753845215,True,0.021783367842224483
NVIDIA GeForce GTX 1660 Ti,4096,8,1,eager-resident,,10,7.494979000000001,7.4373594,0.17724269992314073,7.1721669,7.5996065,28.591075897216797,True,0.02383140176379546
NVIDIA GeForce GTX 1660 Ti,4096,8,1,graph-resident,,10,1.8987905,1.9024799000000001,0.010795311456059654,1.8928397,1.9174545,7.243310928344727,True,0.0056743366676618515
NVIDIA GeForce GTX 1660 Ti,4096,8,8,cpu,1.0,10,10.552701500000001,10.5717193,0.3500821456318979,10.226368899999999,10.780061199999999,40.255361557006836,True,0.03311496793448705
NVIDIA GeForce GTX 1660 Ti,4096,8,8,cpu,8.0,10,6.275458,7.6153762,3.918571122881424,6.1261461,8.495785599999996,23.93897247314453,True,0.5145604130340171
NVIDIA GeForce GTX 1660 Ti,4096,8,8,eager-host-visible,,10,8.557338999999999,8.667670900000001,0.3992608485501539,8.440921600000001,8.8430551,32.64365768432617,True,0.04606322196083309
NVIDIA GeForce GTX 1660 Ti,4096,8,8,eager-resident,,10,7.147353,7.201788500000001,0.1585649635969436,7.115806,7.3170368,27.26498794555664,True,0.022017442416830707
NVIDIA GeForce GTX 1660 Ti,4096,8,8,graph-resident,,10,1.9030965,1.9060770999999999,0.007144089389916106,1.9013158,1.9166234,7.259737014770508,True,0.003748058979312068
NVIDIA GeForce GTX 1660 Ti,4096,32,1,cpu,1.0,10,9.352939,9.3679511,0.08769525070435713,9.2828619,9.4894937,35.67863082885742,True,0.00936119859809656
NVIDIA GeForce GTX 1660 Ti,4096,32,1,cpu,8.0,10,11.460694,14.2505053,12.23603376082386,5.4730764,26.247900099999992,43.719078063964844,True,0.8586385888242054
NVIDIA GeForce GTX 1660 Ti,4096,32,1,eager-host-visible,,10,8.815968999999999,8.898242999999999,0.2239992332119814,8.7431959,9.0989906,33.630252838134766,True,0.025173422799532608
NVIDIA GeForce GTX 1660 Ti,4096,32,1,eager-resident,,10,7.008409,7.0105521,0.14620544738403785,6.8425109,7.2328221,26.73495864868164,True,0.020855054680220954
NVIDIA GeForce GTX 1660 Ti,4096,32,1,graph-resident,,10,3.4669670000000004,3.4703927,0.009648579032398625,3.4637315,3.4783402000000003,13.22542953491211,True,0.0027802556847236985
NVIDIA GeForce GTX 1660 Ti,4096,32,8,cpu,1.0,10,12.3653255,12.4273662,0.2246354051647054,12.2193899,12.6417687,47.169973373413086,True,0.01807586591957879
NVIDIA GeForce GTX 1660 Ti,4096,32,8,cpu,8.0,10,5.808085999999999,6.0045802,0.6991999317405256,5.6470798,6.2004892,22.156089782714844,True,0.11644443215872537
NVIDIA GeForce GTX 1660 Ti,4096,32,8,eager-host-visible,,10,8.793052,8.843321,0.19928750767672326,8.6255491,9.0993866,33.54283142089844,True,0.02253536965091771
NVIDIA GeForce GTX 1660 Ti,4096,32,8,eager-resident,,10,7.0669699999999995,7.0660101,0.015615812736881063,7.0458521,7.0813626,26.958351135253906,True,0.002209990152275761
NVIDIA GeForce GTX 1660 Ti,4096,32,8,graph-resident,,10,2.8760190000000003,2.8810112,0.018300858964661833,2.8614957000000003,2.9013338,10.971141815185547,True,0.006352234578144588
NVIDIA GeForce GTX 1660 Ti,16384,8,1,cpu,1.0,10,20.203483,20.2901981,0.24331212106101627,20.1742848,20.3470325,19.267542839050293,True,0.011991608946440807
NVIDIA GeForce GTX 1660 Ti,16384,8,1,cpu,8.0,10,10.056398999999999,20.445292799999997,21.740413009424536,9.341058,61.1513348,9.590529441833496,True,1.063345642544407
NVIDIA GeForce GTX 1660 Ti,16384,8,1,eager-host-visible,,10,9.4456525,9.4687434,0.05238087238932431,9.432478999999999,9.5248851,9.008076190948486,True,0.005531977177597221
NVIDIA GeForce GTX 1660 Ti,16384,8,1,eager-resident,,10,7.187981,7.1531179,0.1301442573646217,6.996307900000001,7.3053227,6.854992866516113,True,0.01819406015447078
NVIDIA GeForce GTX 1660 Ti,16384,8,1,graph-resident,,10,4.312866,4.2578997,0.07951748270251274,4.1562349,4.322629999999999,4.113069534301758,True,0.018675283192441744
NVIDIA GeForce GTX 1660 Ti,16384,8,8,cpu,1.0,10,33.037077499999995,32.9960875,0.41208894610191654,32.553050199999994,33.4764853,31.506612300872803,True,0.012489024527587295
NVIDIA GeForce GTX 1660 Ti,16384,8,8,cpu,8.0,10,11.966756,11.989454,1.0607685113921466,10.810842399999999,13.000978,11.41238784790039,True,0.08847513084350184
NVIDIA GeForce GTX 1660 Ti,16384,8,8,eager-host-visible,,10,9.687537500000001,9.7214756,0.07267396163719402,9.6685614,9.831729399999999,9.238755702972412,True,0.007475610146796441
NVIDIA GeForce GTX 1660 Ti,16384,8,8,eager-resident,,10,7.206283,7.2284396,0.07771514836489606,7.1701331,7.2657879,6.8724470138549805,True,0.01075130355448997
NVIDIA GeForce GTX 1660 Ti,16384,8,8,graph-resident,,10,4.1837025,4.1869284,0.010319934584202701,4.1811149,4.1949852,3.989889621734619,True,0.002464798438923078
NVIDIA GeForce GTX 1660 Ti,16384,32,1,cpu,1.0,10,29.565658499999998,29.6282129,0.1721385208445345,29.5374167,29.7327249,28.196009159088135,True,0.005809952879221226
NVIDIA GeForce GTX 1660 Ti,16384,32,1,cpu,8.0,10,10.3102575,13.424758700000002,7.027088526060499,10.209122,20.716901099999998,9.832627773284912,True,0.5234424456404194
NVIDIA GeForce GTX 1660 Ti,16384,32,1,eager-host-visible,,10,12.439213,12.401359000000001,0.2307072235853149,12.309224799999999,12.5949428,11.862957954406738,True,0.018603382386181616
NVIDIA GeForce GTX 1660 Ti,16384,32,1,eager-resident,,10,8.9887595,9.022651100000001,0.06819795268424375,8.967126500000001,9.1286826,8.572349071502686,True,0.007558527081274787
NVIDIA GeForce GTX 1660 Ti,16384,32,1,graph-resident,,10,8.9194715,8.921746299999999,0.006911249702880552,8.915977,8.9284634,8.50627088546753,True,0.0007746521219596384
NVIDIA GeForce GTX 1660 Ti,16384,32,8,cpu,1.0,10,42.096537,42.104613799999996,0.23466099717905337,41.8268197,42.4168149,40.14638614654541,True,0.0055732846355914896
NVIDIA GeForce GTX 1660 Ti,16384,32,8,cpu,8.0,10,11.9203305,12.252830900000001,0.6157092670153216,11.6778678,12.9902119,11.368113040924072,True,0.0502503684283541
NVIDIA GeForce GTX 1660 Ti,16384,32,8,eager-host-visible,,10,11.378646499999999,11.4097885,0.10406963311515108,11.3043192,11.509549999999999,10.85152292251587,True,0.00912108345524118
NVIDIA GeForce GTX 1660 Ti,16384,32,8,eager-resident,,10,8.9901545,9.0069448,0.043351425407297195,8.9623685,9.0670184,8.573679447174072,True,0.004813111034864696
NVIDIA GeForce GTX 1660 Ti,16384,32,8,graph-resident,,10,8.962436,8.967502,0.013529585597662278,8.9577633,8.980547,8.547245025634766,True,0.0015087351636679065
NVIDIA GeForce GTX 1660 Ti,65536,8,1,cpu,1.0,10,73.229917,73.769547,1.434433957593333,72.4774692,75.5151771,17.459372758865356,True,0.019444798238944492
NVIDIA GeForce GTX 1660 Ti,65536,8,1,cpu,8.0,10,20.6190585,21.085536400000002,1.4833200160564886,19.828517299999998,23.0138412,4.915966629981995,True,0.07034774870875414
NVIDIA GeForce GTX 1660 Ti,65536,8,1,eager-host-visible,,10,20.430660500000002,20.5287183,0.25147685467080755,20.3375651,20.7390222,4.8710490465164185,True,0.012250002703325494
NVIDIA GeForce GTX 1660 Ti,65536,8,1,eager-resident,,10,14.625897,14.624874299999998,0.028118527040014073,14.5830905,14.656422899999999,3.4870855808258057,True,0.0019226508524599131
NVIDIA GeForce GTX 1660 Ti,65536,8,1,graph-resident,,10,15.0843275,15.1163276,0.1365733474716052,15.036137,15.155271599999999,3.5963839292526245,True,0.009034823211399918
NVIDIA GeForce GTX 1660 Ti,65536,8,8,cpu,1.0,10,126.6478885,127.58641359999999,4.154896786682193,124.3225213,130.723176,30.195209622383118,True,0.032565354487573694
NVIDIA GeForce GTX 1660 Ti,65536,8,8,cpu,8.0,10,26.6128895,28.5417982,3.888718942397605,26.149297400000002,35.0113981,6.345007300376892,True,0.13624645914557706
NVIDIA GeForce GTX 1660 Ti,65536,8,8,eager-host-visible,,10,20.5163205,20.755065600000002,0.40091785967568644,20.4567699,21.2245763,4.891471982002258,True,0.019316626957598552
NVIDIA GeForce GTX 1660 Ti,65536,8,8,eager-resident,,10,14.794866,14.811489,0.0804521668253189,14.7246138,14.910292,3.5273709297180176,True,0.005431740645745941
NVIDIA GeForce GTX 1660 Ti,65536,8,8,graph-resident,,10,14.644974000000001,14.647570400000001,0.008882887095734081,14.6395959,14.6597521,3.491633892059326,True,0.0006064409900862521
NVIDIA GeForce GTX 1660 Ti,65536,32,1,cpu,1.0,10,186.595815,190.5553651,12.846761025202733,178.5123531,205.0190707,44.48790907859802,True,0.06741747217907502
NVIDIA GeForce GTX 1660 Ti,65536,32,1,cpu,8.0,10,123.93050550000001,138.3696715,27.69895762812712,119.7488158,169.5451189,29.54733502864838,True,0.20018084402351938
NVIDIA GeForce GTX 1660 Ti,65536,32,1,eager-host-visible,,10,36.5808705,36.687633899999994,0.24339651477485097,36.478307199999996,36.9582666,8.721559166908264,True,0.006634293054664695
NVIDIA GeForce GTX 1660 Ti,65536,32,1,eager-resident,,10,33.8261525,32.7041984,1.5751918913134357,30.696882900000002,34.001238,8.064783215522766,True,0.048164821899852335
NVIDIA GeForce GTX 1660 Ti,65536,32,1,graph-resident,,10,30.634723,30.6370832,0.015314401963872914,30.6216941,30.6570319,7.303887128829956,True,0.0004998648815195604
NVIDIA GeForce GTX 1660 Ti,65536,32,8,cpu,1.0,10,230.31138950000002,230.789808,3.601111909842415,227.3472269,233.7330109,54.91051423549652,True,0.015603426949609556
NVIDIA GeForce GTX 1660 Ti,65536,32,8,cpu,8.0,10,135.4086345,133.6995921,4.8843973280880215,127.4777918,138.6051669,32.283934235572815,True,0.036532626998852465
NVIDIA GeForce GTX 1660 Ti,65536,32,8,eager-host-visible,,10,36.657348,36.7320455,0.21031011771522,36.513082600000004,36.9581014,8.739792823791504,True,0.005725521539910431
NVIDIA GeForce GTX 1660 Ti,65536,32,8,eager-resident,,10,30.7150645,30.7401702,0.05207784423725708,30.6905138,30.7972657,7.323042035102844,True,0.00169412999012143
NVIDIA GeForce GTX 1660 Ti,65536,32,8,graph-resident,,10,30.727088000000002,30.724307599999996,0.015306431264160597,30.7053164,30.7409341,7.325908660888672,True,0.0004981863696795107
NVIDIA GeForce GTX 1660 Ti,262144,8,1,cpu,1.0,10,652.880033,653.2406708999999,5.4718897717886685,647.5581853,660.6477948,38.91468244791031,True,0.008376529532752136
NVIDIA GeForce GTX 1660 Ti,262144,8,1,cpu,8.0,10,261.990898,272.37122680000004,26.313147334383956,254.75422179999998,291.65108,15.615874409675602,True,0.09660766169587173
NVIDIA GeForce GTX 1660 Ti,262144,8,1,eager-host-visible,,10,73.501426,73.51583289999999,0.30368231473054164,73.1610938,73.8435763,4.381026387214661,True,0.004130842333564063
NVIDIA GeForce GTX 1660 Ti,262144,8,1,eager-resident,,10,57.837868,60.5929672,4.493996129251924,57.492621299999996,67.0193107,3.4474055767059326,True,0.0741669592515338
NVIDIA GeForce GTX 1660 Ti,262144,8,1,graph-resident,,10,56.915139499999995,56.946655299999996,0.09414119354583007,56.8541126,57.0653069,3.3924066722393036,True,0.0016531470206614589
NVIDIA GeForce GTX 1660 Ti,262144,8,8,cpu,1.0,10,843.341838,844.7803182,8.664210843350004,836.4079319,857.2112703,50.26709067821503,True,0.010256170340013497
NVIDIA GeForce GTX 1660 Ti,262144,8,8,cpu,8.0,10,300.3492595,312.8936096,44.2778118432793,281.7483932,332.6546711,17.902210921049118,True,0.14151075792146603
NVIDIA GeForce GTX 1660 Ti,262144,8,8,eager-host-visible,,10,73.007074,74.5285902,3.537912074265641,72.8159231,78.3465732,4.351560711860657,True,0.04747053533109286
NVIDIA GeForce GTX 1660 Ti,262144,8,8,eager-resident,,10,57.6371455,57.6344849,0.039033143220289356,57.5964237,57.680516399999995,3.4354415833950043,True,0.0006772532675188246
NVIDIA GeForce GTX 1660 Ti,262144,8,8,graph-resident,,10,57.5400775,57.542762200000006,0.03324859251423434,57.507878500000004,57.578862699999995,3.4296558797359467,True,0.0005778066822491593
NVIDIA GeForce GTX 1660 Ti,262144,32,1,cpu,1.0,10,1841.1009635,1844.7729232999998,44.959377422456505,1793.3416977,1909.4425694000001,109.73816892504692,True,0.024371225777767524
NVIDIA GeForce GTX 1660 Ti,262144,32,1,cpu,8.0,10,942.2626445000001,963.0052398,118.86571426756404,856.8269842000001,1049.6867537,56.16323021054268,True,0.12343205348732106
NVIDIA GeForce GTX 1660 Ti,262144,32,1,eager-host-visible,,10,134.5953775,134.7854535,0.38925180627804234,134.4506797,135.20741170000002,8.022509664297104,True,0.002887936317831526
NVIDIA GeForce GTX 1660 Ti,262144,32,1,eager-resident,,10,118.69819749999999,118.7101458,0.041988078744114574,118.6705075,118.76065609999999,7.0749638974666595,True,0.000353702528635211
NVIDIA GeForce GTX 1660 Ti,262144,32,1,graph-resident,,10,118.635199,118.64831269999999,0.07442732530768383,118.5814883,118.75017,7.071208894252777,True,0.0006272935839877631
NVIDIA GeForce GTX 1660 Ti,262144,32,8,cpu,1.0,10,2001.560072,2000.7287068,9.720041340785002,1987.7544527999999,2011.3225997,119.30227708816528,True,0.004858250550286452
NVIDIA GeForce GTX 1660 Ti,262144,32,8,cpu,8.0,10,1280.28706,1705.6391014,863.2544480421412,858.5122433,2726.2848659,76.31105542182922,True,0.5061178811705103
NVIDIA GeForce GTX 1660 Ti,262144,32,8,eager-host-visible,,10,134.507539,134.7174059,0.5619421305024745,134.427269,135.04221379999998,8.017274081707,True,0.004171265967811176
NVIDIA GeForce GTX 1660 Ti,262144,32,8,eager-resident,,10,118.9858665,121.02407550000001,4.43934523878703,118.8484129,128.2482941,7.092110306024551,True,0.03668150506786585
NVIDIA GeForce GTX 1660 Ti,262144,32,8,graph-resident,,10,118.7637955,118.804844,0.09260968340657719,118.7238535,118.93412380000001,7.078873842954636,True,0.000779511005515711
NVIDIA GeForce GTX 1660 Ti,1048576,8,1,cpu,1.0,10,2962.6108545,2959.4236422000004,26.427670075065375,2932.0596448,2986.8842455,44.146341897547245,True,0.008930005727540704
NVIDIA GeForce GTX 1660 Ti,1048576,8,1,cpu,8.0,10,1284.18926,1292.238862,112.47579401889041,1175.0683794000001,1453.2358034000001,19.13591116666794,True,0.08703947646707627
NVIDIA GeForce GTX 1660 Ti,1048576,8,1,eager-host-visible,,10,277.7354485,277.9858954,1.3600343383361377,276.4891201,279.8211352,4.138580687344074,True,0.004892458073742031
NVIDIA GeForce GTX 1660 Ti,1048576,8,1,eager-resident,,10,232.165725,232.1651816,0.06020082932652095,232.1151183,232.2436659,3.4595388919115067,True,0.0002593017131666265
NVIDIA GeForce GTX 1660 Ti,1048576,8,1,graph-resident,,10,229.1193515,229.1287832,0.0696184391998493,229.0668741,229.2179657,3.414144389331341,True,0.0003038397805267501
NVIDIA GeForce GTX 1660 Ti,1048576,8,8,cpu,1.0,10,3773.5584765,3762.5274758,29.16155082167768,3735.0977603,3786.8986648,56.23040313273668,True,0.007750521692995015
NVIDIA GeForce GTX 1660 Ti,1048576,8,8,cpu,8.0,10,1662.76985,2173.9179732000002,1034.2942539767914,1308.9780258,3906.4826239999998,24.77720156311989,True,0.47577427792931565
NVIDIA GeForce GTX 1660 Ti,1048576,8,8,eager-host-visible,,10,275.0151125,277.82863069999996,8.039257238494502,274.3991369,280.5755327,4.0980445221066475,True,0.028936028724754835
NVIDIA GeForce GTX 1660 Ti,1048576,8,8,eager-resident,,10,229.457433,229.45240819999998,0.07387203881758866,229.3748746,229.5235025,3.4191821962594986,True,0.00032194928524436673
NVIDIA GeForce GTX 1660 Ti,1048576,8,8,graph-resident,,10,229.1699365,229.17112459999998,0.06842423041291358,229.0949514,229.21715799999998,3.4148981645703316,True,0.00029857265190953985
NVIDIA GeForce GTX 1660 Ti,1048576,32,1,cpu,1.0,10,7618.2542965,7643.1752429,78.64924035608315,7580.6444157000005,7758.9878511,113.52083528786898,True,0.01029012653205133
NVIDIA GeForce GTX 1660 Ti,1048576,32,1,cpu,8.0,10,3571.793322,3603.0602946,180.76967519347582,3409.9233541,3816.6758218,53.223868042230606,True,0.05017114908246194
NVIDIA GeForce GTX 1660 Ti,1048576,32,1,eager-host-visible,,10,521.4379705,521.986818,1.0234257160627136,520.9892598,523.1568335,7.770031251013279,True,0.0019606351746275586
NVIDIA GeForce GTX 1660 Ti,1048576,32,1,eager-resident,,10,473.832112,474.8078464,3.0707642893875455,473.7797265,474.9441503,7.060648679733276,True,0.006467383200741363
NVIDIA GeForce GTX 1660 Ti,1048576,32,1,graph-resident,,10,473.6106415,473.612759,0.03201821149146104,473.5777594,473.6470097,7.057348512113094,True,6.760419959771617e-05
NVIDIA GeForce GTX 1660 Ti,1048576,32,8,cpu,1.0,10,8433.594007,8436.6031442,107.20135726875336,8375.304614800001,8508.7469397,125.67034374177456,False,0.012706696692548848
NVIDIA GeForce GTX 1660 Ti,1048576,32,8,cpu,8.0,10,3649.470168,3643.4168624,96.26632738058693,3496.5125547000002,3744.0336638,54.38134324550629,False,0.026421990954165524
NVIDIA GeForce GTX 1660 Ti,1048576,32,8,eager-host-visible,,10,522.1238925,523.0188892,1.856431484769851,521.55916,525.3918595,7.780252285301685,False,0.0035494539931615362
NVIDIA GeForce GTX 1660 Ti,1048576,32,8,eager-resident,,10,473.9387585,475.30368150000004,4.180512746714496,473.89304599999997,475.65883740000004,7.062237836420536,False,0.008795456272337953
NVIDIA GeForce GTX 1660 Ti,1048576,32,8,graph-resident,,10,473.76556300000004,473.8110589,0.18988998659601153,473.70016780000003,473.8641512,7.059657022356987,False,0.0004007715375763078
NVIDIA L4,256,8,1,cpu,1.0,7,4.21478,4.181866714285714,0.07298513818514524,4.087309,4.2424698,257.249755859375,True,0.0174527652772433
NVIDIA L4,256,8,1,cpu,8.0,7,6.034072,6.285401285714285,0.6495110761397672,5.8687176,6.9074212,368.29052734375,True,0.10333645325335111
NVIDIA L4,256,8,1,eager-host-visible,,7,13.68717,13.663906285714287,0.12079286207072776,13.5178502,13.7818988,835.3985595703125,True,0.008840287656028319
NVIDIA L4,256,8,1,eager-resident,,7,10.997509,10.966307142857143,0.10360345452803604,10.8581422,11.057979399999999,671.2346801757812,True,0.009447433231479178
NVIDIA L4,256,8,1,graph-resident,,7,0.989049,0.9895568571428571,0.006038851171886145,0.9843111999999999,0.9955598,60.36676025390625,True,0.0061025813002014775
NVIDIA L4,256,8,8,cpu,1.0,7,4.391623,4.357773714285714,0.09511891142970184,4.2312672,4.4337234,268.0433959960937,True,0.021827409513688542
NVIDIA L4,256,8,8,cpu,8.0,7,6.01514,6.051236142857143,0.1613362071270515,5.9378132,6.2154166,367.135009765625,True,0.02666169412633023
NVIDIA L4,256,8,8,eager-host-visible,,7,13.274732,13.149437285714285,0.4615811336466989,12.6128724,13.6001984,810.225341796875,True,0.03510272900789196
NVIDIA L4,256,8,8,eager-resident,,7,14.0058,14.117508571428571,1.9267238401940971,12.0299314,15.9171906,854.84619140625,True,0.1364776107941211
NVIDIA L4,256,8,8,graph-resident,,7,1.005396,1.0079204285714287,0.01031488837970209,0.9986446,1.0188252,61.364501953125,True,0.010233832043985704
NVIDIA L4,256,32,1,cpu,1.0,7,4.403811,4.393719571428571,0.11751776418745835,4.2774498,4.4942688,268.78729248046875,True,0.026746760296595055
NVIDIA L4,256,32,1,cpu,8.0,7,6.150963,6.242195571428572,0.2199257909362892,6.0354718,6.4984736000000005,375.4249877929688,True,0.03523212120154024
NVIDIA L4,256,32,1,eager-host-visible,,7,13.851102,14.132373142857144,0.638766788928591,13.5266918,14.850230400000001,845.4041748046875,True,0.045198834086222786
NVIDIA L4,256,32,1,eager-resident,,7,12.316119,12.512473714285715,2.045471692393771,10.88935,14.484560400000001,751.7162475585938,True,0.16347460455069082
NVIDIA L4,256,32,1,graph-resident,,7,1.004405,1.004662142857143,0.010424242968973364,0.9936196,1.0156738,61.30401611328125,True,0.010375869184567881
NVIDIA L4,256,32,8,cpu,1.0,7,4.599769,4.571372428571428,0.106738952706837,4.4701056,4.656658,280.74761962890625,True,0.023349432664840512
NVIDIA L4,256,32,8,cpu,8.0,7,6.322345,6.431967571428571,0.49549898316708907,6.1164616,6.874021000000001,385.8853149414063,True,0.07703692185391979
NVIDIA L4,256,32,8,eager-host-visible,,7,13.493359,13.842946,0.9578407747947116,13.2541574,14.7200764,823.5692749023438,True,0.06919341986848115
NVIDIA L4,256,32,8,eager-resident,,7,11.082376,11.068479142857143,0.09276116735902785,10.9680606,11.1510244,676.41455078125,True,0.008380660627516266
NVIDIA L4,256,32,8,graph-resident,,7,1.025601,1.0306365714285715,0.016087604626514405,1.016644,1.0466546,62.59771728515625,True,0.015609386540800975
NVIDIA L4,4096,8,1,cpu,1.0,7,11.891486,11.830950142857144,0.19469058678873694,11.6054226,12.0249804,45.36241912841797,True,0.016456039830941224
NVIDIA L4,4096,8,1,cpu,8.0,7,13.26959,13.31749642857143,0.37661842728985756,12.9663918,13.7967468,50.61946868896485,True,0.028279972088587037
NVIDIA L4,4096,8,1,eager-host-visible,,7,14.149188,14.11904,0.3524516880760638,13.8402332,14.388521200000001,53.97486877441406,True,0.02496286490271745
NVIDIA L4,4096,8,1,eager-resident,,7,10.420494,10.636387714285714,0.49902496505576205,10.3020052,11.265706,39.75102996826172,True,0.04691677084932909
NVIDIA L4,4096,8,1,graph-resident,,7,1.321063,1.3250164285714285,0.008578642644325915,1.3193694,1.3343972,5.039455413818359,True,0.006474367003566145
NVIDIA L4,4096,8,8,cpu,1.0,7,17.301043,17.277729857142855,0.20760571760304763,17.102469000000003,17.4276966,65.99824142456055,True,0.012015798332280355
NVIDIA L4,4096,8,8,cpu,8.0,7,12.563711,13.301275857142857,1.0362433652634284,12.4927112,14.6893306,47.926753997802734,True,0.07790556157114509
NVIDIA L4,4096,8,8,eager-host-visible,,7,13.979275,14.02942842857143,0.23188142507386322,13.8253048,14.2467496,53.32670211791992,True,0.01652821611760237
NVIDIA L4,4096,8,8,eager-resident,,7,13.41168,16.499244,4.983772190345315,12.112961,22.025916000000002,51.1614990234375,True,0.3020606392841584
NVIDIA L4,4096,8,8,graph-resident,,7,1.346431,1.3492588571428572,0.005111982603927502,1.3448494,1.3552506,5.136226654052734,True,0.0037887337754835683
NVIDIA L4,4096,32,1,cpu,1.0,7,16.953713,17.008369285714284,0.23115075566659535,16.8163536,17.24699,64.67328262329102,True,0.01359041256593271
NVIDIA L4,4096,32,1,cpu,8.0,7,16.283606,16.14404342857143,1.0235516128352378,15.023751,17.0349442,62.11702728271484,True,0.06340119297646184
NVIDIA L4,4096,32,1,eager-host-visible,,7,14.002234,14.030336,0.12710141905187383,13.8868304,14.164579,53.414283752441406,True,0.009059043137090503
NVIDIA L4,4096,32,1,eager-resident,,7,14.427451,15.082946285714286,3.845331186492424,11.465328600000001,19.261457200000002,55.03635787963867,True,0.2549456262490641
NVIDIA L4,4096,32,1,graph-resident,,7,1.499323,1.5000125714285715,0.009248150695447889,1.4915574,1.5125358,5.719463348388672,True,0.006165382125191257
NVIDIA L4,4096,32,8,cpu,1.0,7,24.586374,24.75698157142857,1.931831066080473,23.261749000000002,26.592522000000002,93.7895736694336,True,0.0780317689580523
NVIDIA L4,4096,32,8,cpu,8.0,7,17.093571,16.866647714285715,1.1304315924220745,15.501259600000001,17.9525286,65.2067985534668,True,0.06702171122389788
NVIDIA L4,4096,32,8,eager-host-visible,,7,14.463775,14.393552999999999,0.35167408830430813,13.999663199999999,14.7166396,55.174922943115234,True,0.02443275043377463
NVIDIA L4,4096,32,8,eager-resident,,7,10.983792,10.929563142857143,0.15342415010511298,10.7775476,11.0518462,41.89984130859375,True,0.014037537283032314
NVIDIA L4,4096,32,8,graph-resident,,7,1.519106,1.5201304285714285,0.00923650810384429,1.5118846,1.5284926,5.794929504394531,True,0.006076128686223638
NVIDIA L4,65536,8,1,cpu,1.0,7,148.290991,153.841789,14.181053187569722,143.2235152,167.6244618,35.35532736778259,True,0.09217946098878063
NVIDIA L4,65536,8,1,cpu,8.0,7,51.960508,52.16604842857142,1.6279173837422714,50.640501400000005,54.338929,12.388350486755373,True,0.03120645386762051
NVIDIA L4,65536,8,1,eager-host-visible,,7,25.004406,25.18496742857143,0.4153050161856373,24.8303348,25.7134004,5.961514949798584,True,0.016490194691079443
NVIDIA L4,65536,8,1,eager-resident,,7,11.555067,11.486362999999999,0.40521841374086953,11.0581202,11.846295999999999,2.7549426555633545,True,0.03527821763432599
NVIDIA L4,65536,8,1,graph-resident,,7,4.769648,4.790731857142857,0.044310391450269854,4.7596364,4.852123,1.1371726989746094,True,0.009249190472684085
NVIDIA L4,65536,8,8,cpu,1.0,7,232.196991,230.94472885714285,4.150633385613468,225.7530746,234.98587,55.360076665878296,True,0.017972410135331365
NVIDIA L4,65536,8,8,cpu,8.0,7,63.720208,63.740788,1.0062286732063772,62.8893156,64.5831354,15.192081451416016,True,0.015786260333122602
NVIDIA L4,65536,8,8,eager-host-visible,,7,23.856334,23.836004142857142,0.26949427853693514,23.5108448,24.1262212,5.687793254852295,True,0.011306185253273402
NVIDIA L4,65536,8,8,eager-resident,,7,11.154411,11.212677714285714,0.29603613426670045,10.9508908,11.5210908,2.659418821334839,True,0.026401912354042805
NVIDIA L4,65536,8,8,graph-resident,,7,4.869677,4.870381285714286,0.048355478540748585,4.8207004,4.9188258,1.1610214710235596,True,0.00992847904589811
NVIDIA L4,65536,32,1,cpu,1.0,7,296.864748,310.042177,36.34503193557181,288.2412132,344.6530308,70.77807140350342,True,0.11722608932516886
NVIDIA L4,65536,32,1,cpu,8.0,7,67.167752,68.00605414285714,2.5430194058219744,65.2563222,70.72473,16.014039993286133,True,0.037394014957550285
NVIDIA L4,65536,32,1,eager-host-visible,,7,25.062547,26.435406285714286,3.5132322799722338,24.5585278,29.532344600000002,5.975376844406128,True,0.13289874352605607
NVIDIA L4,65536,32,1,eager-resident,,7,11.217806,11.41475257142857,0.8152963091657449,10.9119248,12.0516026,2.6745333671569824,True,0.07142479033723896
NVIDIA L4,65536,32,1,graph-resident,,7,7.490028,7.543989428571429,0.0780686663689027,7.4792432,7.6363156,1.785761833190918,True,0.010348459141953783
NVIDIA L4,65536,32,8,cpu,1.0,7,914.410074,994.1690004285714,208.51371222097362,855.7527638,1220.5003840000002,218.01235055923465,True,0.20973668675153467
NVIDIA L4,65536,32,8,cpu,8.0,7,215.079549,212.38746514285714,6.850211924751877,204.24456320000002,218.8403996,51.27896046638489,True,0.03225337201583084
NVIDIA L4,65536,32,8,eager-host-visible,,7,22.677598,22.830202857142858,0.3594468604376395,22.547556,23.236328999999998,5.406760692596436,True,0.01574435683672341
NVIDIA L4,65536,32,8,eager-resident,,7,11.20895,11.230915714285715,0.26235859964224206,11.0234764,11.4646182,2.672421932220459,True,0.02336039253758464
NVIDIA L4,65536,32,8,graph-resident,,7,7.580756,7.611821571428571,0.08280949853097958,7.5330978,7.7130814,1.8073930740356443,True,0.010879064591031665
NVIDIA L4,1048576,8,1,cpu,1.0,7,3764.690488,3788.3036015714283,78.29801514284264,3740.1402776,3853.000982,56.098259806633,True,0.02066835802451625
NVIDIA L4,1048576,8,1,cpu,8.0,7,1440.411504,1445.9884978571429,12.425229485893837,1433.3449315999999,1460.9193023999999,21.463804006576535,True,0.00859289648866999
NVIDIA L4,1048576,8,1,eager-host-visible,,7,226.689313,227.05221485714287,0.8399469096112433,226.4968324,227.9513002,3.377933993935585,True,0.0036993557192988523
NVIDIA L4,1048576,8,1,eager-resident,,7,108.38227,108.35993542857143,0.16447215275425248,108.1586844,108.5154344,1.615021675825119,True,0.001517831771528408
NVIDIA L4,1048576,8,1,graph-resident,,7,107.861647,108.484376,1.072718888210543,107.630381,109.929075,1.6072637885808945,True,0.009888233935276937
NVIDIA L4,1048576,8,8,cpu,1.0,7,5085.713811,5172.029953285714,283.4610471464532,5002.7902518,5410.9367554,75.78304128348827,True,0.05480653625495239
NVIDIA L4,1048576,8,8,cpu,8.0,7,1058.538469,1057.8437252857143,7.27949221431005,1049.4405284,1065.8889588,15.773452356457712,True,0.00688144386576942
NVIDIA L4,1048576,8,8,eager-host-visible,,7,219.84195,214.00162628571428,19.045947011842745,199.3190712,224.3273566,3.2759003341197968,True,0.08899907604634012
NVIDIA L4,1048576,8,8,eager-resident,,7,109.952543,109.77432914285714,0.44914094684646216,109.3800816,110.0252498,1.6384205669164658,True,0.004091493433423429
NVIDIA L4,1048576,8,8,graph-resident,,7,108.553492,109.31195828571428,1.4776366166486574,108.01363979999999,111.2713468,1.617573082447052,True,0.01351761179491893
NVIDIA L4,1048576,32,1,cpu,1.0,7,10592.571787,10595.99586457143,310.4668666647055,10260.3524876,10936.3592672,157.84161965548992,True,0.029300395227859287
NVIDIA L4,1048576,32,1,cpu,8.0,7,2113.913749,2114.220701857143,85.76696010623488,2011.980951,2207.9918862,31.49976952373981,True,0.04056670149473832
NVIDIA L4,1048576,32,1,eager-host-visible,,7,477.267707,477.58443342857146,1.7495425948463166,476.282528,479.0500196,7.111843034625053,True,0.003663315787506675
NVIDIA L4,1048576,32,1,eager-resident,,7,363.734853,364.7754415714286,2.0628477359170185,363.2953988,367.6577046,5.420071676373482,True,0.005655116822093084
NVIDIA L4,1048576,32,1,graph-resident,,7,363.88039,365.0113892857143,1.6227818808659675,363.7267306,366.8497466,5.422240346670151,True,0.004445839029958947
NVIDIA L4,1048576,32,8,cpu,1.0,7,11693.120682,11743.208110428572,192.3317989393583,11561.8552468,11960.0583506,174.24107614159584,False,0.0163781308421638
NVIDIA L4,1048576,32,8,cpu,8.0,7,2814.359351,2823.54839,23.87901845859822,2801.5501744000003,2854.9761962,41.93722234666348,False,0.008457095526738333
NVIDIA L4,1048576,32,8,eager-host-visible,,7,438.455361,442.53189000000003,8.033884649459422,436.9968536,454.15407419999997,6.533494010567665,False,0.018154363179248893
NVIDIA L4,1048576,32,8,eager-resident,,7,364.065756,365.4701521428571,2.610120002540782,363.4770764,369.183086,5.4250025153160095,False,0.007141814419691715
NVIDIA L4,1048576,32,8,graph-resident,,7,365.76065,366.5817972857143,1.7336647027609446,364.9866672,368.755944,5.450258404016495,False,0.0047292711083789145
