target_active_sessions,deadline_ms,grouping,threshold_k,repetitions,event_count_mean,fixed_window_eligible_share_mean,exact_optimal_share_mean,exact_optimal_share_min,exact_optimal_share_max,local_upper_share_mean,exact_batch_count_mean,alignment_gap_closure_mean,solver_elapsed_s_mean
1000,10,event_class,32,3,6564.0,0.0,0.0,0.0,0.0,0.0,0.0,,0.012384757089118162
1000,10,event_class,64,3,6564.0,0.0,0.0,0.0,0.0,0.0,0.0,,0.012529734677324692
1000,10,event_class,128,3,6564.0,0.0,0.0,0.0,0.0,0.0,0.0,,0.012419920259465774
1000,10,event_class,256,3,6564.0,0.0,0.0,0.0,0.0,0.0,0.0,,0.012793919071555138
1000,10,pooled,32,3,6564.0,0.0,0.0,0.0,0.0,0.0,0.0,,0.012758883026738962
1000,10,pooled,64,3,6564.0,0.0,0.0,0.0,0.0,0.0,0.0,,0.012522717161724964
1000,10,pooled,128,3,6564.0,0.0,0.0,0.0,0.0,0.0,0.0,,0.01256331397841374
1000,10,pooled,256,3,6564.0,0.0,0.0,0.0,0.0,0.0,0.0,,0.012558964546769857
1000,10,route_key,32,3,6564.0,0.0,0.0,0.0,0.0,0.0,0.0,,0.012819602464636167
1000,10,route_key,64,3,6564.0,0.0,0.0,0.0,0.0,0.0,0.0,,0.012682923891892036
1000,10,route_key,128,3,6564.0,0.0,0.0,0.0,0.0,0.0,0.0,,0.01262646804874142
1000,10,route_key,256,3,6564.0,0.0,0.0,0.0,0.0,0.0,0.0,,0.012526382536937794
1000,25,event_class,32,3,6564.0,0.0,0.0,0.0,0.0,0.0,0.0,,0.012569791326920191
1000,25,event_class,64,3,6564.0,0.0,0.0,0.0,0.0,0.0,0.0,,0.012484659596035877
1000,25,event_class,128,3,6564.0,0.0,0.0,0.0,0.0,0.0,0.0,,0.012565377944459518
1000,25,event_class,256,3,6564.0,0.0,0.0,0.0,0.0,0.0,0.0,,0.012555244068304697
1000,25,pooled,32,3,6564.0,0.0,0.0,0.0,0.0,0.0,0.0,,0.012683341279625893
1000,25,pooled,64,3,6564.0,0.0,0.0,0.0,0.0,0.0,0.0,,0.012864746619015932
1000,25,pooled,128,3,6564.0,0.0,0.0,0.0,0.0,0.0,0.0,,0.012572519791622957
1000,25,pooled,256,3,6564.0,0.0,0.0,0.0,0.0,0.0,0.0,,0.012584231017778317
1000,25,route_key,32,3,6564.0,0.0,0.0,0.0,0.0,0.0,0.0,,0.013067118357867002
1000,25,route_key,64,3,6564.0,0.0,0.0,0.0,0.0,0.0,0.0,,0.01298581575974822
1000,25,route_key,128,3,6564.0,0.0,0.0,0.0,0.0,0.0,0.0,,0.012709753277401129
1000,25,route_key,256,3,6564.0,0.0,0.0,0.0,0.0,0.0,0.0,,0.012657269680251678
1000,50,event_class,32,3,6564.0,0.0,0.0,0.0,0.0,0.0,0.0,,0.012726195932676395
1000,50,event_class,64,3,6564.0,0.0,0.0,0.0,0.0,0.0,0.0,,0.012573557440191507
1000,50,event_class,128,3,6564.0,0.0,0.0,0.0,0.0,0.0,0.0,,0.012979929490635792
1000,50,event_class,256,3,6564.0,0.0,0.0,0.0,0.0,0.0,0.0,,0.013222502389301857
1000,50,pooled,32,3,6564.0,0.0,0.0,0.0,0.0,0.0,0.0,,0.012704489131768545
1000,50,pooled,64,3,6564.0,0.0,0.0,0.0,0.0,0.0,0.0,,0.01290738582611084
1000,50,pooled,128,3,6564.0,0.0,0.0,0.0,0.0,0.0,0.0,,0.012788673552374044
1000,50,pooled,256,3,6564.0,0.0,0.0,0.0,0.0,0.0,0.0,,0.012912395720680555
1000,50,route_key,32,3,6564.0,0.0,0.0,0.0,0.0,0.0,0.0,,0.013790493520597616
1000,50,route_key,64,3,6564.0,0.0,0.0,0.0,0.0,0.0,0.0,,0.013159770363320908
1000,50,route_key,128,3,6564.0,0.0,0.0,0.0,0.0,0.0,0.0,,0.012843457981944084
1000,50,route_key,256,3,6564.0,0.0,0.0,0.0,0.0,0.0,0.0,,0.01261350450416406
1000,100,event_class,32,3,6564.0,0.0,0.0,0.0,0.0,0.0,0.0,,0.013074941312273344
1000,100,event_class,64,3,6564.0,0.0,0.0,0.0,0.0,0.0,0.0,,0.012904312461614609
1000,100,event_class,128,3,6564.0,0.0,0.0,0.0,0.0,0.0,0.0,,0.012649595737457275
1000,100,event_class,256,3,6564.0,0.0,0.0,0.0,0.0,0.0,0.0,,0.012638949323445559
1000,100,pooled,32,3,6564.0,0.0,0.0,0.0,0.0,0.0,0.0,,0.012720601788411537
1000,100,pooled,64,3,6564.0,0.0,0.0,0.0,0.0,0.0,0.0,,0.01288954665263494
1000,100,pooled,128,3,6564.0,0.0,0.0,0.0,0.0,0.0,0.0,,0.013359594934930405
1000,100,pooled,256,3,6564.0,0.0,0.0,0.0,0.0,0.0,0.0,,0.013164172880351543
1000,100,route_key,32,3,6564.0,0.0,0.0,0.0,0.0,0.0,0.0,,0.012927664599070946
1000,100,route_key,64,3,6564.0,0.0,0.0,0.0,0.0,0.0,0.0,,0.012818154413253069
1000,100,route_key,128,3,6564.0,0.0,0.0,0.0,0.0,0.0,0.0,,0.012714547260353962
1000,100,route_key,256,3,6564.0,0.0,0.0,0.0,0.0,0.0,0.0,,0.012580552604049444
1000,250,event_class,32,3,6564.0,0.0,0.0,0.0,0.0,0.0,0.0,,0.012599993341912826
1000,250,event_class,64,3,6564.0,0.0,0.0,0.0,0.0,0.0,0.0,,0.012489920326819023
1000,250,event_class,128,3,6564.0,0.0,0.0,0.0,0.0,0.0,0.0,,0.012501480523496866
1000,250,event_class,256,3,6564.0,0.0,0.0,0.0,0.0,0.0,0.0,,0.012452003235618273
1000,250,pooled,32,3,6564.0,0.2633852928137646,0.5688030920738667,0.48029243483788936,0.6577990987062073,0.6633457862950443,108.66666666666667,0.764391948712522,0.013681928316752115
1000,250,pooled,64,3,6564.0,0.0,0.0,0.0,0.0,0.0,0.0,,0.01273008311788241
1000,250,pooled,128,3,6564.0,0.0,0.0,0.0,0.0,0.0,0.0,,0.012636258577307066
1000,250,pooled,256,3,6564.0,0.0,0.0,0.0,0.0,0.0,0.0,,0.01258752898623546
1000,250,route_key,32,3,6564.0,0.0,0.0,0.0,0.0,0.0,0.0,,0.012687420938163996
1000,250,route_key,64,3,6564.0,0.0,0.0,0.0,0.0,0.0,0.0,,0.012476726745565733
1000,250,route_key,128,3,6564.0,0.0,0.0,0.0,0.0,0.0,0.0,,0.012430275169511637
1000,250,route_key,256,3,6564.0,0.0,0.0,0.0,0.0,0.0,0.0,,0.012165662987778584
10000,10,event_class,32,3,65348.0,0.0,0.0,0.0,0.0,0.0,0.0,,0.13125894513602057
10000,10,event_class,64,3,65348.0,0.0,0.0,0.0,0.0,0.0,0.0,,0.1269310599503418
10000,10,event_class,128,3,65348.0,0.0,0.0,0.0,0.0,0.0,0.0,,0.13035339132572213
10000,10,event_class,256,3,65348.0,0.0,0.0,0.0,0.0,0.0,0.0,,0.12782898529743156
10000,10,pooled,32,3,65348.0,0.0,0.0,0.0,0.0,0.0,0.0,,0.12741811061277986
10000,10,pooled,64,3,65348.0,0.0,0.0,0.0,0.0,0.0,0.0,,0.12682378447304168
10000,10,pooled,128,3,65348.0,0.0,0.0,0.0,0.0,0.0,0.0,,0.12823662937929234
10000,10,pooled,256,3,65348.0,0.0,0.0,0.0,0.0,0.0,0.0,,0.1267377456339697
10000,10,route_key,32,3,65348.0,0.0,0.0,0.0,0.0,0.0,0.0,,0.1272009100454549
10000,10,route_key,64,3,65348.0,0.0,0.0,0.0,0.0,0.0,0.0,,0.1278966343961656
10000,10,route_key,128,3,65348.0,0.0,0.0,0.0,0.0,0.0,0.0,,0.12653533151994148
10000,10,route_key,256,3,65348.0,0.0,0.0,0.0,0.0,0.0,0.0,,0.12423754173020522
10000,25,event_class,32,3,65348.0,0.0,0.0,0.0,0.0,0.0,0.0,,0.1276359485151867
10000,25,event_class,64,3,65348.0,0.0,0.0,0.0,0.0,0.0,0.0,,0.12784470431506634
10000,25,event_class,128,3,65348.0,0.0,0.0,0.0,0.0,0.0,0.0,,0.12788817705586553
10000,25,event_class,256,3,65348.0,0.0,0.0,0.0,0.0,0.0,0.0,,0.12648252692694464
10000,25,pooled,32,3,65348.0,0.2608774990383474,0.567420281916748,0.5246076084064911,0.6067390422992026,0.6643894728705783,1071.3333333333333,0.7596117759485237,0.139314289825658
10000,25,pooled,64,3,65348.0,0.0,0.0,0.0,0.0,0.0,0.0,,0.1313716876320541
10000,25,pooled,128,3,65348.0,0.0,0.0,0.0,0.0,0.0,0.0,,0.12830901239067316
10000,25,pooled,256,3,65348.0,0.0,0.0,0.0,0.0,0.0,0.0,,0.13003615460669002
10000,25,route_key,32,3,65348.0,0.0,0.0,0.0,0.0,0.0,0.0,,0.12788040144369006
10000,25,route_key,64,3,65348.0,0.0,0.0,0.0,0.0,0.0,0.0,,0.12840924070527157
10000,25,route_key,128,3,65348.0,0.0,0.0,0.0,0.0,0.0,0.0,,0.1277591922941307
10000,25,route_key,256,3,65348.0,0.0,0.0,0.0,0.0,0.0,0.0,,0.12389215128496289
10000,50,event_class,32,3,65348.0,0.2559862070174031,0.5470114324113857,0.48972661690374475,0.5913479586167545,0.6403864526501815,1033.3333333333333,0.757161199804736,0.13807694738109907
10000,50,event_class,64,3,65348.0,0.0,0.0,0.0,0.0,0.0,0.0,,0.1269711529215177
10000,50,event_class,128,3,65348.0,0.0,0.0,0.0,0.0,0.0,0.0,,0.1267150629622241
10000,50,event_class,256,3,65348.0,0.0,0.0,0.0,0.0,0.0,0.0,,0.12997308311363062
10000,50,pooled,32,3,65348.0,0.9995201059939806,1.0,1.0,1.0,1.0,1179.0,1.0,0.1702626971527934
10000,50,pooled,64,3,65348.0,0.13628398303025513,0.3866514110062466,0.32436661815564216,0.4323317867171194,0.4799701202059916,373.3333333333333,0.7282613018008983,0.13637367139259973
10000,50,pooled,128,3,65348.0,0.0,0.0,0.0,0.0,0.0,0.0,,0.12795714863265553
10000,50,pooled,256,3,65348.0,0.0,0.0,0.0,0.0,0.0,0.0,,0.1303153980212907
10000,50,route_key,32,3,65348.0,0.09203562380434112,0.2224630036228752,0.20003755692221023,0.2376113755645063,0.2659918132558617,421.6666666666667,0.7500931810217395,0.13251905608922243
10000,50,route_key,64,3,65348.0,0.0,0.0,0.0,0.0,0.0,0.0,,0.1293589356355369
10000,50,route_key,128,3,65348.0,0.0,0.0,0.0,0.0,0.0,0.0,,0.12708504466960827
10000,50,route_key,256,3,65348.0,0.0,0.0,0.0,0.0,0.0,0.0,,0.12781588391711315
10000,100,event_class,32,3,65348.0,0.9933151349847736,0.9943667718206811,0.9942256232101779,0.9944892412571137,0.9943667718206811,1179.3333333333333,1.0,0.16630737110972404
10000,100,event_class,64,3,65348.0,0.14129433793152177,0.3741314358033132,0.3125361876594213,0.4203792963647011,0.45425126805962385,361.6666666666667,0.7441012249436767,0.13385859100768963
10000,100,event_class,128,3,65348.0,0.0,0.0,0.0,0.0,0.0,0.0,,0.12806844136988124
10000,100,event_class,256,3,65348.0,0.0,0.0,0.0,0.0,0.0,0.0,,0.12755596078932285
10000,100,pooled,32,3,65348.0,1.0,1.0,1.0,1.0,1.0,595.0,,0.16850513654450575
10000,100,pooled,64,3,65348.0,1.0,1.0,1.0,1.0,1.0,595.0,,0.17016226487855116
10000,100,pooled,128,3,65348.0,0.04889455831265684,0.19569983347782852,0.13783390451152527,0.23583644908929832,0.24868643381941546,96.66666666666667,0.7432192435807347,0.13119317622234425
10000,100,pooled,256,3,65348.0,0.0,0.0,0.0,0.0,0.0,0.0,,0.12940836853037277
10000,100,route_key,32,3,65348.0,0.48187060742436566,0.4924263657164219,0.4875444839857651,0.495422922006591,0.4944546645698713,614.6666666666666,0.8390843404129086,0.14636721011872092
10000,100,route_key,64,3,65348.0,0.03905804453211459,0.12563121853624962,0.10969751028903181,0.14098925912364213,0.1542480760116828,122.33333333333333,0.7516000707146517,0.1289271799226602
10000,100,route_key,128,3,65348.0,0.0,0.0,0.0,0.0,0.0,0.0,,0.1262405882589519
10000,100,route_key,256,3,65348.0,0.0,0.0,0.0,0.0,0.0,0.0,,0.12625446108480295
10000,250,event_class,32,3,65348.0,0.9943667718206811,0.9943667718206811,0.9942256232101779,0.9944892412571137,0.9943667718206811,477.6666666666667,,0.16703443632771572
10000,250,event_class,64,3,65348.0,0.9943667718206811,0.9943667718206811,0.9942256232101779,0.9944892412571137,0.9943667718206811,477.6666666666667,,0.16656568149725595
10000,250,event_class,128,3,65348.0,0.7614566541370493,0.9463768091253772,0.9166236326933008,0.9669654789254771,0.9727992065441291,452.3333333333333,0.8800548948295793,0.15723829064518213
10000,250,event_class,256,3,65348.0,0.0,0.0,0.0,0.0,0.0,0.0,,0.1279159140152236
10000,250,pooled,32,3,65348.0,1.0,1.0,1.0,1.0,1.0,240.0,,0.17018152059366307
10000,250,pooled,64,3,65348.0,1.0,1.0,1.0,1.0,1.0,240.0,,0.16747163189575076
10000,250,pooled,128,3,65348.0,1.0,1.0,1.0,1.0,1.0,240.0,,0.16551841717834273
10000,250,pooled,256,3,65348.0,0.8552227885408185,0.9878050224343978,0.9693754596810792,0.9996846704806522,0.9970629991001799,239.33333333333334,0.9531197765018202,0.16136308790495
10000,250,route_key,32,3,65348.0,0.6622233351595285,0.6623657331415457,0.6574170007658002,0.6651104601489076,0.6623657331415457,474.6666666666667,1.0,0.15197989670559764
10000,250,route_key,64,3,65348.0,0.48934409338080403,0.5095043580940213,0.5009154499788743,0.5155925790308801,0.5171697103423969,268.0,0.7383261342514941,0.14580325627078614
10000,250,route_key,128,3,65348.0,0.3138904121114939,0.435849813714069,0.41689748525108367,0.44644653663077916,0.45994603728546996,212.0,0.8375379459512785,0.13644101563841105
10000,250,route_key,256,3,65348.0,0.0,0.0,0.0,0.0,0.0,0.0,,0.12464434560388327
100000,10,event_class,32,3,651123.3333333334,0.9937247814223041,0.9942183048177164,0.9941543024426226,0.9943393816863073,0.9942183048177164,11782.333333333334,1.0,1.7184484372846782
100000,10,event_class,64,3,651123.3333333334,0.1301369209640596,0.360607530942858,0.35693946076359806,0.3670978970623834,0.44231837085622017,3468.0,0.7382820667447697,1.3550744204161067
100000,10,event_class,128,3,651123.3333333334,0.0,0.0,0.0,0.0,0.0,0.0,,1.2953299945220351
100000,10,event_class,256,3,651123.3333333334,0.0,0.0,0.0,0.0,0.0,0.0,,1.301588281833877
100000,10,pooled,32,3,651123.3333333334,1.0,1.0,1.0,1.0,1.0,5945.333333333333,,1.7119380005945761
100000,10,pooled,64,3,651123.3333333334,1.0,1.0,1.0,1.0,1.0,5945.333333333333,,1.6922246548347175
100000,10,pooled,128,3,651123.3333333334,0.04316798885666833,0.18159017194369195,0.17392976771308866,0.19327537972686018,0.2287668527641189,890.3333333333334,0.7456583940487728,1.3402507707166176
100000,10,pooled,256,3,651123.3333333334,0.0,0.0,0.0,0.0,0.0,0.0,,1.3003847210978468
100000,10,route_key,32,3,651123.3333333334,0.48130201920689225,0.48996727916294636,0.4879809948471295,0.49149693736536815,0.4914143390685919,6085.666666666667,0.8563688371211117,1.4933708266665537
100000,10,route_key,64,3,651123.3333333334,0.03545958221152996,0.12402196662826814,0.12058547933697374,0.12723458858060502,0.1534496195826933,1199.0,0.7506571815540269,1.3200885145924985
100000,10,route_key,128,3,651123.3333333334,0.0,0.0,0.0,0.0,0.0,0.0,,1.2987716762969892
100000,10,route_key,256,3,651123.3333333334,0.0,0.0,0.0,0.0,0.0,0.0,,1.2992216008715332
100000,25,event_class,32,3,651123.3333333334,0.9942183048177164,0.9942183048177164,0.9941543024426226,0.9943393816863073,0.9942183048177164,4765.0,,1.680913757532835
100000,25,event_class,64,3,651123.3333333334,0.9942183048177164,0.9942183048177164,0.9941543024426226,0.9943393816863073,0.9942183048177164,4765.0,,1.6815841674494247
100000,25,event_class,128,3,651123.3333333334,0.7438539255983204,0.9397237464576397,0.9333788767696164,0.943636185357573,0.9671273812803453,4483.333333333333,0.87731946820015,1.577467023084561
100000,25,event_class,256,3,651123.3333333334,0.0,0.0,0.0,0.0,0.0,0.0,,1.3030480110707383
100000,25,pooled,32,3,651123.3333333334,1.0,1.0,1.0,1.0,1.0,2391.6666666666665,,1.7041219412349164
100000,25,pooled,64,3,651123.3333333334,1.0,1.0,1.0,1.0,1.0,2391.6666666666665,,1.6844136553506057
100000,25,pooled,128,3,651123.3333333334,1.0,1.0,1.0,1.0,1.0,2391.6666666666665,,1.7036373616817098
100000,25,pooled,256,3,651123.3333333334,0.8481190189917651,0.9872148667393298,0.982371920625176,0.9913713065300457,0.9932674511077808,2397.6666666666665,0.9587773468442821,1.6266964627429843
100000,25,route_key,32,3,651123.3333333334,0.6595621772424471,0.6600261320592228,0.6587073357243637,0.660994106664003,0.6600261320592228,4734.333333333333,1.0,1.554996117328604
100000,25,route_key,64,3,651123.3333333334,0.48500279426489595,0.5039956528454237,0.5020933055764553,0.5062677530159061,0.5093532933056797,2617.6666666666665,0.7803070738817984,1.4973414565126102
100000,25,route_key,128,3,651123.3333333334,0.29579022957408,0.42928638125790247,0.4224984575238218,0.43283210523484983,0.45520440328811307,2073.0,0.8375019410247404,1.3968260139226913
100000,25,route_key,256,3,651123.3333333334,0.0,0.0,0.0,0.0,0.0,0.0,,1.2997789185804625
100000,50,event_class,32,3,651123.3333333334,0.9942183048177164,0.9942183048177164,0.9941543024426226,0.9943393816863073,0.9942183048177164,2392.0,,1.69568264298141
100000,50,event_class,64,3,651123.3333333334,0.9942183048177164,0.9942183048177164,0.9941543024426226,0.9943393816863073,0.9942183048177164,2392.0,,1.684298930844913
100000,50,event_class,128,3,651123.3333333334,0.9942183048177164,0.9942183048177164,0.9941543024426226,0.9943393816863073,0.9942183048177164,2392.0,,1.688352748285979
100000,50,event_class,256,3,651123.3333333334,0.7836063747423943,0.9438170970117398,0.938577906202062,0.9471413094423997,0.9725412346475627,2255.3333333333335,0.8481873138960677,1.5820542437334855
100000,50,pooled,32,3,651123.3333333334,1.0,1.0,1.0,1.0,1.0,1198.0,,1.7085195508164663
100000,50,pooled,64,3,651123.3333333334,1.0,1.0,1.0,1.0,1.0,1198.0,,1.715852309949696
100000,50,pooled,128,3,651123.3333333334,1.0,1.0,1.0,1.0,1.0,1198.0,,1.703768470324576
100000,50,pooled,256,3,651123.3333333334,1.0,1.0,1.0,1.0,1.0,1198.0,,1.6873237953210871
100000,50,route_key,32,3,651123.3333333334,0.6618387460749148,0.6683499295332768,0.6675159902081612,0.6698809807371664,0.6698819459757704,2544.0,0.8098499367847314,1.583511662048598
100000,50,route_key,64,3,651123.3333333334,0.6600261320592228,0.6600261320592228,0.6587073357243637,0.660994106664003,0.6600261320592228,2384.0,,1.5524559887126088
100000,50,route_key,128,3,651123.3333333334,0.48038996852034654,0.48387544121394344,0.48241115568008197,0.4849151072611559,0.4844696380889962,1216.3333333333333,0.8555606921755636,1.4944257239500682
100000,50,route_key,256,3,651123.3333333334,0.30190190847479453,0.4300067740524279,0.4243186563455393,0.4341306368952031,0.4584865243288807,1046.3333333333333,0.8183322783920071,1.3983954371263583
100000,100,event_class,32,3,651123.3333333334,0.9942183048177164,0.9942183048177164,0.9941543024426226,0.9943393816863073,0.9942183048177164,1198.0,,1.7139516778600712
100000,100,event_class,64,3,651123.3333333334,0.9942183048177164,0.9942183048177164,0.9941543024426226,0.9943393816863073,0.9942183048177164,1198.0,,1.7032465279723208
100000,100,event_class,128,3,651123.3333333334,0.9942183048177164,0.9942183048177164,0.9941543024426226,0.9943393816863073,0.9942183048177164,1198.0,,1.7051361678168178
100000,100,event_class,256,3,651123.3333333334,0.9942183048177164,0.9942183048177164,0.9941543024426226,0.9943393816863073,0.9942183048177164,1198.0,,1.678367970045656
100000,100,pooled,32,3,651123.3333333334,1.0,1.0,1.0,1.0,1.0,600.0,,1.722957646784683
100000,100,pooled,64,3,651123.3333333334,1.0,1.0,1.0,1.0,1.0,600.0,,1.7082459502853453
100000,100,pooled,128,3,651123.3333333334,1.0,1.0,1.0,1.0,1.0,600.0,,1.7070938761656482
100000,100,pooled,256,3,651123.3333333334,1.0,1.0,1.0,1.0,1.0,600.0,,1.7139032773363094
100000,100,route_key,32,3,651123.3333333334,0.738549422372825,0.7495606591821048,0.7486065701862707,0.7512289949057604,0.7518865315224135,2626.6666666666665,0.8255957733437654,1.605984304100275
100000,100,route_key,64,3,651123.3333333334,0.660259267735359,0.6614756987608984,0.6602382721804997,0.6626030565437544,0.6616845045933702,1211.3333333333333,0.8510404180734573,1.5638646337514122
100000,100,route_key,128,3,651123.3333333334,0.6600261320592228,0.6600261320592228,0.6587073357243637,0.660994106664003,0.6600261320592228,1197.0,,1.5648655891418457
100000,100,route_key,256,3,651123.3333333334,0.47979282185193295,0.47979282185193295,0.478986166181229,0.48088085011563847,0.47979282185193295,599.0,,1.4883781373500824
100000,250,event_class,32,3,651123.3333333334,0.9942183048177164,0.9942346965388728,0.9941612303242194,0.9943393816863073,0.9942346965388728,480.3333333333333,1.0,1.7127919591342409
100000,250,event_class,64,3,651123.3333333334,0.9942183048177164,0.9942183048177164,0.9941543024426226,0.9943393816863073,0.9942183048177164,480.0,,1.709091366113474
100000,250,event_class,128,3,651123.3333333334,0.9942183048177164,0.9942183048177164,0.9941543024426226,0.9943393816863073,0.9942183048177164,480.0,,1.7022679881192744
100000,250,event_class,256,3,651123.3333333334,0.9942183048177164,0.9942183048177164,0.9941543024426226,0.9943393816863073,0.9942183048177164,480.0,,1.7045629103668034
100000,250,pooled,32,3,651123.3333333334,1.0,1.0,1.0,1.0,1.0,240.0,,1.7292879191227257
100000,250,pooled,64,3,651123.3333333334,1.0,1.0,1.0,1.0,1.0,240.0,,1.727549830141167
100000,250,pooled,128,3,651123.3333333334,1.0,1.0,1.0,1.0,1.0,240.0,,1.721457556200524
100000,250,pooled,256,3,651123.3333333334,1.0,1.0,1.0,1.0,1.0,240.0,,1.730417367381354
100000,250,route_key,32,3,651123.3333333334,0.8376409369440951,0.8485297285207287,0.8476356648187725,0.850051096068292,0.8497517135075844,2640.0,0.8991201729683272,1.6475665454442303
100000,250,route_key,64,3,651123.3333333334,0.75315977976136,0.7598863254763876,0.7589282157663634,0.7617586267835601,0.7608860159611606,1179.6666666666667,0.8706817112795037,1.6166723547503352
100000,250,route_key,128,3,651123.3333333334,0.6623194925567878,0.6697727015881819,0.6672958422321842,0.672224484621236,0.6727548797229644,527.6666666666666,0.7149656061078026,1.5711957456854482
100000,250,route_key,256,3,651123.3333333334,0.6600261320592228,0.6600261320592228,0.6587073357243637,0.660994106664003,0.6600261320592228,480.0,,1.5775422376270096
