target_active_sessions,deadline_ms,grouping,threshold_k,repetitions,fixed_window_eligible_share_mean,local_upper_share_mean,local_upper_share_min,local_upper_share_max,boundary_alignment_gap_mean,boundary_alignment_gap_max,event_count_mean,mean_active_sessions,fixed_cohort_p90,local_cohort_p90,local_cohort_max
1000,10,event_class,32,3,0.0,0.0,0.0,0.0,0.0,0.0,6564.0,1000.0003950774268,2.6666666666666665,3.0,7
1000,10,event_class,64,3,0.0,0.0,0.0,0.0,0.0,0.0,6564.0,1000.0003950774268,2.6666666666666665,3.0,7
1000,10,event_class,128,3,0.0,0.0,0.0,0.0,0.0,0.0,6564.0,1000.0003950774268,2.6666666666666665,3.0,7
1000,10,event_class,256,3,0.0,0.0,0.0,0.0,0.0,0.0,6564.0,1000.0003950774268,2.6666666666666665,3.0,7
1000,10,pooled,32,3,0.0,0.0,0.0,0.0,0.0,0.0,6564.0,1000.0003950774268,3.3333333333333335,4.333333333333333,8
1000,10,pooled,64,3,0.0,0.0,0.0,0.0,0.0,0.0,6564.0,1000.0003950774268,3.3333333333333335,4.333333333333333,8
1000,10,pooled,128,3,0.0,0.0,0.0,0.0,0.0,0.0,6564.0,1000.0003950774268,3.3333333333333335,4.333333333333333,8
1000,10,pooled,256,3,0.0,0.0,0.0,0.0,0.0,0.0,6564.0,1000.0003950774268,3.3333333333333335,4.333333333333333,8
1000,10,route_key,32,3,0.0,0.0,0.0,0.0,0.0,0.0,6564.0,1000.0003950774268,2.0,2.6666666666666665,5
1000,10,route_key,64,3,0.0,0.0,0.0,0.0,0.0,0.0,6564.0,1000.0003950774268,2.0,2.6666666666666665,5
1000,10,route_key,128,3,0.0,0.0,0.0,0.0,0.0,0.0,6564.0,1000.0003950774268,2.0,2.6666666666666665,5
1000,10,route_key,256,3,0.0,0.0,0.0,0.0,0.0,0.0,6564.0,1000.0003950774268,2.0,2.6666666666666665,5
1000,25,event_class,32,3,0.0,0.0,0.0,0.0,0.0,0.0,6564.0,1000.0003950774268,4.0,5.0,9
1000,25,event_class,64,3,0.0,0.0,0.0,0.0,0.0,0.0,6564.0,1000.0003950774268,4.0,5.0,9
1000,25,event_class,128,3,0.0,0.0,0.0,0.0,0.0,0.0,6564.0,1000.0003950774268,4.0,5.0,9
1000,25,event_class,256,3,0.0,0.0,0.0,0.0,0.0,0.0,6564.0,1000.0003950774268,4.0,5.0,9
1000,25,pooled,32,3,0.0,0.0,0.0,0.0,0.0,0.0,6564.0,1000.0003950774268,6.0,7.333333333333333,11
1000,25,pooled,64,3,0.0,0.0,0.0,0.0,0.0,0.0,6564.0,1000.0003950774268,6.0,7.333333333333333,11
1000,25,pooled,128,3,0.0,0.0,0.0,0.0,0.0,0.0,6564.0,1000.0003950774268,6.0,7.333333333333333,11
1000,25,pooled,256,3,0.0,0.0,0.0,0.0,0.0,0.0,6564.0,1000.0003950774268,6.0,7.333333333333333,11
1000,25,route_key,32,3,0.0,0.0,0.0,0.0,0.0,0.0,6564.0,1000.0003950774268,3.0,4.0,8
1000,25,route_key,64,3,0.0,0.0,0.0,0.0,0.0,0.0,6564.0,1000.0003950774268,3.0,4.0,8
1000,25,route_key,128,3,0.0,0.0,0.0,0.0,0.0,0.0,6564.0,1000.0003950774268,3.0,4.0,8
1000,25,route_key,256,3,0.0,0.0,0.0,0.0,0.0,0.0,6564.0,1000.0003950774268,3.0,4.0,8
1000,50,event_class,32,3,0.0,0.0,0.0,0.0,0.0,0.0,6564.0,1000.0003950774268,6.0,7.333333333333333,11
1000,50,event_class,64,3,0.0,0.0,0.0,0.0,0.0,0.0,6564.0,1000.0003950774268,6.0,7.333333333333333,11
1000,50,event_class,128,3,0.0,0.0,0.0,0.0,0.0,0.0,6564.0,1000.0003950774268,6.0,7.333333333333333,11
1000,50,event_class,256,3,0.0,0.0,0.0,0.0,0.0,0.0,6564.0,1000.0003950774268,6.0,7.333333333333333,11
1000,50,pooled,32,3,0.0,0.0,0.0,0.0,0.0,0.0,6564.0,1000.0003950774268,10.0,11.666666666666666,18
1000,50,pooled,64,3,0.0,0.0,0.0,0.0,0.0,0.0,6564.0,1000.0003950774268,10.0,11.666666666666666,18
1000,50,pooled,128,3,0.0,0.0,0.0,0.0,0.0,0.0,6564.0,1000.0003950774268,10.0,11.666666666666666,18
1000,50,pooled,256,3,0.0,0.0,0.0,0.0,0.0,0.0,6564.0,1000.0003950774268,10.0,11.666666666666666,18
1000,50,route_key,32,3,0.0,0.0,0.0,0.0,0.0,0.0,6564.0,1000.0003950774268,5.0,6.0,10
1000,50,route_key,64,3,0.0,0.0,0.0,0.0,0.0,0.0,6564.0,1000.0003950774268,5.0,6.0,10
1000,50,route_key,128,3,0.0,0.0,0.0,0.0,0.0,0.0,6564.0,1000.0003950774268,5.0,6.0,10
1000,50,route_key,256,3,0.0,0.0,0.0,0.0,0.0,0.0,6564.0,1000.0003950774268,5.0,6.0,10
1000,100,event_class,32,3,0.0,0.0,0.0,0.0,0.0,0.0,6564.0,1000.0003950774268,10.0,11.333333333333334,17
1000,100,event_class,64,3,0.0,0.0,0.0,0.0,0.0,0.0,6564.0,1000.0003950774268,10.0,11.333333333333334,17
1000,100,event_class,128,3,0.0,0.0,0.0,0.0,0.0,0.0,6564.0,1000.0003950774268,10.0,11.333333333333334,17
1000,100,event_class,256,3,0.0,0.0,0.0,0.0,0.0,0.0,6564.0,1000.0003950774268,10.0,11.333333333333334,17
1000,100,pooled,32,3,0.0,0.0,0.0,0.0,0.0,0.0,6564.0,1000.0003950774268,16.333333333333332,19.333333333333332,28
1000,100,pooled,64,3,0.0,0.0,0.0,0.0,0.0,0.0,6564.0,1000.0003950774268,16.333333333333332,19.333333333333332,28
1000,100,pooled,128,3,0.0,0.0,0.0,0.0,0.0,0.0,6564.0,1000.0003950774268,16.333333333333332,19.333333333333332,28
1000,100,pooled,256,3,0.0,0.0,0.0,0.0,0.0,0.0,6564.0,1000.0003950774268,16.333333333333332,19.333333333333332,28
1000,100,route_key,32,3,0.0,0.0,0.0,0.0,0.0,0.0,6564.0,1000.0003950774268,8.0,10.0,16
1000,100,route_key,64,3,0.0,0.0,0.0,0.0,0.0,0.0,6564.0,1000.0003950774268,8.0,10.0,16
1000,100,route_key,128,3,0.0,0.0,0.0,0.0,0.0,0.0,6564.0,1000.0003950774268,8.0,10.0,16
1000,100,route_key,256,3,0.0,0.0,0.0,0.0,0.0,0.0,6564.0,1000.0003950774268,8.0,10.0,16
1000,250,event_class,32,3,0.0,0.0,0.0,0.0,0.0,0.0,6564.0,1000.0003950774268,20.0,23.333333333333332,31
1000,250,event_class,64,3,0.0,0.0,0.0,0.0,0.0,0.0,6564.0,1000.0003950774268,20.0,23.333333333333332,31
1000,250,event_class,128,3,0.0,0.0,0.0,0.0,0.0,0.0,6564.0,1000.0003950774268,20.0,23.333333333333332,31
1000,250,event_class,256,3,0.0,0.0,0.0,0.0,0.0,0.0,6564.0,1000.0003950774268,20.0,23.333333333333332,31
1000,250,pooled,32,3,0.2633852928137646,0.6633457862950443,0.5692943420216148,0.7355720308184329,0.39996049348127966,0.4499309921791136,6564.0,1000.0003950774268,35.333333333333336,39.666666666666664,49
1000,250,pooled,64,3,0.0,0.0,0.0,0.0,0.0,0.0,6564.0,1000.0003950774268,35.333333333333336,39.666666666666664,49
1000,250,pooled,128,3,0.0,0.0,0.0,0.0,0.0,0.0,6564.0,1000.0003950774268,35.333333333333336,39.666666666666664,49
1000,250,pooled,256,3,0.0,0.0,0.0,0.0,0.0,0.0,6564.0,1000.0003950774268,35.333333333333336,39.666666666666664,49
1000,250,route_key,32,3,0.0,0.0,0.0,0.0,0.0,0.0,6564.0,1000.0003950774268,16.333333333333332,19.666666666666668,28
1000,250,route_key,64,3,0.0,0.0,0.0,0.0,0.0,0.0,6564.0,1000.0003950774268,16.333333333333332,19.666666666666668,28
1000,250,route_key,128,3,0.0,0.0,0.0,0.0,0.0,0.0,6564.0,1000.0003950774268,16.333333333333332,19.666666666666668,28
1000,250,route_key,256,3,0.0,0.0,0.0,0.0,0.0,0.0,6564.0,1000.0003950774268,16.333333333333332,19.666666666666668,28
10000,10,event_class,32,3,0.0,0.0,0.0,0.0,0.0,0.0,65348.0,10031.18676986284,9.666666666666666,11.666666666666666,21
10000,10,event_class,64,3,0.0,0.0,0.0,0.0,0.0,0.0,65348.0,10031.18676986284,9.666666666666666,11.666666666666666,21
10000,10,event_class,128,3,0.0,0.0,0.0,0.0,0.0,0.0,65348.0,10031.18676986284,9.666666666666666,11.666666666666666,21
10000,10,event_class,256,3,0.0,0.0,0.0,0.0,0.0,0.0,65348.0,10031.18676986284,9.666666666666666,11.666666666666666,21
10000,10,pooled,32,3,0.0,0.0,0.0,0.0,0.0,0.0,65348.0,10031.18676986284,16.0,19.333333333333332,29
10000,10,pooled,64,3,0.0,0.0,0.0,0.0,0.0,0.0,65348.0,10031.18676986284,16.0,19.333333333333332,29
10000,10,pooled,128,3,0.0,0.0,0.0,0.0,0.0,0.0,65348.0,10031.18676986284,16.0,19.333333333333332,29
10000,10,pooled,256,3,0.0,0.0,0.0,0.0,0.0,0.0,65348.0,10031.18676986284,16.0,19.333333333333332,29
10000,10,route_key,32,3,0.0,0.0,0.0,0.0,0.0,0.0,65348.0,10031.18676986284,8.0,10.0,19
10000,10,route_key,64,3,0.0,0.0,0.0,0.0,0.0,0.0,65348.0,10031.18676986284,8.0,10.0,19
10000,10,route_key,128,3,0.0,0.0,0.0,0.0,0.0,0.0,65348.0,10031.18676986284,8.0,10.0,19
10000,10,route_key,256,3,0.0,0.0,0.0,0.0,0.0,0.0,65348.0,10031.18676986284,8.0,10.0,19
10000,25,event_class,32,3,0.0,0.0,0.0,0.0,0.0,0.0,65348.0,10031.18676986284,19.666666666666668,22.666666666666668,31
10000,25,event_class,64,3,0.0,0.0,0.0,0.0,0.0,0.0,65348.0,10031.18676986284,19.666666666666668,22.666666666666668,31
10000,25,event_class,128,3,0.0,0.0,0.0,0.0,0.0,0.0,65348.0,10031.18676986284,19.666666666666668,22.666666666666668,31
10000,25,event_class,256,3,0.0,0.0,0.0,0.0,0.0,0.0,65348.0,10031.18676986284,19.666666666666668,22.666666666666668,31
10000,25,pooled,32,3,0.2608774990383474,0.6643894728705783,0.6196892164687103,0.7062480291905041,0.40351197383223086,0.41836719371743475,65348.0,10031.18676986284,35.333333333333336,39.666666666666664,52
10000,25,pooled,64,3,0.0,0.0,0.0,0.0,0.0,0.0,65348.0,10031.18676986284,35.333333333333336,39.666666666666664,52
10000,25,pooled,128,3,0.0,0.0,0.0,0.0,0.0,0.0,65348.0,10031.18676986284,35.333333333333336,39.666666666666664,52
10000,25,pooled,256,3,0.0,0.0,0.0,0.0,0.0,0.0,65348.0,10031.18676986284,35.333333333333336,39.666666666666664,52
10000,25,route_key,32,3,0.0,0.0,0.0,0.0,0.0,0.0,65348.0,10031.18676986284,17.0,20.0,31
10000,25,route_key,64,3,0.0,0.0,0.0,0.0,0.0,0.0,65348.0,10031.18676986284,17.0,20.0,31
10000,25,route_key,128,3,0.0,0.0,0.0,0.0,0.0,0.0,65348.0,10031.18676986284,17.0,20.0,31
10000,25,route_key,256,3,0.0,0.0,0.0,0.0,0.0,0.0,65348.0,10031.18676986284,17.0,20.0,31
10000,50,event_class,32,3,0.2559862070174031,0.6403864526501815,0.5794720122685946,0.6898809255672177,0.38440024563277836,0.40043845818880724,65348.0,10031.18676986284,34.666666666666664,39.666666666666664,52
10000,50,event_class,64,3,0.0,0.0,0.0,0.0,0.0,0.0,65348.0,10031.18676986284,34.666666666666664,39.666666666666664,52
10000,50,event_class,128,3,0.0,0.0,0.0,0.0,0.0,0.0,65348.0,10031.18676986284,34.666666666666664,39.666666666666664,52
10000,50,event_class,256,3,0.0,0.0,0.0,0.0,0.0,0.0,65348.0,10031.18676986284,34.666666666666664,39.666666666666664,52
10000,50,pooled,32,3,0.9995201059939806,1.0,1.0,1.0,0.00047989400601955445,0.0014396820180586634,65348.0,10031.18676986284,65.33333333333333,71.66666666666667,84
10000,50,pooled,64,3,0.13628398303025513,0.4799701202059916,0.4082437444251444,0.531285193026713,0.3436861371757365,0.3707674519873268,65348.0,10031.18676986284,65.33333333333333,71.66666666666667,84
10000,50,pooled,128,3,0.0,0.0,0.0,0.0,0.0,0.0,65348.0,10031.18676986284,65.33333333333333,71.66666666666667,84
10000,50,pooled,256,3,0.0,0.0,0.0,0.0,0.0,0.0,65348.0,10031.18676986284,65.33333333333333,71.66666666666667,84
10000,50,route_key,32,3,0.09203562380434112,0.2659918132558617,0.2397696508771106,0.2809410472354449,0.17395618945152055,0.18326651350661444,65348.0,10031.18676986284,31.0,36.0,48
10000,50,route_key,64,3,0.0,0.0,0.0,0.0,0.0,0.0,65348.0,10031.18676986284,31.0,36.0,48
10000,50,route_key,128,3,0.0,0.0,0.0,0.0,0.0,0.0,65348.0,10031.18676986284,31.0,36.0,48
10000,50,route_key,256,3,0.0,0.0,0.0,0.0,0.0,0.0,65348.0,10031.18676986284,31.0,36.0,48
10000,100,event_class,32,3,0.9933151349847736,0.9943667718206811,0.9942256232101779,0.9944892412571137,0.0010516368359073658,0.0013770871477082336,65348.0,10031.18676986284,65.0,72.0,89
10000,100,event_class,64,3,0.14129433793152177,0.45425126805962385,0.38171916811417306,0.5071850083337087,0.3129569301281021,0.33985014339985287,65348.0,10031.18676986284,65.0,72.0,89
10000,100,event_class,128,3,0.0,0.0,0.0,0.0,0.0,0.0,65348.0,10031.18676986284,65.0,72.0,89
10000,100,event_class,256,3,0.0,0.0,0.0,0.0,0.0,0.0,65348.0,10031.18676986284,65.0,72.0,89
10000,100,pooled,32,3,1.0,1.0,1.0,1.0,0.0,0.0,65348.0,10031.18676986284,123.33333333333333,133.0,152
10000,100,pooled,64,3,1.0,1.0,1.0,1.0,0.0,0.0,65348.0,10031.18676986284,123.33333333333333,133.0,152
10000,100,pooled,128,3,0.04889455831265684,0.24868643381941546,0.166345867956121,0.30794179918014325,0.19979187550675867,0.24876495938255477,65348.0,10031.18676986284,123.33333333333333,133.0,152
10000,100,pooled,256,3,0.0,0.0,0.0,0.0,0.0,0.0,65348.0,10031.18676986284,123.33333333333333,133.0,152
10000,100,route_key,32,3,0.48187060742436566,0.4944546645698713,0.48958661801582654,0.4976504332967167,0.012584057145505626,0.013029415354570972,65348.0,10031.18676986284,58.666666666666664,66.0,81
10000,100,route_key,64,3,0.03905804453211459,0.1542480760116828,0.13495454047540803,0.17360856829000365,0.11519003147956823,0.12236286919831223,65348.0,10031.18676986284,58.666666666666664,66.0,81
10000,100,route_key,128,3,0.0,0.0,0.0,0.0,0.0,0.0,65348.0,10031.18676986284,58.666666666666664,66.0,81
10000,100,route_key,256,3,0.0,0.0,0.0,0.0,0.0,0.0,65348.0,10031.18676986284,58.666666666666664,66.0,81
10000,250,event_class,32,3,0.9943667718206811,0.9943667718206811,0.9942256232101779,0.9944892412571137,0.0,0.0,65348.0,10031.18676986284,152.33333333333334,164.0,196
10000,250,event_class,64,3,0.9943667718206811,0.9943667718206811,0.9942256232101779,0.9944892412571137,0.0,0.0,65348.0,10031.18676986284,152.33333333333334,164.0,196
10000,250,event_class,128,3,0.7614566541370493,0.9727992065441291,0.9574041907265699,0.9816207937294473,0.2113425524070797,0.26263242727258496,65348.0,10031.18676986284,152.33333333333334,164.0,196
10000,250,event_class,256,3,0.0,0.0,0.0,0.0,0.0,0.0,65348.0,10031.18676986284,152.33333333333334,164.0,196
10000,250,pooled,32,3,1.0,1.0,1.0,1.0,0.0,0.0,65348.0,10031.18676986284,293.6666666666667,308.3333333333333,338
10000,250,pooled,64,3,1.0,1.0,1.0,1.0,0.0,0.0,65348.0,10031.18676986284,293.6666666666667,308.3333333333333,338
10000,250,pooled,128,3,1.0,1.0,1.0,1.0,0.0,0.0,65348.0,10031.18676986284,293.6666666666667,308.3333333333333,338
10000,250,pooled,256,3,0.8552227885408185,0.9970629991001799,0.9929580770855828,0.9999549529258075,0.14184021055936138,0.22077210772577183,65348.0,10031.18676986284,293.6666666666667,308.3333333333333,338
10000,250,route_key,32,3,0.6622233351595285,0.6623657331415457,0.6574170007658002,0.6651104601489076,0.0001423979820171691,0.0004271939460515073,65348.0,10031.18676986284,140.33333333333334,151.66666666666666,175
10000,250,route_key,64,3,0.48934409338080403,0.5171697103423969,0.5041390858019186,0.5248840473575003,0.02782561696159284,0.03569229845188221,65348.0,10031.18676986284,140.33333333333334,151.66666666666666,175
10000,250,route_key,128,3,0.3138904121114939,0.45994603728546996,0.4513403126613774,0.46739594776028315,0.14605562517397605,0.16806722689075632,65348.0,10031.18676986284,140.33333333333334,151.66666666666666,175
10000,250,route_key,256,3,0.0,0.0,0.0,0.0,0.0,0.0,65348.0,10031.18676986284,140.33333333333334,151.66666666666666,175
100000,10,event_class,32,3,0.9937247814223041,0.9942183048177164,0.9941543024426226,0.9943393816863073,0.0004935233954122727,0.0005578307606014521,651123.3333333334,99823.75911494302,65.0,72.0,93
100000,10,event_class,64,3,0.1301369209640596,0.44231837085622017,0.43750528248826326,0.45112041255940655,0.3121814498921606,0.3152981587422209,651123.3333333334,99823.75911494302,65.0,72.0,93
100000,10,event_class,128,3,0.0,0.0,0.0,0.0,0.0,0.0,651123.3333333334,99823.75911494302,65.0,72.0,93
100000,10,event_class,256,3,0.0,0.0,0.0,0.0,0.0,0.0,651123.3333333334,99823.75911494302,65.0,72.0,93
100000,10,pooled,32,3,1.0,1.0,1.0,1.0,0.0,0.0,651123.3333333334,99823.75911494302,123.0,133.0,159
100000,10,pooled,64,3,1.0,1.0,1.0,1.0,0.0,0.0,651123.3333333334,99823.75911494302,123.0,133.0,159
100000,10,pooled,128,3,0.04316798885666833,0.2287668527641189,0.2190008447076527,0.24389694594503497,0.18559886390745053,0.2018642390295171,651123.3333333334,99823.75911494302,123.0,133.0,159
100000,10,pooled,256,3,0.0,0.0,0.0,0.0,0.0,0.0,651123.3333333334,99823.75911494302,123.0,133.0,159
100000,10,route_key,32,3,0.48130201920689225,0.4914143390685919,0.489399611342162,0.493113285307627,0.0101123198616996,0.01168826393506417,651123.3333333334,99823.75911494302,59.0,66.0,87
100000,10,route_key,64,3,0.03545958221152996,0.1534496195826933,0.14853776335568963,0.1572667829454386,0.11799003737116333,0.1199013423282903,651123.3333333334,99823.75911494302,59.0,66.0,87
100000,10,route_key,128,3,0.0,0.0,0.0,0.0,0.0,0.0,651123.3333333334,99823.75911494302,59.0,66.0,87
100000,10,route_key,256,3,0.0,0.0,0.0,0.0,0.0,0.0,651123.3333333334,99823.75911494302,59.0,66.0,87
100000,25,event_class,32,3,0.9942183048177164,0.9942183048177164,0.9941543024426226,0.9943393816863073,0.0,0.0,651123.3333333334,99823.75911494302,152.33333333333334,163.33333333333334,191
100000,25,event_class,64,3,0.9942183048177164,0.9942183048177164,0.9941543024426226,0.9943393816863073,0.0,0.0,651123.3333333334,99823.75911494302,152.33333333333334,163.33333333333334,191
100000,25,event_class,128,3,0.7438539255983204,0.9671273812803453,0.962692847988011,0.9705839995342467,0.22327345568202472,0.2266447565811035,651123.3333333334,99823.75911494302,152.33333333333334,163.33333333333334,191
100000,25,event_class,256,3,0.0,0.0,0.0,0.0,0.0,0.0,651123.3333333334,99823.75911494302,152.33333333333334,163.33333333333334,191
100000,25,pooled,32,3,1.0,1.0,1.0,1.0,0.0,0.0,651123.3333333334,99823.75911494302,293.6666666666667,309.3333333333333,343
100000,25,pooled,64,3,1.0,1.0,1.0,1.0,0.0,0.0,651123.3333333334,99823.75911494302,293.6666666666667,309.3333333333333,343
100000,25,pooled,128,3,1.0,1.0,1.0,1.0,0.0,0.0,651123.3333333334,99823.75911494302,293.6666666666667,309.3333333333333,343
100000,25,pooled,256,3,0.8481190189917651,0.9932674511077808,0.9908913127433919,0.9954206028441596,0.14514843211601577,0.1532459699444093,651123.3333333334,99823.75911494302,293.6666666666667,309.3333333333333,343
100000,25,route_key,32,3,0.6595621772424471,0.6600261320592228,0.6587073357243637,0.660994106664003,0.0004639548167756728,0.0006939219514746631,651123.3333333334,99823.75911494302,140.0,151.66666666666666,181
100000,25,route_key,64,3,0.48500279426489595,0.5093532933056797,0.5069830704584655,0.5122183647767907,0.024350499040783753,0.025804879991910556,651123.3333333334,99823.75911494302,140.0,151.66666666666666,181
100000,25,route_key,128,3,0.29579022957408,0.45520440328811307,0.4502584128420181,0.4579381835006879,0.15941417371403308,0.16331322344440702,651123.3333333334,99823.75911494302,140.0,151.66666666666666,181
100000,25,route_key,256,3,0.0,0.0,0.0,0.0,0.0,0.0,651123.3333333334,99823.75911494302,140.0,151.66666666666666,181
100000,50,event_class,32,3,0.9942183048177164,0.9942183048177164,0.9941543024426226,0.9943393816863073,0.0,0.0,651123.3333333334,99823.75911494302,295.3333333333333,312.0,352
100000,50,event_class,64,3,0.9942183048177164,0.9942183048177164,0.9941543024426226,0.9943393816863073,0.0,0.0,651123.3333333334,99823.75911494302,295.3333333333333,312.0,352
100000,50,event_class,128,3,0.9942183048177164,0.9942183048177164,0.9941543024426226,0.9943393816863073,0.0,0.0,651123.3333333334,99823.75911494302,295.3333333333333,312.0,352
100000,50,event_class,256,3,0.7836063747423943,0.9725412346475627,0.9704937000810858,0.9738388130344917,0.18893485990516848,0.19852783919474282,651123.3333333334,99823.75911494302,295.3333333333333,312.0,352
100000,50,pooled,32,3,1.0,1.0,1.0,1.0,0.0,0.0,651123.3333333334,99823.75911494302,573.6666666666666,596.3333333333334,642
100000,50,pooled,64,3,1.0,1.0,1.0,1.0,0.0,0.0,651123.3333333334,99823.75911494302,573.6666666666666,596.3333333333334,642
100000,50,pooled,128,3,1.0,1.0,1.0,1.0,0.0,0.0,651123.3333333334,99823.75911494302,573.6666666666666,596.3333333333334,642
100000,50,pooled,256,3,1.0,1.0,1.0,1.0,0.0,0.0,651123.3333333334,99823.75911494302,573.6666666666666,596.3333333333334,642
100000,50,route_key,32,3,0.6618387460749148,0.6698819459757704,0.6689152543411582,0.6716036481824399,0.008043199900855705,0.009102015413340325,651123.3333333334,99823.75911494302,274.6666666666667,291.0,337
100000,50,route_key,64,3,0.6600261320592228,0.6600261320592228,0.6587073357243637,0.660994106664003,0.0,0.0,651123.3333333334,99823.75911494302,274.6666666666667,291.0,337
100000,50,route_key,128,3,0.48038996852034654,0.4844696380889962,0.483058918743432,0.4856903414400971,0.004079669568649654,0.005383740918575908,651123.3333333334,99823.75911494302,274.6666666666667,291.0,337
100000,50,route_key,256,3,0.30190190847479453,0.4584865243288807,0.45577286134331596,0.4606975189593306,0.15658461585408615,0.16653203657630294,651123.3333333334,99823.75911494302,274.6666666666667,291.0,337
100000,100,event_class,32,3,0.9942183048177164,0.9942183048177164,0.9941543024426226,0.9943393816863073,0.0,0.0,651123.3333333334,99823.75911494302,580.3333333333334,602.6666666666666,647
100000,100,event_class,64,3,0.9942183048177164,0.9942183048177164,0.9941543024426226,0.9943393816863073,0.0,0.0,651123.3333333334,99823.75911494302,580.3333333333334,602.6666666666666,647
100000,100,event_class,128,3,0.9942183048177164,0.9942183048177164,0.9941543024426226,0.9943393816863073,0.0,0.0,651123.3333333334,99823.75911494302,580.3333333333334,602.6666666666666,647
100000,100,event_class,256,3,0.9942183048177164,0.9942183048177164,0.9941543024426226,0.9943393816863073,0.0,0.0,651123.3333333334,99823.75911494302,580.3333333333334,602.6666666666666,647
100000,100,pooled,32,3,1.0,1.0,1.0,1.0,0.0,0.0,651123.3333333334,99823.75911494302,1127.0,1159.0,1220
100000,100,pooled,64,3,1.0,1.0,1.0,1.0,0.0,0.0,651123.3333333334,99823.75911494302,1127.0,1159.0,1220
100000,100,pooled,128,3,1.0,1.0,1.0,1.0,0.0,0.0,651123.3333333334,99823.75911494302,1127.0,1159.0,1220
100000,100,pooled,256,3,1.0,1.0,1.0,1.0,0.0,0.0,651123.3333333334,99823.75911494302,1127.0,1159.0,1220
100000,100,route_key,32,3,0.738549422372825,0.7518865315224135,0.750817366471275,0.7535924761999893,0.013337109149588522,0.013618410626391464,651123.3333333334,99823.75911494302,540.0,562.6666666666666,615
100000,100,route_key,64,3,0.660259267735359,0.6616845045933702,0.6604782983987482,0.6627044803184092,0.001425236858011214,0.0015136730005301802,651123.3333333334,99823.75911494302,540.0,562.6666666666666,615
100000,100,route_key,128,3,0.6600261320592228,0.6600261320592228,0.6587073357243637,0.660994106664003,0.0,0.0,651123.3333333334,99823.75911494302,540.0,562.6666666666666,615
100000,100,route_key,256,3,0.47979282185193295,0.47979282185193295,0.478986166181229,0.48088085011563847,0.0,0.0,651123.3333333334,99823.75911494302,540.0,562.6666666666666,615
100000,250,event_class,32,3,0.9942183048177164,0.9942346965388728,0.9941612303242194,0.9943393816863073,1.6391721156342836e-05,4.9175163469028504e-05,651123.3333333334,99823.75911494302,1429.6666666666667,1466.6666666666667,1537
100000,250,event_class,64,3,0.9942183048177164,0.9942183048177164,0.9941543024426226,0.9943393816863073,0.0,0.0,651123.3333333334,99823.75911494302,1429.6666666666667,1466.6666666666667,1537
100000,250,event_class,128,3,0.9942183048177164,0.9942183048177164,0.9941543024426226,0.9943393816863073,0.0,0.0,651123.3333333334,99823.75911494302,1429.6666666666667,1466.6666666666667,1537
100000,250,event_class,256,3,0.9942183048177164,0.9942183048177164,0.9941543024426226,0.9943393816863073,0.0,0.0,651123.3333333334,99823.75911494302,1429.6666666666667,1466.6666666666667,1537
100000,250,pooled,32,3,1.0,1.0,1.0,1.0,0.0,0.0,651123.3333333334,99823.75911494302,2782.0,2832.0,2906
100000,250,pooled,64,3,1.0,1.0,1.0,1.0,0.0,0.0,651123.3333333334,99823.75911494302,2782.0,2832.0,2906
100000,250,pooled,128,3,1.0,1.0,1.0,1.0,0.0,0.0,651123.3333333334,99823.75911494302,2782.0,2832.0,2906
100000,250,pooled,256,3,1.0,1.0,1.0,1.0,0.0,0.0,651123.3333333334,99823.75911494302,2782.0,2832.0,2906
100000,250,route_key,32,3,0.8376409369440951,0.8497517135075844,0.8489988906480554,0.851068407262557,0.012110776563489281,0.012186191026281379,651123.3333333334,99823.75911494302,1333.0,1369.0,1437
100000,250,route_key,64,3,0.75315977976136,0.7608860159611606,0.7599860907883784,0.7626191921442677,0.007726236199800581,0.007900863017344939,651123.3333333334,99823.75911494302,1333.0,1369.0,1437
100000,250,route_key,128,3,0.6623194925567878,0.6727548797229644,0.6693457697646413,0.675568395737128,0.010435387166176535,0.012169316234719174,651123.3333333334,99823.75911494302,1333.0,1369.0,1437
100000,250,route_key,256,3,0.6600261320592228,0.6600261320592228,0.6587073357243637,0.660994106664003,0.0,0.0,651123.3333333334,99823.75911494302,1333.0,1369.0,1437
