target_active_sessions,repetition,deadline_ms,grouping,threshold_k,horizon_s,mean_active_sessions,event_count,fixed_window_eligible_share,exact_optimal_share,local_upper_share,exact_accelerated_event_count,exact_batch_count,alignment_gap_closure,solver_elapsed_s,algorithm
1000,0,10,event_class,32,60.0,957.5933171032544,6292,0.0,0.0,0.0,0,0,,0.012245206162333488,unit_interval_monotone_dp
1000,0,10,event_class,64,60.0,957.5933171032544,6292,0.0,0.0,0.0,0,0,,0.012355064041912556,unit_interval_monotone_dp
1000,0,10,event_class,128,60.0,957.5933171032544,6292,0.0,0.0,0.0,0,0,,0.012336445972323418,unit_interval_monotone_dp
1000,0,10,event_class,256,60.0,957.5933171032544,6292,0.0,0.0,0.0,0,0,,0.012280768249183893,unit_interval_monotone_dp
1000,0,10,pooled,32,60.0,957.5933171032544,6292,0.0,0.0,0.0,0,0,,0.012562319170683622,unit_interval_monotone_dp
1000,0,10,pooled,64,60.0,957.5933171032544,6292,0.0,0.0,0.0,0,0,,0.012424586340785027,unit_interval_monotone_dp
1000,0,10,pooled,128,60.0,957.5933171032544,6292,0.0,0.0,0.0,0,0,,0.01241815509274602,unit_interval_monotone_dp
1000,0,10,pooled,256,60.0,957.5933171032544,6292,0.0,0.0,0.0,0,0,,0.012362890876829624,unit_interval_monotone_dp
1000,0,10,route_key,32,60.0,957.5933171032544,6292,0.0,0.0,0.0,0,0,,0.012609453871846199,unit_interval_monotone_dp
1000,0,10,route_key,64,60.0,957.5933171032544,6292,0.0,0.0,0.0,0,0,,0.012640982866287231,unit_interval_monotone_dp
1000,0,10,route_key,128,60.0,957.5933171032544,6292,0.0,0.0,0.0,0,0,,0.012362497858703136,unit_interval_monotone_dp
1000,0,10,route_key,256,60.0,957.5933171032544,6292,0.0,0.0,0.0,0,0,,0.012614289298653603,unit_interval_monotone_dp
1000,0,25,event_class,32,60.0,957.5933171032544,6292,0.0,0.0,0.0,0,0,,0.01233879616484046,unit_interval_monotone_dp
1000,0,25,event_class,64,60.0,957.5933171032544,6292,0.0,0.0,0.0,0,0,,0.01205233484506607,unit_interval_monotone_dp
1000,0,25,event_class,128,60.0,957.5933171032544,6292,0.0,0.0,0.0,0,0,,0.011933407746255398,unit_interval_monotone_dp
1000,0,25,event_class,256,60.0,957.5933171032544,6292,0.0,0.0,0.0,0,0,,0.011942734010517597,unit_interval_monotone_dp
1000,0,25,pooled,32,60.0,957.5933171032544,6292,0.0,0.0,0.0,0,0,,0.012144321110099554,unit_interval_monotone_dp
1000,0,25,pooled,64,60.0,957.5933171032544,6292,0.0,0.0,0.0,0,0,,0.012018632143735886,unit_interval_monotone_dp
1000,0,25,pooled,128,60.0,957.5933171032544,6292,0.0,0.0,0.0,0,0,,0.012070616241544485,unit_interval_monotone_dp
1000,0,25,pooled,256,60.0,957.5933171032544,6292,0.0,0.0,0.0,0,0,,0.012149482034146786,unit_interval_monotone_dp
1000,0,25,route_key,32,60.0,957.5933171032544,6292,0.0,0.0,0.0,0,0,,0.012422474101185799,unit_interval_monotone_dp
1000,0,25,route_key,64,60.0,957.5933171032544,6292,0.0,0.0,0.0,0,0,,0.01218572212383151,unit_interval_monotone_dp
1000,0,25,route_key,128,60.0,957.5933171032544,6292,0.0,0.0,0.0,0,0,,0.012096268124878407,unit_interval_monotone_dp
1000,0,25,route_key,256,60.0,957.5933171032544,6292,0.0,0.0,0.0,0,0,,0.011998503934592009,unit_interval_monotone_dp
1000,0,50,event_class,32,60.0,957.5933171032544,6292,0.0,0.0,0.0,0,0,,0.011919394135475159,unit_interval_monotone_dp
1000,0,50,event_class,64,60.0,957.5933171032544,6292,0.0,0.0,0.0,0,0,,0.011916186660528183,unit_interval_monotone_dp
1000,0,50,event_class,128,60.0,957.5933171032544,6292,0.0,0.0,0.0,0,0,,0.013159156311303377,unit_interval_monotone_dp
1000,0,50,event_class,256,60.0,957.5933171032544,6292,0.0,0.0,0.0,0,0,,0.01392723387107253,unit_interval_monotone_dp
1000,0,50,pooled,32,60.0,957.5933171032544,6292,0.0,0.0,0.0,0,0,,0.012271779123693705,unit_interval_monotone_dp
1000,0,50,pooled,64,60.0,957.5933171032544,6292,0.0,0.0,0.0,0,0,,0.012074229773133993,unit_interval_monotone_dp
1000,0,50,pooled,128,60.0,957.5933171032544,6292,0.0,0.0,0.0,0,0,,0.011905900202691555,unit_interval_monotone_dp
1000,0,50,pooled,256,60.0,957.5933171032544,6292,0.0,0.0,0.0,0,0,,0.012323663104325533,unit_interval_monotone_dp
1000,0,50,route_key,32,60.0,957.5933171032544,6292,0.0,0.0,0.0,0,0,,0.014788401313126087,unit_interval_monotone_dp
1000,0,50,route_key,64,60.0,957.5933171032544,6292,0.0,0.0,0.0,0,0,,0.013237548060715199,unit_interval_monotone_dp
1000,0,50,route_key,128,60.0,957.5933171032544,6292,0.0,0.0,0.0,0,0,,0.012374876998364925,unit_interval_monotone_dp
1000,0,50,route_key,256,60.0,957.5933171032544,6292,0.0,0.0,0.0,0,0,,0.012264307122677565,unit_interval_monotone_dp
1000,0,100,event_class,32,60.0,957.5933171032544,6292,0.0,0.0,0.0,0,0,,0.012655675876885653,unit_interval_monotone_dp
1000,0,100,event_class,64,60.0,957.5933171032544,6292,0.0,0.0,0.0,0,0,,0.012454305775463581,unit_interval_monotone_dp
1000,0,100,event_class,128,60.0,957.5933171032544,6292,0.0,0.0,0.0,0,0,,0.01244098087772727,unit_interval_monotone_dp
1000,0,100,event_class,256,60.0,957.5933171032544,6292,0.0,0.0,0.0,0,0,,0.012550470419228077,unit_interval_monotone_dp
1000,0,100,pooled,32,60.0,957.5933171032544,6292,0.0,0.0,0.0,0,0,,0.012462025973945856,unit_interval_monotone_dp
1000,0,100,pooled,64,60.0,957.5933171032544,6292,0.0,0.0,0.0,0,0,,0.012543444987386465,unit_interval_monotone_dp
1000,0,100,pooled,128,60.0,957.5933171032544,6292,0.0,0.0,0.0,0,0,,0.012571129016578197,unit_interval_monotone_dp
1000,0,100,pooled,256,60.0,957.5933171032544,6292,0.0,0.0,0.0,0,0,,0.012604787945747375,unit_interval_monotone_dp
1000,0,100,route_key,32,60.0,957.5933171032544,6292,0.0,0.0,0.0,0,0,,0.012571125756949186,unit_interval_monotone_dp
1000,0,100,route_key,64,60.0,957.5933171032544,6292,0.0,0.0,0.0,0,0,,0.012537728995084763,unit_interval_monotone_dp
1000,0,100,route_key,128,60.0,957.5933171032544,6292,0.0,0.0,0.0,0,0,,0.012436304241418839,unit_interval_monotone_dp
1000,0,100,route_key,256,60.0,957.5933171032544,6292,0.0,0.0,0.0,0,0,,0.012331293895840645,unit_interval_monotone_dp
1000,0,250,event_class,32,60.0,957.5933171032544,6292,0.0,0.0,0.0,0,0,,0.012312176637351513,unit_interval_monotone_dp
1000,0,250,event_class,64,60.0,957.5933171032544,6292,0.0,0.0,0.0,0,0,,0.012309802696108818,unit_interval_monotone_dp
1000,0,250,event_class,128,60.0,957.5933171032544,6292,0.0,0.0,0.0,0,0,,0.012264265213161707,unit_interval_monotone_dp
1000,0,250,event_class,256,60.0,957.5933171032544,6292,0.0,0.0,0.0,0,0,,0.012239744421094656,unit_interval_monotone_dp
1000,0,250,pooled,32,60.0,957.5933171032544,6292,0.21169739351557534,0.48029243483788936,0.5692943420216148,3022,88,0.7511111111111112,0.013262708205729723,unit_interval_monotone_dp
1000,0,250,pooled,64,60.0,957.5933171032544,6292,0.0,0.0,0.0,0,0,,0.012571985833346844,unit_interval_monotone_dp
1000,0,250,pooled,128,60.0,957.5933171032544,6292,0.0,0.0,0.0,0,0,,0.012465280946344137,unit_interval_monotone_dp
1000,0,250,pooled,256,60.0,957.5933171032544,6292,0.0,0.0,0.0,0,0,,0.012427044101059437,unit_interval_monotone_dp
1000,0,250,route_key,32,60.0,957.5933171032544,6292,0.0,0.0,0.0,0,0,,0.01236787298694253,unit_interval_monotone_dp
1000,0,250,route_key,64,60.0,957.5933171032544,6292,0.0,0.0,0.0,0,0,,0.012225825805217028,unit_interval_monotone_dp
1000,0,250,route_key,128,60.0,957.5933171032544,6292,0.0,0.0,0.0,0,0,,0.012073083780705929,unit_interval_monotone_dp
1000,0,250,route_key,256,60.0,957.5933171032544,6292,0.0,0.0,0.0,0,0,,0.0119156907312572,unit_interval_monotone_dp
1000,1,10,event_class,32,60.0,979.8641044770044,6521,0.0,0.0,0.0,0,0,,0.012201684061437845,unit_interval_monotone_dp
1000,1,10,event_class,64,60.0,979.8641044770044,6521,0.0,0.0,0.0,0,0,,0.01202764781191945,unit_interval_monotone_dp
1000,1,10,event_class,128,60.0,979.8641044770044,6521,0.0,0.0,0.0,0,0,,0.012284856755286455,unit_interval_monotone_dp
1000,1,10,event_class,256,60.0,979.8641044770044,6521,0.0,0.0,0.0,0,0,,0.012216452043503523,unit_interval_monotone_dp
1000,1,10,pooled,32,60.0,979.8641044770044,6521,0.0,0.0,0.0,0,0,,0.012678281869739294,unit_interval_monotone_dp
1000,1,10,pooled,64,60.0,979.8641044770044,6521,0.0,0.0,0.0,0,0,,0.012090768199414015,unit_interval_monotone_dp
1000,1,10,pooled,128,60.0,979.8641044770044,6521,0.0,0.0,0.0,0,0,,0.012481805868446827,unit_interval_monotone_dp
1000,1,10,pooled,256,60.0,979.8641044770044,6521,0.0,0.0,0.0,0,0,,0.012335015926510096,unit_interval_monotone_dp
1000,1,10,route_key,32,60.0,979.8641044770044,6521,0.0,0.0,0.0,0,0,,0.012483935803174973,unit_interval_monotone_dp
1000,1,10,route_key,64,60.0,979.8641044770044,6521,0.0,0.0,0.0,0,0,,0.01243667770177126,unit_interval_monotone_dp
1000,1,10,route_key,128,60.0,979.8641044770044,6521,0.0,0.0,0.0,0,0,,0.01242560101673007,unit_interval_monotone_dp
1000,1,10,route_key,256,60.0,979.8641044770044,6521,0.0,0.0,0.0,0,0,,0.012219063006341457,unit_interval_monotone_dp
1000,1,25,event_class,32,60.0,979.8641044770044,6521,0.0,0.0,0.0,0,0,,0.01198795298114419,unit_interval_monotone_dp
1000,1,25,event_class,64,60.0,979.8641044770044,6521,0.0,0.0,0.0,0,0,,0.012090253178030252,unit_interval_monotone_dp
1000,1,25,event_class,128,60.0,979.8641044770044,6521,0.0,0.0,0.0,0,0,,0.012485654093325138,unit_interval_monotone_dp
1000,1,25,event_class,256,60.0,979.8641044770044,6521,0.0,0.0,0.0,0,0,,0.012528762221336365,unit_interval_monotone_dp
1000,1,25,pooled,32,60.0,979.8641044770044,6521,0.0,0.0,0.0,0,0,,0.01241921866312623,unit_interval_monotone_dp
1000,1,25,pooled,64,60.0,979.8641044770044,6521,0.0,0.0,0.0,0,0,,0.012286863755434752,unit_interval_monotone_dp
1000,1,25,pooled,128,60.0,979.8641044770044,6521,0.0,0.0,0.0,0,0,,0.01228524511680007,unit_interval_monotone_dp
1000,1,25,pooled,256,60.0,979.8641044770044,6521,0.0,0.0,0.0,0,0,,0.01219239691272378,unit_interval_monotone_dp
1000,1,25,route_key,32,60.0,979.8641044770044,6521,0.0,0.0,0.0,0,0,,0.013261385262012482,unit_interval_monotone_dp
1000,1,25,route_key,64,60.0,979.8641044770044,6521,0.0,0.0,0.0,0,0,,0.013476057909429073,unit_interval_monotone_dp
1000,1,25,route_key,128,60.0,979.8641044770044,6521,0.0,0.0,0.0,0,0,,0.012956353835761547,unit_interval_monotone_dp
1000,1,25,route_key,256,60.0,979.8641044770044,6521,0.0,0.0,0.0,0,0,,0.012651590164750814,unit_interval_monotone_dp
1000,1,50,event_class,32,60.0,979.8641044770044,6521,0.0,0.0,0.0,0,0,,0.0127358827739954,unit_interval_monotone_dp
1000,1,50,event_class,64,60.0,979.8641044770044,6521,0.0,0.0,0.0,0,0,,0.012518110685050488,unit_interval_monotone_dp
1000,1,50,event_class,128,60.0,979.8641044770044,6521,0.0,0.0,0.0,0,0,,0.012512476183474064,unit_interval_monotone_dp
1000,1,50,event_class,256,60.0,979.8641044770044,6521,0.0,0.0,0.0,0,0,,0.012499018106609583,unit_interval_monotone_dp
1000,1,50,pooled,32,60.0,979.8641044770044,6521,0.0,0.0,0.0,0,0,,0.01246390724554658,unit_interval_monotone_dp
1000,1,50,pooled,64,60.0,979.8641044770044,6521,0.0,0.0,0.0,0,0,,0.012772867921739817,unit_interval_monotone_dp
1000,1,50,pooled,128,60.0,979.8641044770044,6521,0.0,0.0,0.0,0,0,,0.012574882246553898,unit_interval_monotone_dp
1000,1,50,pooled,256,60.0,979.8641044770044,6521,0.0,0.0,0.0,0,0,,0.012293796986341476,unit_interval_monotone_dp
1000,1,50,route_key,32,60.0,979.8641044770044,6521,0.0,0.0,0.0,0,0,,0.012844783253967762,unit_interval_monotone_dp
1000,1,50,route_key,64,60.0,979.8641044770044,6521,0.0,0.0,0.0,0,0,,0.012669364921748638,unit_interval_monotone_dp
1000,1,50,route_key,128,60.0,979.8641044770044,6521,0.0,0.0,0.0,0,0,,0.012586664874106646,unit_interval_monotone_dp
1000,1,50,route_key,256,60.0,979.8641044770044,6521,0.0,0.0,0.0,0,0,,0.012304534204304218,unit_interval_monotone_dp
1000,1,100,event_class,32,60.0,979.8641044770044,6521,0.0,0.0,0.0,0,0,,0.012501393910497427,unit_interval_monotone_dp
1000,1,100,event_class,64,60.0,979.8641044770044,6521,0.0,0.0,0.0,0,0,,0.012209206819534302,unit_interval_monotone_dp
1000,1,100,event_class,128,60.0,979.8641044770044,6521,0.0,0.0,0.0,0,0,,0.012251796200871468,unit_interval_monotone_dp
1000,1,100,event_class,256,60.0,979.8641044770044,6521,0.0,0.0,0.0,0,0,,0.012196481227874756,unit_interval_monotone_dp
1000,1,100,pooled,32,60.0,979.8641044770044,6521,0.0,0.0,0.0,0,0,,0.012394008692353964,unit_interval_monotone_dp
1000,1,100,pooled,64,60.0,979.8641044770044,6521,0.0,0.0,0.0,0,0,,0.012498550117015839,unit_interval_monotone_dp
1000,1,100,pooled,128,60.0,979.8641044770044,6521,0.0,0.0,0.0,0,0,,0.012803424149751663,unit_interval_monotone_dp
1000,1,100,pooled,256,60.0,979.8641044770044,6521,0.0,0.0,0.0,0,0,,0.012444271706044674,unit_interval_monotone_dp
1000,1,100,route_key,32,60.0,979.8641044770044,6521,0.0,0.0,0.0,0,0,,0.012539721094071865,unit_interval_monotone_dp
1000,1,100,route_key,64,60.0,979.8641044770044,6521,0.0,0.0,0.0,0,0,,0.012452492956072092,unit_interval_monotone_dp
1000,1,100,route_key,128,60.0,979.8641044770044,6521,0.0,0.0,0.0,0,0,,0.012335220817476511,unit_interval_monotone_dp
1000,1,100,route_key,256,60.0,979.8641044770044,6521,0.0,0.0,0.0,0,0,,0.012212770991027355,unit_interval_monotone_dp
1000,1,250,event_class,32,60.0,979.8641044770044,6521,0.0,0.0,0.0,0,0,,0.012347412761300802,unit_interval_monotone_dp
1000,1,250,event_class,64,60.0,979.8641044770044,6521,0.0,0.0,0.0,0,0,,0.012157354969531298,unit_interval_monotone_dp
1000,1,250,event_class,128,60.0,979.8641044770044,6521,0.0,0.0,0.0,0,0,,0.01220767805352807,unit_interval_monotone_dp
1000,1,250,event_class,256,60.0,979.8641044770044,6521,0.0,0.0,0.0,0,0,,0.012123294174671173,unit_interval_monotone_dp
1000,1,250,pooled,32,60.0,979.8641044770044,6521,0.23523999386597147,0.5683177426775035,0.6851709860450851,3706,108,0.7402862985685073,0.013114945031702518,unit_interval_monotone_dp
1000,1,250,pooled,64,60.0,979.8641044770044,6521,0.0,0.0,0.0,0,0,,0.012488994281738997,unit_interval_monotone_dp
1000,1,250,pooled,128,60.0,979.8641044770044,6521,0.0,0.0,0.0,0,0,,0.012271868996322155,unit_interval_monotone_dp
1000,1,250,pooled,256,60.0,979.8641044770044,6521,0.0,0.0,0.0,0,0,,0.01224760478362441,unit_interval_monotone_dp
1000,1,250,route_key,32,60.0,979.8641044770044,6521,0.0,0.0,0.0,0,0,,0.012272095773369074,unit_interval_monotone_dp
1000,1,250,route_key,64,60.0,979.8641044770044,6521,0.0,0.0,0.0,0,0,,0.012218957301229239,unit_interval_monotone_dp
1000,1,250,route_key,128,60.0,979.8641044770044,6521,0.0,0.0,0.0,0,0,,0.012512560933828354,unit_interval_monotone_dp
1000,1,250,route_key,256,60.0,979.8641044770044,6521,0.0,0.0,0.0,0,0,,0.01191155007109046,unit_interval_monotone_dp
1000,2,10,event_class,32,60.0,1062.5437636520214,6879,0.0,0.0,0.0,0,0,,0.012707381043583155,unit_interval_monotone_dp
1000,2,10,event_class,64,60.0,1062.5437636520214,6879,0.0,0.0,0.0,0,0,,0.01320649217814207,unit_interval_monotone_dp
1000,2,10,event_class,128,60.0,1062.5437636520214,6879,0.0,0.0,0.0,0,0,,0.012638458050787449,unit_interval_monotone_dp
1000,2,10,event_class,256,60.0,1062.5437636520214,6879,0.0,0.0,0.0,0,0,,0.013884536921977997,unit_interval_monotone_dp
1000,2,10,pooled,32,60.0,1062.5437636520214,6879,0.0,0.0,0.0,0,0,,0.013036048039793968,unit_interval_monotone_dp
1000,2,10,pooled,64,60.0,1062.5437636520214,6879,0.0,0.0,0.0,0,0,,0.013052796944975853,unit_interval_monotone_dp
1000,2,10,pooled,128,60.0,1062.5437636520214,6879,0.0,0.0,0.0,0,0,,0.012789980974048376,unit_interval_monotone_dp
1000,2,10,pooled,256,60.0,1062.5437636520214,6879,0.0,0.0,0.0,0,0,,0.012978986836969852,unit_interval_monotone_dp
1000,2,10,route_key,32,60.0,1062.5437636520214,6879,0.0,0.0,0.0,0,0,,0.013365417718887329,unit_interval_monotone_dp
1000,2,10,route_key,64,60.0,1062.5437636520214,6879,0.0,0.0,0.0,0,0,,0.012971111107617617,unit_interval_monotone_dp
1000,2,10,route_key,128,60.0,1062.5437636520214,6879,0.0,0.0,0.0,0,0,,0.013091305270791054,unit_interval_monotone_dp
1000,2,10,route_key,256,60.0,1062.5437636520214,6879,0.0,0.0,0.0,0,0,,0.01274579530581832,unit_interval_monotone_dp
1000,2,25,event_class,32,60.0,1062.5437636520214,6879,0.0,0.0,0.0,0,0,,0.013382624834775925,unit_interval_monotone_dp
1000,2,25,event_class,64,60.0,1062.5437636520214,6879,0.0,0.0,0.0,0,0,,0.01331139076501131,unit_interval_monotone_dp
1000,2,25,event_class,128,60.0,1062.5437636520214,6879,0.0,0.0,0.0,0,0,,0.013277071993798018,unit_interval_monotone_dp
1000,2,25,event_class,256,60.0,1062.5437636520214,6879,0.0,0.0,0.0,0,0,,0.013194235973060131,unit_interval_monotone_dp
1000,2,25,pooled,32,60.0,1062.5437636520214,6879,0.0,0.0,0.0,0,0,,0.013486484065651894,unit_interval_monotone_dp
1000,2,25,pooled,64,60.0,1062.5437636520214,6879,0.0,0.0,0.0,0,0,,0.014288743957877159,unit_interval_monotone_dp
1000,2,25,pooled,128,60.0,1062.5437636520214,6879,0.0,0.0,0.0,0,0,,0.013361698016524315,unit_interval_monotone_dp
1000,2,25,pooled,256,60.0,1062.5437636520214,6879,0.0,0.0,0.0,0,0,,0.013410814106464386,unit_interval_monotone_dp
1000,2,25,route_key,32,60.0,1062.5437636520214,6879,0.0,0.0,0.0,0,0,,0.013517495710402727,unit_interval_monotone_dp
1000,2,25,route_key,64,60.0,1062.5437636520214,6879,0.0,0.0,0.0,0,0,,0.013295667245984077,unit_interval_monotone_dp
1000,2,25,route_key,128,60.0,1062.5437636520214,6879,0.0,0.0,0.0,0,0,,0.013076637871563435,unit_interval_monotone_dp
1000,2,25,route_key,256,60.0,1062.5437636520214,6879,0.0,0.0,0.0,0,0,,0.01332171494141221,unit_interval_monotone_dp
1000,2,50,event_class,32,60.0,1062.5437636520214,6879,0.0,0.0,0.0,0,0,,0.013523310888558626,unit_interval_monotone_dp
1000,2,50,event_class,64,60.0,1062.5437636520214,6879,0.0,0.0,0.0,0,0,,0.013286374974995852,unit_interval_monotone_dp
1000,2,50,event_class,128,60.0,1062.5437636520214,6879,0.0,0.0,0.0,0,0,,0.013268155977129936,unit_interval_monotone_dp
1000,2,50,event_class,256,60.0,1062.5437636520214,6879,0.0,0.0,0.0,0,0,,0.013241255190223455,unit_interval_monotone_dp
1000,2,50,pooled,32,60.0,1062.5437636520214,6879,0.0,0.0,0.0,0,0,,0.01337778102606535,unit_interval_monotone_dp
1000,2,50,pooled,64,60.0,1062.5437636520214,6879,0.0,0.0,0.0,0,0,,0.01387505978345871,unit_interval_monotone_dp
1000,2,50,pooled,128,60.0,1062.5437636520214,6879,0.0,0.0,0.0,0,0,,0.013885238207876682,unit_interval_monotone_dp
1000,2,50,pooled,256,60.0,1062.5437636520214,6879,0.0,0.0,0.0,0,0,,0.014119727071374655,unit_interval_monotone_dp
1000,2,50,route_key,32,60.0,1062.5437636520214,6879,0.0,0.0,0.0,0,0,,0.013738295994699001,unit_interval_monotone_dp
1000,2,50,route_key,64,60.0,1062.5437636520214,6879,0.0,0.0,0.0,0,0,,0.013572398107498884,unit_interval_monotone_dp
1000,2,50,route_key,128,60.0,1062.5437636520214,6879,0.0,0.0,0.0,0,0,,0.013568832073360682,unit_interval_monotone_dp
1000,2,50,route_key,256,60.0,1062.5437636520214,6879,0.0,0.0,0.0,0,0,,0.013271672185510397,unit_interval_monotone_dp
1000,2,100,event_class,32,60.0,1062.5437636520214,6879,0.0,0.0,0.0,0,0,,0.01406775414943695,unit_interval_monotone_dp
1000,2,100,event_class,64,60.0,1062.5437636520214,6879,0.0,0.0,0.0,0,0,,0.014049424789845943,unit_interval_monotone_dp
1000,2,100,event_class,128,60.0,1062.5437636520214,6879,0.0,0.0,0.0,0,0,,0.013256010133773088,unit_interval_monotone_dp
1000,2,100,event_class,256,60.0,1062.5437636520214,6879,0.0,0.0,0.0,0,0,,0.013169896323233843,unit_interval_monotone_dp
1000,2,100,pooled,32,60.0,1062.5437636520214,6879,0.0,0.0,0.0,0,0,,0.013305770698934793,unit_interval_monotone_dp
1000,2,100,pooled,64,60.0,1062.5437636520214,6879,0.0,0.0,0.0,0,0,,0.013626644853502512,unit_interval_monotone_dp
1000,2,100,pooled,128,60.0,1062.5437636520214,6879,0.0,0.0,0.0,0,0,,0.014704231638461351,unit_interval_monotone_dp
1000,2,100,pooled,256,60.0,1062.5437636520214,6879,0.0,0.0,0.0,0,0,,0.014443458989262581,unit_interval_monotone_dp
1000,2,100,route_key,32,60.0,1062.5437636520214,6879,0.0,0.0,0.0,0,0,,0.013672146946191788,unit_interval_monotone_dp
1000,2,100,route_key,64,60.0,1062.5437636520214,6879,0.0,0.0,0.0,0,0,,0.013464241288602352,unit_interval_monotone_dp
1000,2,100,route_key,128,60.0,1062.5437636520214,6879,0.0,0.0,0.0,0,0,,0.013372116722166538,unit_interval_monotone_dp
1000,2,100,route_key,256,60.0,1062.5437636520214,6879,0.0,0.0,0.0,0,0,,0.013197592925280333,unit_interval_monotone_dp
1000,2,250,event_class,32,60.0,1062.5437636520214,6879,0.0,0.0,0.0,0,0,,0.013140390627086163,unit_interval_monotone_dp
1000,2,250,event_class,64,60.0,1062.5437636520214,6879,0.0,0.0,0.0,0,0,,0.013002603314816952,unit_interval_monotone_dp
1000,2,250,event_class,128,60.0,1062.5437636520214,6879,0.0,0.0,0.0,0,0,,0.013032498303800821,unit_interval_monotone_dp
1000,2,250,event_class,256,60.0,1062.5437636520214,6879,0.0,0.0,0.0,0,0,,0.012992971111088991,unit_interval_monotone_dp
1000,2,250,pooled,32,60.0,1062.5437636520214,6879,0.34321849105974706,0.6577990987062073,0.7355720308184329,4525,130,0.8017784364579474,0.014668131712824106,unit_interval_monotone_dp
1000,2,250,pooled,64,60.0,1062.5437636520214,6879,0.0,0.0,0.0,0,0,,0.013129269238561392,unit_interval_monotone_dp
1000,2,250,pooled,128,60.0,1062.5437636520214,6879,0.0,0.0,0.0,0,0,,0.013171625789254904,unit_interval_monotone_dp
1000,2,250,pooled,256,60.0,1062.5437636520214,6879,0.0,0.0,0.0,0,0,,0.013087938074022532,unit_interval_monotone_dp
1000,2,250,route_key,32,60.0,1062.5437636520214,6879,0.0,0.0,0.0,0,0,,0.013422294054180384,unit_interval_monotone_dp
1000,2,250,route_key,64,60.0,1062.5437636520214,6879,0.0,0.0,0.0,0,0,,0.01298539713025093,unit_interval_monotone_dp
1000,2,250,route_key,128,60.0,1062.5437636520214,6879,0.0,0.0,0.0,0,0,,0.012705180794000626,unit_interval_monotone_dp
1000,2,250,route_key,256,60.0,1062.5437636520214,6879,0.0,0.0,0.0,0,0,,0.012669748160988092,unit_interval_monotone_dp
10000,0,10,event_class,32,60.0,9997.073338683264,65544,0.0,0.0,0.0,0,0,,0.12846933538094163,unit_interval_monotone_dp
10000,0,10,event_class,64,60.0,9997.073338683264,65544,0.0,0.0,0.0,0,0,,0.1242999229580164,unit_interval_monotone_dp
10000,0,10,event_class,128,60.0,9997.073338683264,65544,0.0,0.0,0.0,0,0,,0.135251488070935,unit_interval_monotone_dp
10000,0,10,event_class,256,60.0,9997.073338683264,65544,0.0,0.0,0.0,0,0,,0.1291484721004963,unit_interval_monotone_dp
10000,0,10,pooled,32,60.0,9997.073338683264,65544,0.0,0.0,0.0,0,0,,0.12941533606499434,unit_interval_monotone_dp
10000,0,10,pooled,64,60.0,9997.073338683264,65544,0.0,0.0,0.0,0,0,,0.1279849079437554,unit_interval_monotone_dp
10000,0,10,pooled,128,60.0,9997.073338683264,65544,0.0,0.0,0.0,0,0,,0.13015170395374298,unit_interval_monotone_dp
10000,0,10,pooled,256,60.0,9997.073338683264,65544,0.0,0.0,0.0,0,0,,0.12686771200969815,unit_interval_monotone_dp
10000,0,10,route_key,32,60.0,9997.073338683264,65544,0.0,0.0,0.0,0,0,,0.12772366404533386,unit_interval_monotone_dp
10000,0,10,route_key,64,60.0,9997.073338683264,65544,0.0,0.0,0.0,0,0,,0.12879283027723432,unit_interval_monotone_dp
10000,0,10,route_key,128,60.0,9997.073338683264,65544,0.0,0.0,0.0,0,0,,0.12975722644478083,unit_interval_monotone_dp
10000,0,10,route_key,256,60.0,9997.073338683264,65544,0.0,0.0,0.0,0,0,,0.1285845278762281,unit_interval_monotone_dp
10000,0,25,event_class,32,60.0,9997.073338683264,65544,0.0,0.0,0.0,0,0,,0.12590168556198478,unit_interval_monotone_dp
10000,0,25,event_class,64,60.0,9997.073338683264,65544,0.0,0.0,0.0,0,0,,0.12603560788556933,unit_interval_monotone_dp
10000,0,25,event_class,128,60.0,9997.073338683264,65544,0.0,0.0,0.0,0,0,,0.12623355304822326,unit_interval_monotone_dp
10000,0,25,event_class,256,60.0,9997.073338683264,65544,0.0,0.0,0.0,0,0,,0.12585268635302782,unit_interval_monotone_dp
10000,0,25,pooled,32,60.0,9997.073338683264,65544,0.2644025387525937,0.5709141950445502,0.6672311729525204,37420,1078,0.7608983827595349,0.13759371312335134,unit_interval_monotone_dp
10000,0,25,pooled,64,60.0,9997.073338683264,65544,0.0,0.0,0.0,0,0,,0.13307919492945075,unit_interval_monotone_dp
10000,0,25,pooled,128,60.0,9997.073338683264,65544,0.0,0.0,0.0,0,0,,0.129539733286947,unit_interval_monotone_dp
10000,0,25,pooled,256,60.0,9997.073338683264,65544,0.0,0.0,0.0,0,0,,0.13050835486501455,unit_interval_monotone_dp
10000,0,25,route_key,32,60.0,9997.073338683264,65544,0.0,0.0,0.0,0,0,,0.12701653921976686,unit_interval_monotone_dp
10000,0,25,route_key,64,60.0,9997.073338683264,65544,0.0,0.0,0.0,0,0,,0.13086241018027067,unit_interval_monotone_dp
10000,0,25,route_key,128,60.0,9997.073338683264,65544,0.0,0.0,0.0,0,0,,0.13236657762899995,unit_interval_monotone_dp
10000,0,25,route_key,256,60.0,9997.073338683264,65544,0.0,0.0,0.0,0,0,,0.12754690693691373,unit_interval_monotone_dp
10000,0,50,event_class,32,60.0,9997.073338683264,65544,0.27384657634566095,0.559959721713658,0.6518064201147321,36702,1058,0.75699350098898,0.14054075442254543,unit_interval_monotone_dp
10000,0,50,event_class,64,60.0,9997.073338683264,65544,0.0,0.0,0.0,0,0,,0.12946943985298276,unit_interval_monotone_dp
10000,0,50,event_class,128,60.0,9997.073338683264,65544,0.0,0.0,0.0,0,0,,0.13069126475602388,unit_interval_monotone_dp
10000,0,50,event_class,256,60.0,9997.073338683264,65544,0.0,0.0,0.0,0,0,,0.13190117105841637,unit_interval_monotone_dp
10000,0,50,pooled,32,60.0,9997.073338683264,65544,1.0,1.0,1.0,65544,1178,,0.17216916615143418,unit_interval_monotone_dp
10000,0,50,pooled,64,60.0,9997.073338683264,65544,0.14545953863053826,0.40325582814597827,0.5003814231661174,26431,389,0.7263465589132957,0.13564789528027177,unit_interval_monotone_dp
10000,0,50,pooled,128,60.0,9997.073338683264,65544,0.0,0.0,0.0,0,0,,0.12786934711039066,unit_interval_monotone_dp
10000,0,50,pooled,256,60.0,9997.073338683264,65544,0.0,0.0,0.0,0,0,,0.13088737288489938,unit_interval_monotone_dp
10000,0,50,route_key,32,60.0,9997.073338683264,65544,0.108903942389845,0.2376113755645063,0.2809410472354449,15574,450,0.7481376374600923,0.13248579716309905,unit_interval_monotone_dp
10000,0,50,route_key,64,60.0,9997.073338683264,65544,0.0,0.0,0.0,0,0,,0.1295225997455418,unit_interval_monotone_dp
10000,0,50,route_key,128,60.0,9997.073338683264,65544,0.0,0.0,0.0,0,0,,0.12683143792673945,unit_interval_monotone_dp
10000,0,50,route_key,256,60.0,9997.073338683264,65544,0.0,0.0,0.0,0,0,,0.1315934993326664,unit_interval_monotone_dp
10000,0,100,event_class,32,60.0,9997.073338683264,65544,0.993058098376663,0.9943854509947516,0.9943854509947516,65176,1180,1.0,0.17001716094091535,unit_interval_monotone_dp
10000,0,100,event_class,64,60.0,9997.073338683264,65544,0.14735139753448065,0.3894788233858172,0.4738496277309899,25528,377,0.741588785046729,0.13564314832910895,unit_interval_monotone_dp
10000,0,100,event_class,128,60.0,9997.073338683264,65544,0.0,0.0,0.0,0,0,,0.1298999642021954,unit_interval_monotone_dp
10000,0,100,event_class,256,60.0,9997.073338683264,65544,0.0,0.0,0.0,0,0,,0.12832691334187984,unit_interval_monotone_dp
10000,0,100,pooled,32,60.0,9997.073338683264,65544,1.0,1.0,1.0,65544,595,,0.1719630640000105,unit_interval_monotone_dp
10000,0,100,pooled,64,60.0,9997.073338683264,65544,1.0,1.0,1.0,65544,595,,0.1694327760487795,unit_interval_monotone_dp
10000,0,100,pooled,128,60.0,9997.073338683264,65544,0.06279751006957159,0.21342914683266204,0.2717716343219822,13989,105,0.7208147769584579,0.13228511717170477,unit_interval_monotone_dp
10000,0,100,pooled,256,60.0,9997.073338683264,65544,0.0,0.0,0.0,0,0,,0.13291366212069988,unit_interval_monotone_dp
10000,0,100,route_key,32,60.0,9997.073338683264,65544,0.48462101794214574,0.495422922006591,0.4976504332967167,32472,616,0.8290398126463701,0.14791336515918374,unit_interval_monotone_dp
10000,0,100,route_key,64,60.0,9997.073338683264,65544,0.05332295862321494,0.14098925912364213,0.17360856829000365,9241,137,0.7288178589548453,0.1338674328289926,unit_interval_monotone_dp
10000,0,100,route_key,128,60.0,9997.073338683264,65544,0.0,0.0,0.0,0,0,,0.1296159909106791,unit_interval_monotone_dp
10000,0,100,route_key,256,60.0,9997.073338683264,65544,0.0,0.0,0.0,0,0,,0.1308175721205771,unit_interval_monotone_dp
10000,0,250,event_class,32,60.0,9997.073338683264,65544,0.9943854509947516,0.9943854509947516,0.9943854509947516,65176,478,,0.1659659631550312,unit_interval_monotone_dp
10000,0,250,event_class,64,60.0,9997.073338683264,65544,0.9943854509947516,0.9943854509947516,0.9943854509947516,65176,478,,0.1679298779927194,unit_interval_monotone_dp
10000,0,250,event_class,128,60.0,9997.073338683264,65544,0.7782253142926889,0.9555413157573538,0.9793726351763701,62630,459,0.8815230582524269,0.15759815601632,unit_interval_monotone_dp
10000,0,250,event_class,256,60.0,9997.073338683264,65544,0.0,0.0,0.0,0,0,,0.12787227798253298,unit_interval_monotone_dp
10000,0,250,pooled,32,60.0,9997.073338683264,65544,1.0,1.0,1.0,65544,240,,0.1741828890517354,unit_interval_monotone_dp
10000,0,250,pooled,64,60.0,9997.073338683264,65544,1.0,1.0,1.0,65544,240,,0.16846787789836526,unit_interval_monotone_dp
10000,0,250,pooled,128,60.0,9997.073338683264,65544,1.0,1.0,1.0,65544,240,,0.16590618528425694,unit_interval_monotone_dp
10000,0,250,pooled,256,60.0,9997.073338683264,65544,0.8685158061760039,0.9943549371414622,0.9982759672891492,65174,243,0.9697824808935918,0.16416053706780076,unit_interval_monotone_dp
10000,0,250,route_key,32,60.0,9997.073338683264,65544,0.6646832662028561,0.6651104601489076,0.6651104601489076,43594,475,1.0,0.15123147517442703,unit_interval_monotone_dp
10000,0,250,route_key,64,60.0,9997.073338683264,65544,0.49415659709508114,0.5155925790308801,0.5248840473575003,33794,272,0.6976166832174804,0.1469869497232139,unit_interval_monotone_dp
10000,0,250,route_key,128,60.0,9997.073338683264,65544,0.3365067740754302,0.4442054192603442,0.46739594776028315,29115,216,0.8228231728639702,0.13706967700272799,unit_interval_monotone_dp
10000,0,250,route_key,256,60.0,9997.073338683264,65544,0.0,0.0,0.0,0,0,,0.12425690609961748,unit_interval_monotone_dp
10000,1,10,event_class,32,60.0,10136.979237585405,66597,0.0,0.0,0.0,0,0,,0.13509218115359545,unit_interval_monotone_dp
10000,1,10,event_class,64,60.0,10136.979237585405,66597,0.0,0.0,0.0,0,0,,0.13063296303153038,unit_interval_monotone_dp
10000,1,10,event_class,128,60.0,10136.979237585405,66597,0.0,0.0,0.0,0,0,,0.13134563900530338,unit_interval_monotone_dp
10000,1,10,event_class,256,60.0,10136.979237585405,66597,0.0,0.0,0.0,0,0,,0.1315821330063045,unit_interval_monotone_dp
10000,1,10,pooled,32,60.0,10136.979237585405,66597,0.0,0.0,0.0,0,0,,0.1290251649916172,unit_interval_monotone_dp
10000,1,10,pooled,64,60.0,10136.979237585405,66597,0.0,0.0,0.0,0,0,,0.1280644154176116,unit_interval_monotone_dp
10000,1,10,pooled,128,60.0,10136.979237585405,66597,0.0,0.0,0.0,0,0,,0.12810899503529072,unit_interval_monotone_dp
10000,1,10,pooled,256,60.0,10136.979237585405,66597,0.0,0.0,0.0,0,0,,0.1288118758238852,unit_interval_monotone_dp
10000,1,10,route_key,32,60.0,10136.979237585405,66597,0.0,0.0,0.0,0,0,,0.12815031222999096,unit_interval_monotone_dp
10000,1,10,route_key,64,60.0,10136.979237585405,66597,0.0,0.0,0.0,0,0,,0.13236396200954914,unit_interval_monotone_dp
10000,1,10,route_key,128,60.0,10136.979237585405,66597,0.0,0.0,0.0,0,0,,0.1256393543444574,unit_interval_monotone_dp
10000,1,10,route_key,256,60.0,10136.979237585405,66597,0.0,0.0,0.0,0,0,,0.12378900032490492,unit_interval_monotone_dp
10000,1,25,event_class,32,60.0,10136.979237585405,66597,0.0,0.0,0.0,0,0,,0.12713771499693394,unit_interval_monotone_dp
10000,1,25,event_class,64,60.0,10136.979237585405,66597,0.0,0.0,0.0,0,0,,0.13148654019460082,unit_interval_monotone_dp
10000,1,25,event_class,128,60.0,10136.979237585405,66597,0.0,0.0,0.0,0,0,,0.12957465089857578,unit_interval_monotone_dp
10000,1,25,event_class,256,60.0,10136.979237585405,66597,0.0,0.0,0.0,0,0,,0.128026164136827,unit_interval_monotone_dp
10000,1,25,pooled,32,60.0,10136.979237585405,66597,0.28788083547306936,0.6067390422992026,0.7062480291905041,40407,1165,0.7621491637355536,0.14349457016214728,unit_interval_monotone_dp
10000,1,25,pooled,64,60.0,10136.979237585405,66597,0.0,0.0,0.0,0,0,,0.131675039883703,unit_interval_monotone_dp
10000,1,25,pooled,128,60.0,10136.979237585405,66597,0.0,0.0,0.0,0,0,,0.1287982938811183,unit_interval_monotone_dp
10000,1,25,pooled,256,60.0,10136.979237585405,66597,0.0,0.0,0.0,0,0,,0.13036786299198866,unit_interval_monotone_dp
10000,1,25,route_key,32,60.0,10136.979237585405,66597,0.0,0.0,0.0,0,0,,0.13204370718449354,unit_interval_monotone_dp
10000,1,25,route_key,64,60.0,10136.979237585405,66597,0.0,0.0,0.0,0,0,,0.12906036898493767,unit_interval_monotone_dp
10000,1,25,route_key,128,60.0,10136.979237585405,66597,0.0,0.0,0.0,0,0,,0.12613892322406173,unit_interval_monotone_dp
10000,1,25,route_key,256,60.0,10136.979237585405,66597,0.0,0.0,0.0,0,0,,0.12475665519014001,unit_interval_monotone_dp
10000,1,50,event_class,32,60.0,10136.979237585405,66597,0.28944246737841045,0.5913479586167545,0.6898809255672177,39382,1135,0.7539373031348433,0.1406712168827653,unit_interval_monotone_dp
10000,1,50,event_class,64,60.0,10136.979237585405,66597,0.0,0.0,0.0,0,0,,0.12788248201832175,unit_interval_monotone_dp
10000,1,50,event_class,128,60.0,10136.979237585405,66597,0.0,0.0,0.0,0,0,,0.1269275238737464,unit_interval_monotone_dp
10000,1,50,event_class,256,60.0,10136.979237585405,66597,0.0,0.0,0.0,0,0,,0.1289468021132052,unit_interval_monotone_dp
10000,1,50,pooled,32,60.0,10136.979237585405,66597,1.0,1.0,1.0,66597,1180,,0.17064804816618562,unit_interval_monotone_dp
10000,1,50,pooled,64,60.0,10136.979237585405,66597,0.16051774103938615,0.4323317867171194,0.531285193026713,28792,424,0.7331119390895837,0.1445953520014882,unit_interval_monotone_dp
10000,1,50,pooled,128,60.0,10136.979237585405,66597,0.0,0.0,0.0,0,0,,0.1306373719125986,unit_interval_monotone_dp
10000,1,50,pooled,256,60.0,10136.979237585405,66597,0.0,0.0,0.0,0,0,,0.13296375004574656,unit_interval_monotone_dp
10000,1,50,route_key,32,60.0,10136.979237585405,66597,0.09399822814841509,0.2297400783819091,0.2772647416550295,15300,443,0.7406800491601802,0.13486230187118053,unit_interval_monotone_dp
10000,1,50,route_key,64,60.0,10136.979237585405,66597,0.0,0.0,0.0,0,0,,0.13172720419242978,unit_interval_monotone_dp
10000,1,50,route_key,128,60.0,10136.979237585405,66597,0.0,0.0,0.0,0,0,,0.1301873647607863,unit_interval_monotone_dp
10000,1,50,route_key,256,60.0,10136.979237585405,66597,0.0,0.0,0.0,0,0,,0.12647781427949667,unit_interval_monotone_dp
10000,1,100,event_class,32,60.0,10136.979237585405,66597,0.9940387705151884,0.9944892412571137,0.9944892412571137,66230,1179,1.0,0.1662675072439015,unit_interval_monotone_dp
10000,1,100,event_class,64,60.0,10136.979237585405,66597,0.16733486493385588,0.4203792963647011,0.5071850083337087,27996,411,0.7445765033358369,0.13746803300455213,unit_interval_monotone_dp
10000,1,100,event_class,128,60.0,10136.979237585405,66597,0.0,0.0,0.0,0,0,,0.1273580058477819,unit_interval_monotone_dp
10000,1,100,event_class,256,60.0,10136.979237585405,66597,0.0,0.0,0.0,0,0,,0.12621189700439572,unit_interval_monotone_dp
10000,1,100,pooled,32,60.0,10136.979237585405,66597,1.0,1.0,1.0,66597,595,,0.16867197072133422,unit_interval_monotone_dp
10000,1,100,pooled,64,60.0,10136.979237585405,66597,1.0,1.0,1.0,66597,595,,0.1751788598485291,unit_interval_monotone_dp
10000,1,100,pooled,128,60.0,10136.979237585405,66597,0.05917683979758848,0.23583644908929832,0.30794179918014325,15706,118,0.7101466771292329,0.13385151326656342,unit_interval_monotone_dp
10000,1,100,pooled,256,60.0,10136.979237585405,66597,0.0,0.0,0.0,0,0,,0.13100613886490464,unit_interval_monotone_dp
10000,1,100,route_key,32,60.0,10136.979237585405,66597,0.47691337447632776,0.4875444839857651,0.48958661801582654,32469,616,0.8388625592417053,0.1455142581835389,unit_interval_monotone_dp
10000,1,100,route_key,64,60.0,10136.979237585405,66597,0.031818250071324536,0.1262068861960749,0.15418111926963676,8405,125,0.7713829917781323,0.12699363008141518,unit_interval_monotone_dp
10000,1,100,route_key,128,60.0,10136.979237585405,66597,0.0,0.0,0.0,0,0,,0.12508000386878848,unit_interval_monotone_dp
10000,1,100,route_key,256,60.0,10136.979237585405,66597,0.0,0.0,0.0,0,0,,0.12554922699928284,unit_interval_monotone_dp
10000,1,250,event_class,32,60.0,10136.979237585405,66597,0.9944892412571137,0.9944892412571137,0.9944892412571137,66230,478,,0.17185532813891768,unit_interval_monotone_dp
10000,1,250,event_class,64,60.0,10136.979237585405,66597,0.9944892412571137,0.9944892412571137,0.9944892412571137,66230,478,,0.16924781072884798,unit_interval_monotone_dp
10000,1,250,event_class,128,60.0,10136.979237585405,66597,0.8113728846644743,0.9669654789254771,0.9816207937294473,64397,463,0.9139177985535365,0.16292194603011012,unit_interval_monotone_dp
10000,1,250,event_class,256,60.0,10136.979237585405,66597,0.0,0.0,0.0,0,0,,0.12652635294944048,unit_interval_monotone_dp
10000,1,250,pooled,32,60.0,10136.979237585405,66597,1.0,1.0,1.0,66597,240,,0.1721981749869883,unit_interval_monotone_dp
10000,1,250,pooled,64,60.0,10136.979237585405,66597,1.0,1.0,1.0,66597,240,,0.1674325680360198,unit_interval_monotone_dp
10000,1,250,pooled,128,60.0,10136.979237585405,66597,1.0,1.0,1.0,66597,240,,0.1658394793048501,unit_interval_monotone_dp
10000,1,250,pooled,256,60.0,10136.979237585405,66597,0.9249665900866405,0.9996846704806522,0.9999549529258075,66576,242,0.9963956748097708,0.16823008377104998,unit_interval_monotone_dp
10000,1,250,route_key,32,60.0,10136.979237585405,66597,0.6574170007658002,0.6574170007658002,0.6574170007658002,43782,475,,0.15207753889262676,unit_interval_monotone_dp
10000,1,250,route_key,64,60.0,10136.979237585405,66597,0.4867936994158896,0.5120050452723096,0.5224859978677718,34098,277,0.7063525452250745,0.14444223791360855,unit_interval_monotone_dp
10000,1,250,route_key,128,60.0,10136.979237585405,66597,0.3218913764884304,0.44644653663077916,0.4611018514347493,29732,222,0.8947254880811132,0.13630890008062124,unit_interval_monotone_dp
10000,1,250,route_key,256,60.0,10136.979237585405,66597,0.0,0.0,0.0,0,0,,0.12360663386061788,unit_interval_monotone_dp
10000,2,10,event_class,32,60.0,9959.50773331985,63903,0.0,0.0,0.0,0,0,,0.13021531887352467,unit_interval_monotone_dp
10000,2,10,event_class,64,60.0,9959.50773331985,63903,0.0,0.0,0.0,0,0,,0.12586029386147857,unit_interval_monotone_dp
10000,2,10,event_class,128,60.0,9959.50773331985,63903,0.0,0.0,0.0,0,0,,0.12446304690092802,unit_interval_monotone_dp
10000,2,10,event_class,256,60.0,9959.50773331985,63903,0.0,0.0,0.0,0,0,,0.12275635078549385,unit_interval_monotone_dp
10000,2,10,pooled,32,60.0,9959.50773331985,63903,0.0,0.0,0.0,0,0,,0.12381383078172803,unit_interval_monotone_dp
10000,2,10,pooled,64,60.0,9959.50773331985,63903,0.0,0.0,0.0,0,0,,0.12442203005775809,unit_interval_monotone_dp
10000,2,10,pooled,128,60.0,9959.50773331985,63903,0.0,0.0,0.0,0,0,,0.1264491891488433,unit_interval_monotone_dp
10000,2,10,pooled,256,60.0,9959.50773331985,63903,0.0,0.0,0.0,0,0,,0.12453364906832576,unit_interval_monotone_dp
10000,2,10,route_key,32,60.0,9959.50773331985,63903,0.0,0.0,0.0,0,0,,0.12572875386103988,unit_interval_monotone_dp
10000,2,10,route_key,64,60.0,9959.50773331985,63903,0.0,0.0,0.0,0,0,,0.12253311090171337,unit_interval_monotone_dp
10000,2,10,route_key,128,60.0,9959.50773331985,63903,0.0,0.0,0.0,0,0,,0.12420941377058625,unit_interval_monotone_dp
10000,2,10,route_key,256,60.0,9959.50773331985,63903,0.0,0.0,0.0,0,0,,0.12033909698948264,unit_interval_monotone_dp
10000,2,25,event_class,32,60.0,9959.50773331985,63903,0.0,0.0,0.0,0,0,,0.1298684449866414,unit_interval_monotone_dp
10000,2,25,event_class,64,60.0,9959.50773331985,63903,0.0,0.0,0.0,0,0,,0.12601196486502886,unit_interval_monotone_dp
10000,2,25,event_class,128,60.0,9959.50773331985,63903,0.0,0.0,0.0,0,0,,0.12785632722079754,unit_interval_monotone_dp
10000,2,25,event_class,256,60.0,9959.50773331985,63903,0.0,0.0,0.0,0,0,,0.12556873029097915,unit_interval_monotone_dp
10000,2,25,pooled,32,60.0,9959.50773331985,63903,0.23034912288937923,0.5246076084064911,0.6196892164687103,33524,971,0.7557877813504825,0.1368545861914754,unit_interval_monotone_dp
10000,2,25,pooled,64,60.0,9959.50773331985,63903,0.0,0.0,0.0,0,0,,0.12936082808300853,unit_interval_monotone_dp
10000,2,25,pooled,128,60.0,9959.50773331985,63903,0.0,0.0,0.0,0,0,,0.12658901000395417,unit_interval_monotone_dp
10000,2,25,pooled,256,60.0,9959.50773331985,63903,0.0,0.0,0.0,0,0,,0.12923224596306682,unit_interval_monotone_dp
10000,2,25,route_key,32,60.0,9959.50773331985,63903,0.0,0.0,0.0,0,0,,0.12458095792680979,unit_interval_monotone_dp
10000,2,25,route_key,64,60.0,9959.50773331985,63903,0.0,0.0,0.0,0,0,,0.12530494295060635,unit_interval_monotone_dp
10000,2,25,route_key,128,60.0,9959.50773331985,63903,0.0,0.0,0.0,0,0,,0.12477207602933049,unit_interval_monotone_dp
10000,2,25,route_key,256,60.0,9959.50773331985,63903,0.0,0.0,0.0,0,0,,0.11937289172783494,unit_interval_monotone_dp
10000,2,50,event_class,32,60.0,9959.50773331985,63903,0.20466957732813795,0.48972661690374475,0.5794720122685946,31295,907,0.7605527952903846,0.13301887083798647,unit_interval_monotone_dp
10000,2,50,event_class,64,60.0,9959.50773331985,63903,0.0,0.0,0.0,0,0,,0.12356153689324856,unit_interval_monotone_dp
10000,2,50,event_class,128,60.0,9959.50773331985,63903,0.0,0.0,0.0,0,0,,0.12252640025690198,unit_interval_monotone_dp
10000,2,50,event_class,256,60.0,9959.50773331985,63903,0.0,0.0,0.0,0,0,,0.12907127616927028,unit_interval_monotone_dp
10000,2,50,pooled,32,60.0,9959.50773331985,63903,0.9985603179819413,1.0,1.0,63903,1179,1.0,0.16797087714076042,unit_interval_monotone_dp
10000,2,50,pooled,64,60.0,9959.50773331985,63903,0.10287466942084096,0.32436661815564216,0.4082437444251444,20728,307,0.7253254073998155,0.12887776689603925,unit_interval_monotone_dp
10000,2,50,pooled,128,60.0,9959.50773331985,63903,0.0,0.0,0.0,0,0,,0.12536472687497735,unit_interval_monotone_dp
10000,2,50,pooled,256,60.0,9959.50773331985,63903,0.0,0.0,0.0,0,0,,0.12709507113322616,unit_interval_monotone_dp
10000,2,50,route_key,32,60.0,9959.50773331985,63903,0.07320470087476331,0.20003755692221023,0.2397696508771106,12783,372,0.7614618564449458,0.1302090692333877,unit_interval_monotone_dp
10000,2,50,route_key,64,60.0,9959.50773331985,63903,0.0,0.0,0.0,0,0,,0.12682700296863914,unit_interval_monotone_dp
10000,2,50,route_key,128,60.0,9959.50773331985,63903,0.0,0.0,0.0,0,0,,0.12423633132129908,unit_interval_monotone_dp
10000,2,50,route_key,256,60.0,9959.50773331985,63903,0.0,0.0,0.0,0,0,,0.12537633813917637,unit_interval_monotone_dp
10000,2,100,event_class,32,60.0,9959.50773331985,63903,0.9928485360624697,0.9942256232101779,0.9942256232101779,63534,1179,1.0,0.1626374451443553,unit_interval_monotone_dp
10000,2,100,event_class,64,60.0,9959.50773331985,63903,0.10919675132622882,0.3125361876594213,0.38171916811417306,19972,297,0.746138386448464,0.12846459168940783,unit_interval_monotone_dp
10000,2,100,event_class,128,60.0,9959.50773331985,63903,0.0,0.0,0.0,0,0,,0.1269473540596664,unit_interval_monotone_dp
10000,2,100,event_class,256,60.0,9959.50773331985,63903,0.0,0.0,0.0,0,0,,0.128129072021693,unit_interval_monotone_dp
10000,2,100,pooled,32,60.0,9959.50773331985,63903,1.0,1.0,1.0,63903,595,,0.16488037491217256,unit_interval_monotone_dp
10000,2,100,pooled,64,60.0,9959.50773331985,63903,1.0,1.0,1.0,63903,595,,0.1658751587383449,unit_interval_monotone_dp
10000,2,100,pooled,128,60.0,9959.50773331985,63903,0.02470932507081045,0.13783390451152527,0.166345867956121,8808,67,0.7986962766545133,0.12744289822876453,unit_interval_monotone_dp
10000,2,100,pooled,256,60.0,9959.50773331985,63903,0.0,0.0,0.0,0,0,,0.12430530460551381,unit_interval_monotone_dp
10000,2,100,route_key,32,60.0,9959.50773331985,63903,0.48407742985462343,0.4943116911569097,0.49612694239707056,31588,612,0.8493506493506504,0.14567400701344013,unit_interval_monotone_dp
10000,2,100,route_key,64,60.0,9959.50773331985,63903,0.032032924901804295,0.10969751028903181,0.13495454047540803,7010,105,0.7545993614109776,0.1259204768575728,unit_interval_monotone_dp
10000,2,100,route_key,128,60.0,9959.50773331985,63903,0.0,0.0,0.0,0,0,,0.12402576999738812,unit_interval_monotone_dp
10000,2,100,route_key,256,60.0,9959.50773331985,63903,0.0,0.0,0.0,0,0,,0.1223965841345489,unit_interval_monotone_dp
10000,2,250,event_class,32,60.0,9959.50773331985,63903,0.9942256232101779,0.9942256232101779,0.9942256232101779,63534,477,,0.16328201768919826,unit_interval_monotone_dp
10000,2,250,event_class,64,60.0,9959.50773331985,63903,0.9942256232101779,0.9942256232101779,0.9942256232101779,63534,477,,0.1625193557702005,unit_interval_monotone_dp
10000,2,250,event_class,128,60.0,9959.50773331985,63903,0.694771763453985,0.9166236326933008,0.9574041907265699,58575,435,0.8447238276827745,0.1511947698891163,unit_interval_monotone_dp
10000,2,250,event_class,256,60.0,9959.50773331985,63903,0.0,0.0,0.0,0,0,,0.1293491111136973,unit_interval_monotone_dp
10000,2,250,pooled,32,60.0,9959.50773331985,63903,1.0,1.0,1.0,63903,240,,0.16416349774226546,unit_interval_monotone_dp
10000,2,250,pooled,64,60.0,9959.50773331985,63903,1.0,1.0,1.0,63903,240,,0.16651444975286722,unit_interval_monotone_dp
10000,2,250,pooled,128,60.0,9959.50773331985,63903,1.0,1.0,1.0,63903,240,,0.16480958694592118,unit_interval_monotone_dp
10000,2,250,pooled,256,60.0,9959.50773331985,63903,0.772185969359811,0.9693754596810792,0.9929580770855828,61946,233,0.8931811738020984,0.1516986428759992,unit_interval_monotone_dp
10000,2,250,route_key,32,60.0,9959.50773331985,63903,0.6645697385099291,0.6645697385099291,0.6645697385099291,42468,474,,0.15263067604973912,unit_interval_monotone_dp
10000,2,250,route_key,64,60.0,9959.50773331985,63903,0.4870819836314414,0.5009154499788743,0.5041390858019186,32010,255,0.8110091743119271,0.14598058117553592,unit_interval_monotone_dp
10000,2,250,route_key,128,60.0,9959.50773331985,63903,0.2832730857706211,0.41689748525108367,0.4513403126613774,26641,198,0.7950651769087522,0.1359444698318839,unit_interval_monotone_dp
10000,2,250,route_key,256,60.0,9959.50773331985,63903,0.0,0.0,0.0,0,0,,0.12606949685141444,unit_interval_monotone_dp
100000,0,10,event_class,32,60.0,99326.65619228076,649929,0.9938793314346644,0.9943393816863073,0.9943393816863073,646250,11783,1.0,1.7219824348576367,unit_interval_monotone_dp
100000,0,10,event_class,64,60.0,99326.65619228076,649929,0.1273616041136801,0.35778523500259257,0.43832941752099075,232535,3435,0.7409886842118284,1.3501653540879488,unit_interval_monotone_dp
100000,0,10,event_class,128,60.0,99326.65619228076,649929,0.0,0.0,0.0,0,0,,1.2738471077755094,unit_interval_monotone_dp
100000,0,10,event_class,256,60.0,99326.65619228076,649929,0.0,0.0,0.0,0,0,,1.2966241580434144,unit_interval_monotone_dp
100000,0,10,pooled,32,60.0,99326.65619228076,649929,1.0,1.0,1.0,649929,5945,,1.7053713141940534,unit_interval_monotone_dp
100000,0,10,pooled,64,60.0,99326.65619228076,649929,1.0,1.0,1.0,649929,5945,,1.682020298205316,unit_interval_monotone_dp
100000,0,10,pooled,128,60.0,99326.65619228076,649929,0.04169993953185656,0.17392976771308866,0.2190008447076527,113042,851,0.7457933057370718,1.3647991381585598,unit_interval_monotone_dp
100000,0,10,pooled,256,60.0,99326.65619228076,649929,0.0,0.0,0.0,0,0,,1.3058567331172526,unit_interval_monotone_dp
100000,0,10,route_key,32,60.0,99326.65619228076,649929,0.48026938327109575,0.4879809948471295,0.489399611342162,317153,6061,0.8446241995281468,1.4874294018372893,unit_interval_monotone_dp
100000,0,10,route_key,64,60.0,99326.65619228076,649929,0.03291282586251729,0.12058547933697374,0.14853776335568963,78372,1165,0.758250385905147,1.3149585700593889,unit_interval_monotone_dp
100000,0,10,route_key,128,60.0,99326.65619228076,649929,0.0,0.0,0.0,0,0,,1.2848006850108504,unit_interval_monotone_dp
100000,0,10,route_key,256,60.0,99326.65619228076,649929,0.0,0.0,0.0,0,0,,1.293752382043749,unit_interval_monotone_dp
100000,0,25,event_class,32,60.0,99326.65619228076,649929,0.9943393816863073,0.9943393816863073,0.9943393816863073,646250,4765,,1.6672217133454978,unit_interval_monotone_dp
100000,0,25,event_class,64,60.0,99326.65619228076,649929,0.9943393816863073,0.9943393816863073,0.9943393816863073,646250,4765,,1.6893531382083893,unit_interval_monotone_dp
100000,0,25,event_class,128,60.0,99326.65619228076,649929,0.7360480914069075,0.9333788767696164,0.962692847988011,606630,4444,0.8706611542195338,1.587559460196644,unit_interval_monotone_dp
100000,0,25,event_class,256,60.0,99326.65619228076,649929,0.0,0.0,0.0,0,0,,1.292492900043726,unit_interval_monotone_dp
100000,0,25,pooled,32,60.0,99326.65619228076,649929,1.0,1.0,1.0,649929,2391,,1.699039506725967,unit_interval_monotone_dp
100000,0,25,pooled,64,60.0,99326.65619228076,649929,1.0,1.0,1.0,649929,2391,,1.6699216207489371,unit_interval_monotone_dp
100000,0,25,pooled,128,60.0,99326.65619228076,649929,1.0,1.0,1.0,649929,2391,,1.7027470050379634,unit_interval_monotone_dp
100000,0,25,pooled,256,60.0,99326.65619228076,649929,0.8376453427989826,0.982371920625176,0.9908913127433919,638472,2382,0.9444070723601645,1.6061469740234315,unit_interval_monotone_dp
100000,0,25,route_key,32,60.0,99326.65619228076,649929,0.658013413772889,0.6587073357243637,0.6587073357243637,428113,4735,1.0,1.5482722581364214,unit_interval_monotone_dp
100000,0,25,route_key,64,60.0,99326.65619228076,649929,0.4833758764418883,0.5020933055764553,0.5069830704584655,326325,2607,0.7928697125725078,1.4867361672222614,unit_interval_monotone_dp
100000,0,25,route_key,128,60.0,99326.65619228076,649929,0.2869451893976111,0.4224984575238218,0.4502584128420181,274594,2036,0.8300201616702153,1.3769980450160801,unit_interval_monotone_dp
100000,0,25,route_key,256,60.0,99326.65619228076,649929,0.0,0.0,0.0,0,0,,1.2926149880513549,unit_interval_monotone_dp
100000,0,50,event_class,32,60.0,99326.65619228076,649929,0.9943393816863073,0.9943393816863073,0.9943393816863073,646250,2392,,1.6854631640017033,unit_interval_monotone_dp
100000,0,50,event_class,64,60.0,99326.65619228076,649929,0.9943393816863073,0.9943393816863073,0.9943393816863073,646250,2392,,1.6758391531184316,unit_interval_monotone_dp
100000,0,50,event_class,128,60.0,99326.65619228076,649929,0.9943393816863073,0.9943393816863073,0.9943393816863073,646250,2392,,1.6985878068953753,unit_interval_monotone_dp
100000,0,50,event_class,256,60.0,99326.65619228076,649929,0.771965860886343,0.938577906202062,0.9704937000810858,610009,2237,0.8392376907516912,1.6113474117591977,unit_interval_monotone_dp
100000,0,50,pooled,32,60.0,99326.65619228076,649929,1.0,1.0,1.0,649929,1198,,1.6981692290864885,unit_interval_monotone_dp
100000,0,50,pooled,64,60.0,99326.65619228076,649929,1.0,1.0,1.0,649929,1198,,1.7180000618100166,unit_interval_monotone_dp
100000,0,50,pooled,128,60.0,99326.65619228076,649929,1.0,1.0,1.0,649929,1198,,1.6900272578932345,unit_interval_monotone_dp
100000,0,50,pooled,256,60.0,99326.65619228076,649929,1.0,1.0,1.0,649929,1198,,1.6848339680582285,unit_interval_monotone_dp
100000,0,50,route_key,32,60.0,99326.65619228076,649929,0.6609906620569324,0.6675159902081612,0.6691269354037134,433838,2553,0.80200453857791,1.5738511411473155,unit_interval_monotone_dp
100000,0,50,route_key,64,60.0,99326.65619228076,649929,0.6587073357243637,0.6587073357243637,0.6587073357243637,428113,2384,,1.5673737153410912,unit_interval_monotone_dp
100000,0,50,route_key,128,60.0,99326.65619228076,649929,0.4793831326191015,0.48241115568008197,0.483058918743432,313533,1213,0.8237756383423976,1.5127067598514259,unit_interval_monotone_dp
100000,0,50,route_key,256,60.0,99326.65619228076,649929,0.289240824767013,0.4243186563455393,0.45577286134331596,275777,1030,0.8111221982001958,1.4079006221145391,unit_interval_monotone_dp
100000,0,100,event_class,32,60.0,99326.65619228076,649929,0.9943393816863073,0.9943393816863073,0.9943393816863073,646250,1198,,1.7437462098896503,unit_interval_monotone_dp
100000,0,100,event_class,64,60.0,99326.65619228076,649929,0.9943393816863073,0.9943393816863073,0.9943393816863073,646250,1198,,1.7118717329576612,unit_interval_monotone_dp
100000,0,100,event_class,128,60.0,99326.65619228076,649929,0.9943393816863073,0.9943393816863073,0.9943393816863073,646250,1198,,1.71103337360546,unit_interval_monotone_dp
100000,0,100,event_class,256,60.0,99326.65619228076,649929,0.9943393816863073,0.9943393816863073,0.9943393816863073,646250,1198,,1.6655470873229206,unit_interval_monotone_dp
100000,0,100,pooled,32,60.0,99326.65619228076,649929,1.0,1.0,1.0,649929,600,,1.7336155232042074,unit_interval_monotone_dp
100000,0,100,pooled,64,60.0,99326.65619228076,649929,1.0,1.0,1.0,649929,600,,1.7154792761430144,unit_interval_monotone_dp
100000,0,100,pooled,128,60.0,99326.65619228076,649929,1.0,1.0,1.0,649929,600,,1.7279439782723784,unit_interval_monotone_dp
100000,0,100,pooled,256,60.0,99326.65619228076,649929,1.0,1.0,1.0,649929,600,,1.7181625608354807,unit_interval_monotone_dp
100000,0,100,route_key,32,60.0,99326.65619228076,649929,0.7376313412695849,0.7488464124542835,0.7512497518959763,486697,2626,0.8235227657891806,1.6503317882306874,unit_interval_monotone_dp
100000,0,100,route_key,64,60.0,99326.65619228076,649929,0.6591104566806528,0.6602382721804997,0.6604782983987482,429108,1212,0.824521934758135,1.550765487831086,unit_interval_monotone_dp
100000,0,100,route_key,128,60.0,99326.65619228076,649929,0.6587073357243637,0.6587073357243637,0.6587073357243637,428113,1197,,1.5589946368709207,unit_interval_monotone_dp
100000,0,100,route_key,256,60.0,99326.65619228076,649929,0.478986166181229,0.478986166181229,0.478986166181229,311307,599,,1.4654832952655852,unit_interval_monotone_dp
100000,0,250,event_class,32,60.0,99326.65619228076,649929,0.9943393816863073,0.9943393816863073,0.9943393816863073,646250,480,,1.7240885426290333,unit_interval_monotone_dp
100000,0,250,event_class,64,60.0,99326.65619228076,649929,0.9943393816863073,0.9943393816863073,0.9943393816863073,646250,480,,1.7117770230397582,unit_interval_monotone_dp
100000,0,250,event_class,128,60.0,99326.65619228076,649929,0.9943393816863073,0.9943393816863073,0.9943393816863073,646250,480,,1.7224779217503965,unit_interval_monotone_dp
100000,0,250,event_class,256,60.0,99326.65619228076,649929,0.9943393816863073,0.9943393816863073,0.9943393816863073,646250,480,,1.702718901913613,unit_interval_monotone_dp
100000,0,250,pooled,32,60.0,99326.65619228076,649929,1.0,1.0,1.0,649929,240,,1.7172650611028075,unit_interval_monotone_dp
100000,0,250,pooled,64,60.0,99326.65619228076,649929,1.0,1.0,1.0,649929,240,,1.7124817674048245,unit_interval_monotone_dp
100000,0,250,pooled,128,60.0,99326.65619228076,649929,1.0,1.0,1.0,649929,240,,1.688075507991016,unit_interval_monotone_dp
100000,0,250,pooled,256,60.0,99326.65619228076,649929,1.0,1.0,1.0,649929,240,,1.7063889321871102,unit_interval_monotone_dp
100000,0,250,route_key,32,60.0,99326.65619228076,649929,0.8369175709962166,0.8476356648187725,0.8489988906480554,550903,2635,0.8871625063678,1.6416707090102136,unit_interval_monotone_dp
100000,0,250,route_key,64,60.0,99326.65619228076,649929,0.7520852277710335,0.7589721338792391,0.7599860907883784,493278,1176,0.8716650438169425,1.6203447910957038,unit_interval_monotone_dp
100000,0,250,route_key,128,60.0,99326.65619228076,649929,0.6615630322696787,0.6697977779111257,0.6733504736671236,435321,534,0.6986033154940632,1.5839875270612538,unit_interval_monotone_dp
100000,0,250,route_key,256,60.0,99326.65619228076,649929,0.6587073357243637,0.6587073357243637,0.6587073357243637,428113,480,,1.5868153008632362,unit_interval_monotone_dp
100000,1,10,event_class,32,60.0,100040.42244370168,650735,0.9935964716820211,0.9941543024426226,0.9941543024426226,646931,11782,1.0,1.706214569043368,unit_interval_monotone_dp
100000,1,10,event_class,64,60.0,100040.42244370168,650735,0.12722690496131298,0.35693946076359806,0.43750528248826326,232273,3434,0.7403434220366599,1.333863815292716,unit_interval_monotone_dp
100000,1,10,event_class,128,60.0,100040.42244370168,650735,0.0,0.0,0.0,0,0,,1.307310659904033,unit_interval_monotone_dp
100000,1,10,event_class,256,60.0,100040.42244370168,650735,0.0,0.0,0.0,0,0,,1.3197828228585422,unit_interval_monotone_dp
100000,1,10,pooled,32,60.0,100040.42244370168,650735,1.0,1.0,1.0,650735,5945,,1.7185119222849607,unit_interval_monotone_dp
100000,1,10,pooled,64,60.0,100040.42244370168,650735,1.0,1.0,1.0,650735,5945,,1.6961736362427473,unit_interval_monotone_dp
100000,1,10,pooled,128,60.0,100040.42244370168,650735,0.04577132012263056,0.17756536839112697,0.223402767639669,115548,870,0.7419522281146457,1.343647405039519,unit_interval_monotone_dp
100000,1,10,pooled,256,60.0,100040.42244370168,650735,0.0,0.0,0.0,0,0,,1.2810041480697691,unit_interval_monotone_dp
100000,1,10,route_key,32,60.0,100040.42244370168,650735,0.4822116529770183,0.4904239052763414,0.4917301205559867,319136,6074,0.8627704229899923,1.4956378401257098,unit_interval_monotone_dp
100000,1,10,route_key,64,60.0,100040.42244370168,650735,0.037365440617148304,0.12723458858060502,0.1572667829454386,82796,1229,0.7495257869373527,1.3207227448001504,unit_interval_monotone_dp
100000,1,10,route_key,128,60.0,100040.42244370168,650735,0.0,0.0,0.0,0,0,,1.3008885537274182,unit_interval_monotone_dp
100000,1,10,route_key,256,60.0,100040.42244370168,650735,0.0,0.0,0.0,0,0,,1.304119920823723,unit_interval_monotone_dp
100000,1,25,event_class,32,60.0,100040.42244370168,650735,0.9941543024426226,0.9941543024426226,0.9941543024426226,646931,4765,,1.6817654492333531,unit_interval_monotone_dp
100000,1,25,event_class,64,60.0,100040.42244370168,650735,0.9941543024426226,0.9941543024426226,0.9941543024426226,646931,4765,,1.6880543152801692,unit_interval_monotone_dp
100000,1,25,event_class,128,60.0,100040.42244370168,650735,0.7497491298301152,0.9421561772457299,0.968105296318778,613094,4500,0.8811615009993529,1.5761954211629927,unit_interval_monotone_dp
100000,1,25,event_class,256,60.0,100040.42244370168,650735,0.0,0.0,0.0,0,0,,1.2909384001977742,unit_interval_monotone_dp
100000,1,25,pooled,32,60.0,100040.42244370168,650735,1.0,1.0,1.0,650735,2392,,1.7152910600416362,unit_interval_monotone_dp
100000,1,25,pooled,64,60.0,100040.42244370168,650735,1.0,1.0,1.0,650735,2392,,1.6978604714386165,unit_interval_monotone_dp
100000,1,25,pooled,128,60.0,100040.42244370168,650735,1.0,1.0,1.0,650735,2392,,1.6991578820161521,unit_interval_monotone_dp
100000,1,25,pooled,256,60.0,100040.42244370168,650735,0.848795592675974,0.9879013730627675,0.993490437735791,642862,2401,0.9613734361392554,1.6339084939099848,unit_interval_monotone_dp
100000,1,25,route_key,32,60.0,100040.42244370168,650735,0.6607144229217731,0.660994106664003,0.660994106664003,430132,4733,1.0,1.5407628128305078,unit_interval_monotone_dp
100000,1,25,route_key,64,60.0,100040.42244370168,650735,0.48521902156791935,0.5036258999439096,0.5088584446817829,327727,2603,0.7786517584346379,1.4793806881643832,unit_interval_monotone_dp
100000,1,25,route_key,128,60.0,100040.42244370168,650735,0.30305731211629927,0.43283210523484983,0.4574166135216332,281659,2091,0.840731928280586,1.3887616121210158,unit_interval_monotone_dp
100000,1,25,route_key,256,60.0,100040.42244370168,650735,0.0,0.0,0.0,0,0,,1.3005615836009383,unit_interval_monotone_dp
100000,1,50,event_class,32,60.0,100040.42244370168,650735,0.9941543024426226,0.9941543024426226,0.9941543024426226,646931,2392,,1.6982288798317313,unit_interval_monotone_dp
100000,1,50,event_class,64,60.0,100040.42244370168,650735,0.9941543024426226,0.9941543024426226,0.9941543024426226,646931,2392,,1.6522111832164228,unit_interval_monotone_dp
100000,1,50,event_class,128,60.0,100040.42244370168,650735,0.9941543024426226,0.9941543024426226,0.9941543024426226,646931,2392,,1.6781827439554036,unit_interval_monotone_dp
100000,1,50,event_class,256,60.0,100040.42244370168,650735,0.7889386616671917,0.9471413094423997,0.9738388130344917,616338,2267,0.8556112399331788,1.566556896083057,unit_interval_monotone_dp
100000,1,50,pooled,32,60.0,100040.42244370168,650735,1.0,1.0,1.0,650735,1198,,1.7142437752336264,unit_interval_monotone_dp
100000,1,50,pooled,64,60.0,100040.42244370168,650735,1.0,1.0,1.0,650735,1198,,1.7171095060184598,unit_interval_monotone_dp
100000,1,50,pooled,128,60.0,100040.42244370168,650735,1.0,1.0,1.0,650735,1198,,1.7317559658549726,unit_interval_monotone_dp
100000,1,50,pooled,256,60.0,100040.42244370168,650735,1.0,1.0,1.0,650735,1198,,1.698723578825593,unit_interval_monotone_dp
100000,1,50,route_key,32,60.0,100040.42244370168,650735,0.6625016327690996,0.6698809807371664,0.6716036481824399,435915,2555,0.810737801789626,1.5897169690579176,unit_interval_monotone_dp
100000,1,50,route_key,64,60.0,100040.42244370168,650735,0.660994106664003,0.660994106664003,0.660994106664003,430132,2384,,1.5422035488300025,unit_interval_monotone_dp
100000,1,50,route_key,128,60.0,100040.42244370168,650735,0.4814801724204169,0.4843000607005924,0.48465965408345946,315151,1213,0.8869018849685845,1.4762791567482054,unit_interval_monotone_dp
100000,1,50,route_key,256,60.0,100040.42244370168,650735,0.30813772119219035,0.4341306368952031,0.4606975189593306,282504,1056,0.82585922075829,1.4098816732876003,unit_interval_monotone_dp
100000,1,100,event_class,32,60.0,100040.42244370168,650735,0.9941543024426226,0.9941543024426226,0.9941543024426226,646931,1198,,1.6926278318278491,unit_interval_monotone_dp
100000,1,100,event_class,64,60.0,100040.42244370168,650735,0.9941543024426226,0.9941543024426226,0.9941543024426226,646931,1198,,1.6913899038918316,unit_interval_monotone_dp
100000,1,100,event_class,128,60.0,100040.42244370168,650735,0.9941543024426226,0.9941543024426226,0.9941543024426226,646931,1198,,1.7037664419040084,unit_interval_monotone_dp
100000,1,100,event_class,256,60.0,100040.42244370168,650735,0.9941543024426226,0.9941543024426226,0.9941543024426226,646931,1198,,1.686379849910736,unit_interval_monotone_dp
100000,1,100,pooled,32,60.0,100040.42244370168,650735,1.0,1.0,1.0,650735,600,,1.724387789145112,unit_interval_monotone_dp
100000,1,100,pooled,64,60.0,100040.42244370168,650735,1.0,1.0,1.0,650735,600,,1.7034657150506973,unit_interval_monotone_dp
100000,1,100,pooled,128,60.0,100040.42244370168,650735,1.0,1.0,1.0,650735,600,,1.6960912812501192,unit_interval_monotone_dp
100000,1,100,pooled,256,60.0,100040.42244370168,650735,1.0,1.0,1.0,650735,600,,1.7163823042064905,unit_interval_monotone_dp
100000,1,100,route_key,32,60.0,100040.42244370168,650735,0.7404949787547926,0.7512289949057604,0.7535924761999893,488851,2636,0.8195471078258852,1.5763115868903697,unit_interval_monotone_dp
100000,1,100,route_key,64,60.0,100040.42244370168,650735,0.661190807317879,0.6626030565437544,0.6627044803184092,431179,1213,0.9329949238578578,1.557628317270428,unit_interval_monotone_dp
100000,1,100,route_key,128,60.0,100040.42244370168,650735,0.660994106664003,0.660994106664003,0.660994106664003,430132,1197,,1.5641420995816588,unit_interval_monotone_dp
100000,1,100,route_key,256,60.0,100040.42244370168,650735,0.48088085011563847,0.48088085011563847,0.48088085011563847,312926,599,,1.4945898279547691,unit_interval_monotone_dp
100000,1,250,event_class,32,60.0,100040.42244370168,650735,0.9941543024426226,0.9942034776060916,0.9942034776060916,646963,481,1.0,1.745935017708689,unit_interval_monotone_dp
100000,1,250,event_class,64,60.0,100040.42244370168,650735,0.9941543024426226,0.9941543024426226,0.9941543024426226,646931,480,,1.721670572180301,unit_interval_monotone_dp
100000,1,250,event_class,128,60.0,100040.42244370168,650735,0.9941543024426226,0.9941543024426226,0.9941543024426226,646931,480,,1.6800901675596833,unit_interval_monotone_dp
100000,1,250,event_class,256,60.0,100040.42244370168,650735,0.9941543024426226,0.9941543024426226,0.9941543024426226,646931,480,,1.6955692381598055,unit_interval_monotone_dp
100000,1,250,pooled,32,60.0,100040.42244370168,650735,1.0,1.0,1.0,650735,240,,1.735173163935542,unit_interval_monotone_dp
100000,1,250,pooled,64,60.0,100040.42244370168,650735,1.0,1.0,1.0,650735,240,,1.7388324867933989,unit_interval_monotone_dp
100000,1,250,pooled,128,60.0,100040.42244370168,650735,1.0,1.0,1.0,650735,240,,1.724851192906499,unit_interval_monotone_dp
100000,1,250,pooled,256,60.0,100040.42244370168,650735,1.0,1.0,1.0,650735,240,,1.7355680586770177,unit_interval_monotone_dp
100000,1,250,route_key,32,60.0,100040.42244370168,650735,0.8390035882502094,0.850051096068292,0.851068407262557,553158,2650,0.915679531269901,1.6213256330229342,unit_interval_monotone_dp
100000,1,250,route_key,64,60.0,100040.42244370168,650735,0.7550385333507496,0.7617586267835601,0.7626191921442677,495703,1187,0.8864788161362193,1.5957798180170357,unit_interval_monotone_dp
100000,1,250,route_key,128,60.0,100040.42244370168,650735,0.6633990795024088,0.672224484621236,0.675568395737128,437440,535,0.725217830534156,1.5418786709196866,unit_interval_monotone_dp
100000,1,250,route_key,256,60.0,100040.42244370168,650735,0.660994106664003,0.660994106664003,0.660994106664003,430132,480,,1.5733452448621392,unit_interval_monotone_dp
100000,2,10,event_class,32,60.0,100104.1987088466,652706,0.9936985411502269,0.9941612303242194,0.9941612303242194,648895,11782,1.0,1.7271483079530299,unit_interval_monotone_dp
100000,2,10,event_class,64,60.0,100104.1987088466,652706,0.13582225381718568,0.3670978970623834,0.45112041255940655,239607,3535,0.7335140939858209,1.3811940918676555,unit_interval_monotone_dp
100000,2,10,event_class,128,60.0,100104.1987088466,652706,0.0,0.0,0.0,0,0,,1.304832215886563,unit_interval_monotone_dp
100000,2,10,event_class,256,60.0,100104.1987088466,652706,0.0,0.0,0.0,0,0,,1.288357864599675,unit_interval_monotone_dp
100000,2,10,pooled,32,60.0,100104.1987088466,652706,1.0,1.0,1.0,652706,5946,,1.7119307653047144,unit_interval_monotone_dp
100000,2,10,pooled,64,60.0,100104.1987088466,652706,1.0,1.0,1.0,652706,5946,,1.6984800300560892,unit_interval_monotone_dp
100000,2,10,pooled,128,60.0,100104.1987088466,652706,0.04203270691551786,0.19327537972686018,0.24389694594503497,126152,950,0.7492296482946007,1.3123057689517736,unit_interval_monotone_dp
100000,2,10,pooled,256,60.0,100104.1987088466,652706,0.0,0.0,0.0,0,0,,1.3142932821065187,unit_interval_monotone_dp
100000,2,10,route_key,32,60.0,100104.1987088466,652706,0.4814250213725628,0.49149693736536815,0.493113285307627,320803,6122,0.8617118888451957,1.4970452380366623,unit_interval_monotone_dp
100000,2,10,route_key,64,60.0,100104.1987088466,652706,0.03610048015492427,0.12424583196722568,0.1545443124469516,81096,1203,0.7441953718195813,1.3245842289179564,unit_interval_monotone_dp
100000,2,10,route_key,128,60.0,100104.1987088466,652706,0.0,0.0,0.0,0,0,,1.3106257901526988,unit_interval_monotone_dp
100000,2,10,route_key,256,60.0,100104.1987088466,652706,0.0,0.0,0.0,0,0,,1.2997924997471273,unit_interval_monotone_dp
100000,2,25,event_class,32,60.0,100104.1987088466,652706,0.9941612303242194,0.9941612303242194,0.9941612303242194,648895,4765,,1.693754110019654,unit_interval_monotone_dp
100000,2,25,event_class,64,60.0,100104.1987088466,652706,0.9941612303242194,0.9941612303242194,0.9941612303242194,648895,4765,,1.6673450488597155,unit_interval_monotone_dp
100000,2,25,event_class,128,60.0,100104.1987088466,652706,0.7457645555579387,0.943636185357573,0.9705839995342467,615917,4506,0.8801357493815636,1.5686461878940463,unit_interval_monotone_dp
100000,2,25,event_class,256,60.0,100104.1987088466,652706,0.0,0.0,0.0,0,0,,1.3257127329707146,unit_interval_monotone_dp
100000,2,25,pooled,32,60.0,100104.1987088466,652706,1.0,1.0,1.0,652706,2392,,1.6980352569371462,unit_interval_monotone_dp
100000,2,25,pooled,64,60.0,100104.1987088466,652706,1.0,1.0,1.0,652706,2392,,1.6854588738642633,unit_interval_monotone_dp
100000,2,25,pooled,128,60.0,100104.1987088466,652706,1.0,1.0,1.0,652706,2392,,1.7090071979910135,unit_interval_monotone_dp
100000,2,25,pooled,256,60.0,100104.1987088466,652706,0.8579161215003386,0.9913713065300457,0.9954206028441596,647074,2410,0.970551532033426,1.6400339202955365,unit_interval_monotone_dp
100000,2,25,route_key,32,60.0,100104.1987088466,652706,0.6599586950326793,0.6603769537893017,0.6603769537893017,431032,4735,1.0,1.575953281018883,unit_interval_monotone_dp
100000,2,25,route_key,64,60.0,100104.1987088466,652706,0.48641348478488017,0.5062677530159061,0.5122183647767907,330444,2643,0.7693997506382493,1.5259075141511858,unit_interval_monotone_dp
100000,2,25,route_key,128,60.0,100104.1987088466,652706,0.29736818720832964,0.4325285810150359,0.4579381835006879,282314,2092,0.84175373312342,1.424718384630978,unit_interval_monotone_dp
100000,2,25,route_key,256,60.0,100104.1987088466,652706,0.0,0.0,0.0,0,0,,1.3061601840890944,unit_interval_monotone_dp
100000,2,50,event_class,32,60.0,100104.1987088466,652706,0.9941612303242194,0.9941612303242194,0.9941612303242194,648895,2392,,1.7033558851107955,unit_interval_monotone_dp
100000,2,50,event_class,64,60.0,100104.1987088466,652706,0.9941612303242194,0.9941612303242194,0.9941612303242194,648895,2392,,1.7248464561998844,unit_interval_monotone_dp
100000,2,50,event_class,128,60.0,100104.1987088466,652706,0.9941612303242194,0.9941612303242194,0.9941612303242194,648895,2392,,1.6882876940071583,unit_interval_monotone_dp
100000,2,50,event_class,256,60.0,100104.1987088466,652706,0.7899146016736479,0.9457320753907579,0.9732911908271106,617285,2262,0.8497130110033334,1.568258423358202,unit_interval_monotone_dp
100000,2,50,pooled,32,60.0,100104.1987088466,652706,1.0,1.0,1.0,652706,1198,,1.7131456481292844,unit_interval_monotone_dp
100000,2,50,pooled,64,60.0,100104.1987088466,652706,1.0,1.0,1.0,652706,1198,,1.7124473620206118,unit_interval_monotone_dp
100000,2,50,pooled,128,60.0,100104.1987088466,652706,1.0,1.0,1.0,652706,1198,,1.6895221872255206,unit_interval_monotone_dp
100000,2,50,pooled,256,60.0,100104.1987088466,652706,1.0,1.0,1.0,652706,1198,,1.6784138390794396,unit_interval_monotone_dp
100000,2,50,route_key,32,60.0,100104.1987088466,652706,0.6620239433987124,0.6676528176545029,0.6689152543411582,435781,2524,0.8168074699866584,1.5869668759405613,unit_interval_monotone_dp
100000,2,50,route_key,64,60.0,100104.1987088466,652706,0.6603769537893017,0.6603769537893017,0.6603769537893017,431032,2384,,1.5477907019667327,unit_interval_monotone_dp
100000,2,50,route_key,128,60.0,100104.1987088466,652706,0.4803066005215212,0.4849151072611559,0.4856903414400971,316507,1223,0.8560045532157087,1.4942912552505732,unit_interval_monotone_dp
100000,2,50,route_key,256,60.0,100104.1987088466,652706,0.30832717946518035,0.4315710289165413,0.4589891926839956,281689,1053,0.8180154162175355,1.3774040159769356,unit_interval_monotone_dp
100000,2,100,event_class,32,60.0,100104.1987088466,652706,0.9941612303242194,0.9941612303242194,0.9941612303242194,648895,1198,,1.7054809918627143,unit_interval_monotone_dp
100000,2,100,event_class,64,60.0,100104.1987088466,652706,0.9941612303242194,0.9941612303242194,0.9941612303242194,648895,1198,,1.7064779470674694,unit_interval_monotone_dp
100000,2,100,event_class,128,60.0,100104.1987088466,652706,0.9941612303242194,0.9941612303242194,0.9941612303242194,648895,1198,,1.700608687940985,unit_interval_monotone_dp
100000,2,100,event_class,256,60.0,100104.1987088466,652706,0.9941612303242194,0.9941612303242194,0.9941612303242194,648895,1198,,1.6831769729033113,unit_interval_monotone_dp
100000,2,100,pooled,32,60.0,100104.1987088466,652706,1.0,1.0,1.0,652706,600,,1.7108696280047297,unit_interval_monotone_dp
100000,2,100,pooled,64,60.0,100104.1987088466,652706,1.0,1.0,1.0,652706,600,,1.7057928596623242,unit_interval_monotone_dp
100000,2,100,pooled,128,60.0,100104.1987088466,652706,1.0,1.0,1.0,652706,600,,1.6972463689744473,unit_interval_monotone_dp
100000,2,100,pooled,256,60.0,100104.1987088466,652706,1.0,1.0,1.0,652706,600,,1.7071649669669569,unit_interval_monotone_dp
100000,2,100,route_key,32,60.0,100104.1987088466,652706,0.7375219470940975,0.7486065701862707,0.750817366471275,488620,2618,0.8337174464162306,1.591309537179768,unit_interval_monotone_dp
100000,2,100,route_key,64,60.0,100104.1987088466,652706,0.6604765392075452,0.6615857675584413,0.6618707350629534,431821,1209,0.795604395604379,1.5832000961527228,unit_interval_monotone_dp
100000,2,100,route_key,128,60.0,100104.1987088466,652706,0.6603769537893017,0.6603769537893017,0.6603769537893017,431032,1197,,1.5714600309729576,unit_interval_monotone_dp
100000,2,100,route_key,256,60.0,100104.1987088466,652706,0.4795114492589313,0.4795114492589313,0.4795114492589313,312980,599,,1.5050612888298929,unit_interval_monotone_dp
100000,2,250,event_class,32,60.0,100104.1987088466,652706,0.9941612303242194,0.9941612303242194,0.9941612303242194,648895,480,,1.6683523170650005,unit_interval_monotone_dp
100000,2,250,event_class,64,60.0,100104.1987088466,652706,0.9941612303242194,0.9941612303242194,0.9941612303242194,648895,480,,1.6938265031203628,unit_interval_monotone_dp
100000,2,250,event_class,128,60.0,100104.1987088466,652706,0.9941612303242194,0.9941612303242194,0.9941612303242194,648895,480,,1.7042358750477433,unit_interval_monotone_dp
100000,2,250,event_class,256,60.0,100104.1987088466,652706,0.9941612303242194,0.9941612303242194,0.9941612303242194,648895,480,,1.7154005910269916,unit_interval_monotone_dp
100000,2,250,pooled,32,60.0,100104.1987088466,652706,1.0,1.0,1.0,652706,240,,1.7354255323298275,unit_interval_monotone_dp
100000,2,250,pooled,64,60.0,100104.1987088466,652706,1.0,1.0,1.0,652706,240,,1.7313352362252772,unit_interval_monotone_dp
100000,2,250,pooled,128,60.0,100104.1987088466,652706,1.0,1.0,1.0,652706,240,,1.7514459677040577,unit_interval_monotone_dp
100000,2,250,pooled,256,60.0,100104.1987088466,652706,1.0,1.0,1.0,652706,240,,1.7492951112799346,unit_interval_monotone_dp
100000,2,250,route_key,32,60.0,100104.1987088466,652706,0.8370016515858595,0.8479024246751217,0.8491878426121409,553431,2635,0.8945184812672807,1.679703294299543,unit_interval_monotone_dp
100000,2,250,route_key,64,60.0,100104.1987088466,652706,0.7523555781622967,0.7589282157663634,0.7600527649508354,495357,1176,0.8539012738853493,1.633892455138266,unit_interval_monotone_dp
100000,2,250,route_key,128,60.0,100104.1987088466,652706,0.6619963658982758,0.6672958422321842,0.6693457697646413,435548,514,0.7210756722951888,1.5877210390754044,unit_interval_monotone_dp
100000,2,250,route_key,256,60.0,100104.1987088466,652706,0.6603769537893017,0.6603769537893017,0.6603769537893017,431032,480,,1.5724661671556532,unit_interval_monotone_dp
