experiment_id,run_id,recorded_at,case_id,status,error_type,error_message,mode,backend,threads,agent_count,state_width,action_count,steps,repetition,wall_ms,device_ms,agent_steps_per_second,ns_per_agent_step,checksum,correctness_valid,correctness_action_match,correctness_max_abs_error,correctness_max_rel_error
smoke-local-crossover,20260811T150716Z,2026-08-11T15:07:16.875966+00:00,a3b412162330,ok,,,cpu,cpu,1,256,8,1,4,0,0.183893,,5568455.569271261,179.5830078125,-2.990262985229492,True,True,0.0,0.0
smoke-local-crossover,20260811T150716Z,2026-08-11T15:07:16.875966+00:00,a3b412162330,ok,,,cpu,cpu,1,256,8,1,4,1,0.189701,,5397968.381821919,185.2548828125,-2.9841151237487793,True,True,0.0,0.0
smoke-local-crossover,20260811T150716Z,2026-08-11T15:07:16.877845+00:00,ffc18b8b296c,ok,,,cpu,cpu,8,256,8,1,4,0,0.183778,,5571940.058113594,179.470703125,-2.990262985229492,True,True,0.0,0.0
smoke-local-crossover,20260811T150716Z,2026-08-11T15:07:16.877845+00:00,ffc18b8b296c,ok,,,cpu,cpu,8,256,8,1,4,1,0.195002,,5251228.192531358,190.431640625,-2.9841151237487793,True,True,0.0,0.0
smoke-local-crossover,20260811T150716Z,2026-08-11T15:07:16.882984+00:00,1d554df8139e,ok,,,eager-resident,cuda,,256,8,1,4,0,1.437521,0.5786880254745483,712337.4197663895,1403.8291015625,-2.9902639389038086,True,True,0.0,0.0
smoke-local-crossover,20260811T150716Z,2026-08-11T15:07:16.882984+00:00,1d554df8139e,ok,,,eager-resident,cuda,,256,8,1,4,1,0.630482,0.5954239964485168,1624154.2185185303,615.705078125,-2.984114646911621,True,True,0.0,0.0
smoke-local-crossover,20260811T150716Z,2026-08-11T15:07:16.897971+00:00,16b40bf9a8bc,ok,,,graph-resident,cuda,,256,8,1,4,0,0.117995,0.09577599912881851,8678333.827704564,115.2294921875,-2.9718589782714844,True,True,0.0,0.0
smoke-local-crossover,20260811T150716Z,2026-08-11T15:07:16.897971+00:00,16b40bf9a8bc,ok,,,graph-resident,cuda,,256,8,1,4,1,0.117512,0.09769599884748459,8714003.6762203,114.7578125,-2.9657506942749023,True,True,0.0,0.0
smoke-local-crossover,20260811T150716Z,2026-08-11T15:07:16.922811+00:00,b75ccae1c4eb,ok,,,eager-host-visible,cuda,,256,8,1,4,0,0.62952,0.5946239829063416,1626636.1672385312,614.765625,-2.9902639389038086,True,True,0.0,0.0
smoke-local-crossover,20260811T150716Z,2026-08-11T15:07:16.922811+00:00,b75ccae1c4eb,ok,,,eager-host-visible,cuda,,256,8,1,4,1,0.629073,0.6015040278434753,1627792.005061416,614.3291015625,-2.984114646911621,True,True,0.0,0.0
smoke-local-crossover,20260811T150716Z,2026-08-11T15:07:16.932851+00:00,c15da9d3e19f,ok,,,cpu,cpu,1,256,8,8,4,0,6.288696,,162831.8494008933,6141.3046875,-2.9882187843322754,True,True,0.0,0.0
smoke-local-crossover,20260811T150716Z,2026-08-11T15:07:16.932851+00:00,c15da9d3e19f,ok,,,cpu,cpu,1,256,8,8,4,1,0.208723,,4906023.773134729,203.8310546875,-2.980712890625,True,True,0.0,0.0
smoke-local-crossover,20260811T150716Z,2026-08-11T15:07:16.943640+00:00,8e9aff88ef57,ok,,,cpu,cpu,8,256,8,8,4,0,24.00028,,42666.16889469623,23437.7734375,-2.9882187843322754,True,True,0.0,0.0
smoke-local-crossover,20260811T150716Z,2026-08-11T15:07:16.943640+00:00,8e9aff88ef57,ok,,,cpu,cpu,8,256,8,8,4,1,0.207452,,4936081.599598943,202.58984375,-2.980712890625,True,True,0.0,0.0
smoke-local-crossover,20260811T150716Z,2026-08-11T15:07:16.982901+00:00,213d7fd8aad7,ok,,,eager-resident,cuda,,256,8,8,4,0,0.550146,0.5161280035972595,1861324.0848792864,537.251953125,-2.988217353820801,True,True,0.0,0.0
smoke-local-crossover,20260811T150716Z,2026-08-11T15:07:16.982901+00:00,213d7fd8aad7,ok,,,eager-resident,cuda,,256,8,8,4,1,0.550047,0.5218240022659302,1861659.094586463,537.1552734375,-2.980710983276367,True,True,0.0,0.0
smoke-local-crossover,20260811T150716Z,2026-08-11T15:07:16.985637+00:00,88768920c8ca,ok,,,graph-resident,cuda,,256,8,8,4,0,0.115376,0.09689600020647049,8875329.35792539,112.671875,-2.965742588043213,True,True,0.0,0.0
smoke-local-crossover,20260811T150716Z,2026-08-11T15:07:16.985637+00:00,88768920c8ca,ok,,,graph-resident,cuda,,256,8,8,4,1,0.117902,0.09830400347709656,8685179.216637546,115.138671875,-2.9582791328430176,True,True,0.0,0.0
smoke-local-crossover,20260811T150716Z,2026-08-11T15:07:16.989526+00:00,a14590fe5ede,ok,,,eager-host-visible,cuda,,256,8,8,4,0,0.625546,0.5979520082473755,1636969.9430577445,610.884765625,-2.988217353820801,True,True,0.0,0.0
smoke-local-crossover,20260811T150716Z,2026-08-11T15:07:16.989526+00:00,a14590fe5ede,ok,,,eager-host-visible,cuda,,256,8,8,4,1,0.625416,0.5984960198402405,1637310.206326669,610.7578125,-2.980710983276367,True,True,0.0,0.0
smoke-local-crossover,20260811T150716Z,2026-08-11T15:07:16.995135+00:00,74238daac005,ok,,,cpu,cpu,1,16384,8,1,4,0,1.304412,,50241794.77036397,19.90374755859375,-2.9930577278137207,True,True,0.0,0.0
smoke-local-crossover,20260811T150716Z,2026-08-11T15:07:16.995135+00:00,74238daac005,ok,,,cpu,cpu,1,16384,8,1,4,1,1.319597,,49663647.31050465,20.135452270507812,-2.9887681007385254,True,True,0.0,0.0
smoke-local-crossover,20260811T150716Z,2026-08-11T15:07:17.003928+00:00,8fcdc8a67172,ok,,,cpu,cpu,8,16384,8,1,4,0,0.594511,,110235134.42139842,9.071517944335938,-2.9930577278137207,True,True,0.0,0.0
smoke-local-crossover,20260811T150716Z,2026-08-11T15:07:17.003928+00:00,8fcdc8a67172,ok,,,cpu,cpu,8,16384,8,1,4,1,0.594282,,110277612.31200002,9.068023681640625,-2.9887681007385254,True,True,0.0,0.0
smoke-local-crossover,20260811T150716Z,2026-08-11T15:07:17.009380+00:00,755744b4ff43,ok,,,eager-resident,cuda,,16384,8,1,4,0,0.555157,0.5221120119094849,118049488.70319566,8.471023559570312,-2.9930553436279297,True,True,0.0,0.0
smoke-local-crossover,20260811T150716Z,2026-08-11T15:07:17.009380+00:00,755744b4ff43,ok,,,eager-resident,cuda,,16384,8,1,4,1,0.55065,0.5239999890327454,119015708.70789067,8.402252197265625,-2.988767623901367,True,True,0.0,0.0
smoke-local-crossover,20260811T150716Z,2026-08-11T15:07:17.015153+00:00,7802372d81c3,ok,,,graph-resident,cuda,,16384,8,1,4,0,0.330841,0.31193599104881287,198089112.29261184,5.0482330322265625,-2.9802122116088867,True,True,0.0,0.0
smoke-local-crossover,20260811T150716Z,2026-08-11T15:07:17.015153+00:00,7802372d81c3,ok,,,graph-resident,cuda,,16384,8,1,4,1,0.33301,0.31407999992370605,196798894.92808026,5.081329345703125,-2.9759483337402344,True,True,0.0,0.0
smoke-local-crossover,20260811T150716Z,2026-08-11T15:07:17.023032+00:00,90c15ca56965,ok,,,eager-host-visible,cuda,,16384,8,1,4,0,0.720032,0.6896640062332153,91018176.96991245,10.98681640625,-2.9930553436279297,True,True,0.0,0.0
smoke-local-crossover,20260811T150716Z,2026-08-11T15:07:17.023032+00:00,90c15ca56965,ok,,,eager-host-visible,cuda,,16384,8,1,4,1,0.705877,0.6791359782218933,92843370.7288947,10.770828247070312,-2.988767623901367,True,True,0.0,0.0
smoke-local-crossover,20260811T150716Z,2026-08-11T15:07:17.029048+00:00,15ead7059037,ok,,,cpu,cpu,1,16384,8,8,4,0,2.103404,,31157114.84812238,32.09539794921875,-2.990293025970459,True,True,0.0,0.0
smoke-local-crossover,20260811T150716Z,2026-08-11T15:07:17.029048+00:00,15ead7059037,ok,,,cpu,cpu,1,16384,8,8,4,1,2.120952,,30899331.998083882,32.3631591796875,-2.9839744567871094,True,True,0.0,0.0
smoke-local-crossover,20260811T150716Z,2026-08-11T15:07:17.040299+00:00,9ac6a979f5c5,ok,,,cpu,cpu,8,16384,8,8,4,0,0.686173,,95509441.49653222,10.470169067382812,-2.990293025970459,True,True,0.0,0.0
smoke-local-crossover,20260811T150716Z,2026-08-11T15:07:17.040299+00:00,9ac6a979f5c5,ok,,,cpu,cpu,8,16384,8,8,4,1,0.701616,,93407219.90376501,10.705810546875,-2.9839744567871094,True,True,0.0,0.0
smoke-local-crossover,20260811T150716Z,2026-08-11T15:07:17.046169+00:00,243f920535f9,ok,,,eager-resident,cuda,,16384,8,8,4,0,0.553386,0.52019202709198,118427282.22253545,8.444000244140625,-2.990290641784668,True,True,0.0,0.0
smoke-local-crossover,20260811T150716Z,2026-08-11T15:07:17.046169+00:00,243f920535f9,ok,,,eager-resident,cuda,,16384,8,8,4,1,0.55229,0.5247679948806763,118662296.98165819,8.427276611328125,-2.9839749336242676,True,True,0.0,0.0
smoke-local-crossover,20260811T150716Z,2026-08-11T15:07:17.051878+00:00,3ae24b216e0b,ok,,,graph-resident,cuda,,16384,8,8,4,0,0.33352,0.3149760067462921,196497961.14176065,5.089111328125,-2.9713830947875977,True,True,0.0,0.0
smoke-local-crossover,20260811T150716Z,2026-08-11T15:07:17.051878+00:00,3ae24b216e0b,ok,,,graph-resident,cuda,,16384,8,8,4,1,0.336449,0.3168320059776306,194787322.89291987,5.1338043212890625,-2.9651026725769043,True,True,0.0,0.0
smoke-local-crossover,20260811T150716Z,2026-08-11T15:07:17.060053+00:00,4caa561ecc5f,ok,,,eager-host-visible,cuda,,16384,8,8,4,0,0.712032,0.6789439916610718,92040807.15473461,10.86474609375,-2.990290641784668,True,True,0.0,0.0
smoke-local-crossover,20260811T150716Z,2026-08-11T15:07:17.060053+00:00,4caa561ecc5f,ok,,,eager-host-visible,cuda,,16384,8,8,4,1,0.706209,0.6791359782218933,92799723.59457329,10.775894165039062,-2.9839749336242676,True,True,0.0,0.0
